Index,Time,(Motor_DM_80[0]).Motor_DM_Status,((Motor_DM_80[2]).Rx_Data).Now_Omega,((Motor_DM_6220[0]).Rx_Data).Control_Status,((Motor_DM_6220[0]).Rx_Data).Now_Angle,((Motor_DM_6220[0]).Rx_Data).Now_Omega
0,0.000000,0,0.098903656,1,3.11973333,-0.362636566
1,0.001053,0,0.098903656,1,1.5408597,-0.164836884
2,0.002054,0,-0.120880127,1,3.11934996,-0.296703339
3,0.003050,0,-0.120880127,1,3.11934996,-0.296703339
4,0.004051,0,0.142860413,1,3.11819935,-0.428569794
5,0.005112,0,-0.0769233704,1,3.11896658,-0.274726868
6,0.006095,0,-0.0769233704,1,3.11896658,-0.186813354
7,0.007050,0,-0.0769233704,1,3.11858273,-0.120880127
8,0.008052,0,-0.274726868,1,3.11858273,-0.0988998413
9,0.009056,0,-0.274726868,1,3.11896658,-0.0549468994
10,0.010050,0,-0.0549468994,1,3.11858273,-0.0109901428
11,0.011055,0,-0.0549468994,1,3.11896658,0.0549468994
12,0.012057,0,-0.0329666138,1,3.11896658,0.0769271851
13,0.013054,0,-0.0329666138,1,1.54066753,-0.252746582
14,0.014056,0,0.318683624,1,3.11934996,0.142860413
15,0.015057,0,0.318683624,1,3.11896658,0.120880127
16,0.016051,0,0.120880127,1,3.11858273,-0.120880127
17,0.017059,0,0.120880127,1,3.11858273,-0.340660095
18,0.018056,0,-0.0109901428,1,3.11896658,-0.340660095
19,0.019051,0,-0.0109901428,1,3.11858273,-0.296703339
20,0.020056,0,0.0549468994,1,3.11781597,-0.252746582
21,0.021050,0,0.0549468994,1,3.11781597,-0.274726868
22,0.022055,0,-0.274726868,1,3.11781597,-0.274726868
23,0.023049,0,-0.274726868,1,3.11781597,-0.230770111
24,0.024054,0,-0.0329666138,1,3.11704874,-0.164836884
25,0.025051,0,-0.0329666138,1,3.11743259,-0.164836884
26,0.026056,0,-0.0549468994,1,3.11704874,-0.142856598
27,0.027050,0,-0.0549468994,1,3.11743259,-0.0988998413
28,0.028063,0,-0.0988998413,1,3.11666536,-0.0329666138
29,0.029051,0,-0.0988998413,1,3.11666536,-0.0329666138
30,0.030056,0,0.20879364,1,3.11704874,-0.0109901428
31,0.031050,0,0.20879364,1,3.11704874,0.0329704285
32,0.032052,0,-0.0329666138,1,3.11666536,0.0549468994
33,0.033189,0,-0.120880127,1,3.11666536,0.0549468994
34,0.034055,0,-0.120880127,1,3.11743259,0.0549468994
35,0.035103,0,-0.0988998413,1,3.11743259,0.098903656
36,0.036074,0,-0.0988998413,1,3.11704874,0.120880127
37,0.037190,0,0.142860413,1,3.11743259,0.142860413
38,0.038254,0,0.142860413,1,3.11743259,0.164836884
39,0.039086,0,0.142860413,1,3.11743259,0.164836884
40,0.040105,0,0.186817169,1,3.11743259,0.164836884
41,0.041055,0,0.186817169,1,3.11743259,0.164836884
42,0.042056,0,-0.0769233704,1,3.11781597,0.142860413
43,0.043052,0,-0.0769233704,1,3.11781597,0.142860413
44,0.044053,0,0.098903656,1,3.11743259,0.164836884
45,0.045053,0,0.098903656,1,3.11781597,0.142860413
46,0.046054,0,-0.0988998413,1,3.11781597,0.142860413
47,0.047050,0,-0.0988998413,1,3.11858273,0.142860413
48,0.048051,0,0.0329704285,1,3.11858273,0.164836884
49,0.049062,0,0.0329704285,1,3.11858273,0.164836884
50,0.050056,0,0.0109901428,1,3.11858273,0.164836884
51,0.051064,0,0.0109901428,1,3.11819935,0.142860413
52,0.052050,0,-0.0549468994,1,3.11819935,0.120880127
53,0.053054,0,-0.0549468994,1,3.11819935,0.098903656
54,0.054056,0,0.098903656,1,3.11858273,0.0769271851
55,0.055055,0,0.098903656,1,3.11858273,0.0769271851
56,0.056056,0,0.186817169,1,3.11858273,0.0769271851
57,0.057053,0,0.186817169,1,3.11896658,0.0549468994
58,0.058054,0,-0.0988998413,1,3.11858273,0.0769271851
59,0.059085,0,-0.0988998413,1,1.54114723,0.120880127
60,0.060057,0,-0.120880127,1,3.11858273,0.0549468994
61,0.061051,0,-0.120880127,1,3.11819935,-0.0109901428
62,0.062055,0,0.0109901428,1,3.11819935,-0.186813354
63,0.063056,0,0.0109901428,1,3.11896658,-0.0769233704
64,0.064052,0,-0.230770111,1,3.11819935,-0.0109901428
65,0.065056,0,-0.230770111,1,3.11781597,-0.0109901428
66,0.066053,0,0.164836884,1,3.11819935,-0.0549468994
67,0.067054,0,0.164836884,1,3.11858273,-0.0769233704
68,0.068050,0,0.318683624,1,3.11858273,-0.0329666138
69,0.069052,0,0.318683624,1,3.11858273,0.0109901428
70,0.070062,0,0.0769271851,1,3.11858273,0.0109901428
71,0.071055,0,0.0769271851,1,1.54114723,0.0329704285
72,0.072052,0,-0.120880127,1,3.11934996,0.0769271851
73,0.073053,0,-0.120880127,1,3.11896658,0.0549468994
74,0.074057,0,0.098903656,1,3.11819935,-0.186813354
75,0.075054,0,0.098903656,1,3.11858273,-0.428569794
76,0.076051,0,-0.0769233704,1,3.11858273,-0.47252655
77,0.077053,0,-0.0769233704,1,3.11781597,-0.406593323
78,0.078050,0,-0.120880127,1,3.11704874,-0.384616852
79,0.079052,0,-0.120880127,1,3.11743259,-0.406593323
80,0.080074,0,0.164836884,1,3.11781597,-0.362636566
81,0.081060,0,0.164836884,1,3.11666536,-0.31867981
82,0.082054,0,-0.120880127,1,3.11628199,-0.274726868
83,0.083051,0,-0.120880127,1,3.11628199,-0.274726868
84,0.084053,0,-0.0109901428,1,3.11666536,-0.252746582
85,0.085053,0,-0.0109901428,1,3.11628199,-0.208789825
86,0.086055,0,0.0769271851,1,3.11628199,-0.164836884
87,0.087053,0,0.0769271851,1,3.11599445,-0.142856598
88,0.088054,0,-0.296703339,1,3.11666536,-0.0988998413
89,0.089051,0,-0.296703339,1,3.11628199,-0.0329666138
90,0.090053,0,-0.0329666138,1,3.11628199,0.0109901428
91,0.091231,0,-0.0329666138,1,3.11628199,0.0329704285
92,0.092051,0,-0.0329666138,1,3.11666536,0.0549468994
93,0.093054,0,-0.0329666138,1,3.11666536,0.098903656
94,0.094051,0,0.186817169,1,3.11666536,0.120880127
95,0.095055,0,0.186817169,1,3.11666536,0.120880127
96,0.096053,0,-0.164836884,1,3.11666536,0.120880127
97,0.097054,0,-0.164836884,1,3.11704874,0.142860413
98,0.098052,0,0.098903656,1,3.11628199,0.164836884
99,0.099053,0,0.098903656,1,3.11666536,0.142860413
100,0.100051,0,0.0549468994,1,3.11704874,0.164836884
101,0.101053,0,0.0549468994,1,3.11743259,0.186817169
102,0.102062,0,-0.142856598,1,3.11743259,0.186817169
103,0.103056,0,-0.142856598,1,3.11704874,0.186817169
104,0.104054,0,-0.384616852,1,3.11743259,0.186817169
105,0.105051,0,-0.384616852,1,3.11743259,0.164836884
106,0.106054,0,0.186817169,1,3.11743259,0.142860413
107,0.107054,0,0.186817169,1,3.11743259,0.164836884
108,0.108050,0,0.362640381,1,3.11781597,0.142860413
109,0.109052,0,0.362640381,1,3.11781597,0.142860413
110,0.110056,0,-0.164836884,1,3.11781597,0.120880127
111,0.111061,0,-0.164836884,1,3.11781597,0.098903656
112,0.112069,0,-0.142856598,1,3.11781597,0.0769271851
113,0.113053,0,-0.142856598,1,3.11781597,0.0769271851
114,0.114054,0,0.0549468994,1,3.11781597,0.0549468994
115,0.115054,0,0.0549468994,1,3.11819935,0.0329704285
116,0.116055,0,0.142860413,1,3.11781597,0.0549468994
117,0.117052,0,0.142860413,1,1.54114723,-0.31867981
118,0.118053,0,-0.0109901428,1,3.11781597,0.0329704285
119,0.119057,0,-0.0109901428,1,3.11781597,-0.0109901428
120,0.120050,0,-0.0769233704,1,3.11743259,-0.186813354
121,0.121054,0,-0.0769233704,1,3.11858273,-0.0769233704
122,0.122055,0,-0.0769233704,1,3.11819935,-0.0109901428
123,0.123131,0,0.0769271851,1,3.11781597,0.0329704285
124,0.124051,0,0.0769271851,1,3.11781597,-0.0109901428
125,0.125055,0,0.0769271851,1,3.11819935,-0.0109901428
126,0.126052,0,0.274726868,1,3.11858273,0.0329704285
127,0.127053,0,0.274726868,1,3.11781597,0.0769271851
128,0.128057,0,0.120880127,1,3.11781597,0.0329704285
129,0.129050,0,0.120880127,1,1.54114723,-0.274726868
130,0.130054,0,-0.164836884,1,3.11858273,0.0329704285
131,0.131055,0,-0.164836884,1,3.11819935,0.0109901428
132,0.132052,0,0.098903656,1,3.11781597,-0.164836884
133,0.133053,0,0.098903656,1,3.11896658,-0.0329666138
134,0.134062,0,-0.164836884,1,3.11858273,0.0329704285
135,0.135051,0,-0.164836884,1,3.11819935,0.0769271851
136,0.136055,0,0.0329704285,1,3.11819935,0.0329704285
137,0.137056,0,0.0329704285,1,3.11896658,0.0109901428
138,0.138053,0,-0.0109901428,1,3.11896658,0.0549468994
139,0.139054,0,-0.0109901428,1,3.11858273,0.0769271851
140,0.140050,0,-0.0549468994,1,3.11858273,0.0549468994
141,0.141052,0,-0.0549468994,1,1.5408597,-0.296703339
142,0.142050,0,-0.120880127,1,3.11896658,0.0769271851
143,0.143051,0,-0.120880127,1,3.11858273,0.0329704285
144,0.144085,0,0.0329704285,1,3.11781597,-0.208789825
145,0.145054,0,0.0329704285,1,3.11896658,-0.120880127
146,0.146057,0,0.0109901428,1,3.11934996,-0.0549468994
147,0.147054,0,0.0109901428,1,3.11819935,0.0109901428
148,0.148056,0,0.0109901428,1,3.11819935,-0.0329666138
149,0.149053,0,0.0109901428,1,3.11858273,-0.0549468994
150,0.150055,0,-0.164836884,1,3.11896658,-0.0329666138
151,0.151054,0,-0.164836884,1,3.11858273,0.0329704285
152,0.152051,0,-0.0769233704,1,3.11819935,0.0109901428
153,0.153054,0,-0.0769233704,1,3.11934996,-0.0109901428
154,0.154051,0,0.120880127,1,3.11934996,0.0329704285
155,0.155057,0,0.120880127,1,3.11934996,0.0769271851
156,0.156054,0,0.230770111,1,3.11896658,0.098903656
157,0.157050,0,0.230770111,1,3.11934996,0.0769271851
158,0.158054,0,0.0109901428,1,3.11934996,0.0769271851
159,0.159056,0,0.0109901428,1,3.11896658,0.098903656
160,0.160054,0,0.164836884,1,3.11896658,0.0769271851
161,0.161055,0,0.164836884,1,3.11896658,0.0549468994
162,0.162065,0,-0.31867981,1,3.11934996,0.0549468994
163,0.163051,0,-0.31867981,1,3.11896658,0.0769271851
164,0.164056,0,-0.164836884,1,3.11934996,0.0549468994
165,0.165054,0,-0.164836884,1,3.11934996,0.0329704285
166,0.166058,0,0.186817169,1,3.11934996,0.0549468994
167,0.167052,0,0.186817169,1,3.11934996,0.0549468994
168,0.168049,0,0.120880127,1,3.11973333,0.0549468994
169,0.169051,0,0.120880127,1,3.11973333,0.0329704285
170,0.170056,0,0.142860413,1,3.11973333,0.0329704285
171,0.171057,0,0.142860413,1,3.11896658,0.0549468994
172,0.172053,0,0.0549468994,1,3.11973333,0.0329704285
173,0.173054,0,0.0549468994,1,3.11973333,0.0109901428
174,0.174050,0,0.0329704285,1,3.11934996,0.0109901428
175,0.175054,0,0.0329704285,1,3.11934996,0.0109901428
176,0.176085,0,-0.186813354,1,3.11896658,-0.0109901428
177,0.177051,0,-0.186813354,1,3.11934996,-0.0109901428
178,0.178052,0,0.0329704285,1,3.11934996,-0.0109901428
179,0.179056,0,0.0329704285,1,3.11934996,-0.0109901428
180,0.180050,0,-0.120880127,1,3.11973333,-0.0109901428
181,0.181054,0,-0.120880127,1,3.12011671,0.0329704285
182,0.182055,0,0.098903656,1,3.11973333,0.0549468994
183,0.183052,0,0.098903656,1,3.12011671,0.0549468994
184,0.184053,0,0.0329704285,1,3.11973333,0.0549468994
185,0.185052,0,0.0329704285,1,3.12011671,0.0329704285
186,0.186053,0,0.318683624,1,3.11973333,0.0549468994
187,0.187081,0,0.318683624,1,1.54105139,0.0329704285
188,0.188054,0,-0.0549468994,1,3.11973333,0.0329704285
189,0.189056,0,-0.0549468994,1,3.11934996,-0.0329666138
190,0.190052,0,-0.164836884,1,3.11896658,-0.230770111
191,0.191053,0,-0.164836884,1,3.11973333,-0.120880127
192,0.192050,0,-0.120880127,1,3.11973333,-0.0769233704
193,0.193051,0,-0.120880127,1,3.11934996,-0.0329666138
194,0.194055,0,0.098903656,1,3.11934996,-0.0329666138
195,0.195051,0,0.098903656,1,3.11973333,-0.0329666138
196,0.196055,0,0.098903656,1,3.12011671,0.0109901428
197,0.197057,0,0.098903656,1,3.11973333,0.0549468994
198,0.198060,0,-0.186813354,1,3.11934996,0.0329704285
199,0.199054,0,-0.186813354,1,1.54105139,-0.186813354
200,0.200050,0,-0.0329666138,1,3.11973333,0.0329704285
201,0.201051,0,-0.0329666138,1,3.11973333,0.0109901428
202,0.202055,0,0.120880127,1,3.11934996,-0.164836884
203,0.203056,0,0.120880127,1,3.12050056,-0.0329666138
204,0.204053,0,0.0769271851,1,3.12050056,0.0549468994
205,0.205049,0,0.0769271851,1,3.11973333,0.120880127
206,0.206054,0,-0.120880127,1,3.11973333,0.098903656
207,0.207056,0,-0.120880127,1,3.12050056,0.0549468994
208,0.208096,0,-0.120880127,1,3.12050056,0.098903656
209,0.209052,0,-0.120880127,1,3.11973333,0.120880127
210,0.210054,0,-0.0329666138,1,3.12011671,0.098903656
211,0.211051,0,-0.0329666138,1,3.12088394,0.0769271851
212,0.212053,0,-0.0109901428,1,3.12126732,0.098903656
213,0.213051,0,-0.0109901428,1,3.12050056,0.120880127
214,0.214052,0,0.142860413,1,3.12088394,0.098903656
215,0.215053,0,0.142860413,1,3.12088394,0.0769271851
216,0.216054,0,-0.0769233704,1,3.12126732,0.0769271851
217,0.217051,0,-0.0769233704,1,3.12088394,0.120880127
218,0.218053,0,-0.186813354,1,3.12126732,0.098903656
219,0.219065,0,-0.186813354,1,3.1216507,0.098903656
220,0.220053,0,0.0109901428,1,3.1216507,0.098903656
221,0.221115,0,-0.0988998413,1,3.12126732,0.120880127
222,0.222054,0,-0.0988998413,1,3.1216507,0.098903656
223,0.223056,0,-0.0988998413,1,3.1216507,0.098903656
224,0.224053,0,-0.0549468994,1,3.1216507,0.098903656
225,0.225050,0,-0.0549468994,1,3.12088394,0.0769271851
226,0.226055,0,0.0329704285,1,3.12126732,0.0329704285
227,0.227057,0,0.0329704285,1,3.1216507,0.0329704285
228,0.228054,0,0.0549468994,1,3.1216507,0.0329704285
229,0.229056,0,0.0549468994,1,3.12203455,0.0329704285
230,0.230082,0,-0.120880127,1,3.12203455,0.0549468994
231,0.231050,0,-0.120880127,1,3.12241793,0.0549468994
232,0.232052,0,0.0109901428,1,3.12203455,0.098903656
233,0.233057,0,0.0109901428,1,3.12241793,0.098903656
234,0.234219,0,0.0769271851,1,3.12203455,0.0769271851
235,0.235234,0,0.20879364,1,3.12241793,0.0329704285
236,0.236197,0,0.20879364,1,3.12203455,0.0329704285
237,0.237056,0,0.20879364,1,3.12203455,0.0109901428
238,0.238195,0,-0.0549468994,1,3.12203455,0.0109901428
239,0.239197,0,-0.0988998413,1,3.12241793,0.0109901428
240,0.240197,0,-0.0988998413,1,3.12241793,0.0109901428
241,0.241077,0,-0.0988998413,1,3.12203455,0.0329704285
242,0.242051,0,-0.120880127,1,3.12241793,0.0329704285
243,0.243052,0,-0.120880127,1,3.12241793,0.0109901428
244,0.244056,0,0.120880127,1,3.12203455,0.0109901428
245,0.245053,0,0.120880127,1,1.54124308,-0.340660095
246,0.246050,0,0.0549468994,1,3.12203455,-0.0109901428
247,0.247051,0,0.0549468994,1,3.12203455,-0.0769233704
248,0.248055,0,-0.0329666138,1,3.1216507,-0.230770111
249,0.249056,0,-0.0329666138,1,3.12241793,-0.120880127
250,0.250052,0,0.0329704285,1,3.12203455,-0.0549468994
251,0.251053,0,0.0329704285,1,3.1216507,-0.0109901428
252,0.252058,0,0.0769271851,1,3.1216507,-0.0549468994
253,0.253052,0,0.0769271851,1,3.12203455,-0.0329666138
254,0.254056,0,-0.0329666138,1,3.12241793,-0.0109901428
255,0.255053,0,-0.0329666138,1,3.12203455,0.0109901428
256,0.256057,0,-0.0109901428,1,3.12241793,0.0329704285
257,0.257050,0,-0.0109901428,1,1.54114723,-0.186813354
258,0.258054,0,0.20879364,1,3.1228013,0.0769271851
259,0.259055,0,0.20879364,1,3.12241793,0.0549468994
260,0.260052,0,-0.230770111,1,3.1216507,-0.186813354
261,0.261053,0,-0.230770111,1,3.12203455,-0.428569794
262,0.262238,0,0.098903656,1,3.12241793,-0.450550079
263,0.263052,0,0.098903656,1,3.12203455,-0.406593323
264,0.264053,0,0.164836884,1,3.12050056,-0.362636566
265,0.265052,0,0.164836884,1,3.12050056,-0.428569794
266,0.266053,0,0.186817169,1,3.12050056,-0.406593323
267,0.267049,0,0.186817169,1,3.12050056,-0.362636566
268,0.268050,0,-0.0988998413,1,3.12050056,-0.31867981
269,0.269055,0,-0.0988998413,1,1.54114723,0.0769271851
270,0.270056,0,-0.186813354,1,3.11973333,-0.252746582
271,0.271052,0,-0.186813354,1,3.11973333,-0.252746582
272,0.272054,0,-0.0549468994,1,3.11896658,-0.450550079
273,0.273063,0,-0.0549468994,1,3.11858273,-0.648349762
274,0.274050,0,0.0769271851,1,3.11934996,-0.648349762
275,0.275074,0,0.0769271851,1,3.11858273,-0.538459778
276,0.276063,0,-0.0329666138,1,3.11781597,-0.494506836
277,0.277050,0,-0.0329666138,1,3.11743259,-0.47252655
278,0.278055,0,0.120880127,1,3.11743259,-0.450550079
279,0.279049,0,0.120880127,1,3.11704874,-0.362636566
280,0.280054,0,-0.0988998413,1,3.11628199,-0.296703339
281,0.281056,0,-0.0988998413,1,3.11628199,-0.296703339
282,0.282053,0,-0.164836884,1,3.11666536,-0.274726868
283,0.283098,0,-0.164836884,1,3.11628199,-0.186813354
284,0.284050,0,-0.164836884,1,3.11599445,-0.120880127
285,0.285055,0,-0.164836884,1,3.11628199,-0.0988998413
286,0.286053,0,-0.0988998413,1,3.11628199,-0.0329666138
287,0.287054,0,-0.0988998413,1,3.11666536,0.0109901428
288,0.288052,0,-0.0109901428,1,3.11628199,0.098903656
289,0.289053,0,-0.0109901428,1,3.11628199,0.098903656
290,0.290050,0,0.0549468994,1,3.11704874,0.120880127
291,0.291052,0,0.0549468994,1,3.11666536,0.186817169
292,0.292050,0,0.0329704285,1,3.11628199,0.20879364
293,0.293052,0,0.0329704285,1,3.11666536,0.230770111
294,0.294059,0,-0.0988998413,1,3.11704874,0.20879364
295,0.295052,0,-0.0988998413,1,3.11666536,0.20879364
296,0.296054,0,0.0769271851,1,3.11666536,0.20879364
297,0.297051,0,0.0769271851,1,3.11666536,0.186817169
298,0.298053,0,-0.0109901428,1,3.11704874,0.164836884
299,0.299050,0,-0.0109901428,1,3.11704874,0.186817169
300,0.300052,0,-0.164836884,1,3.11704874,0.186817169
301,0.301049,0,-0.164836884,1,3.11743259,0.164836884
302,0.302050,0,0.0769271851,1,3.11743259,0.186817169
303,0.303054,0,0.0769271851,1,3.11743259,0.164836884
304,0.304079,0,-0.0329666138,1,3.11743259,0.186817169
305,0.305058,0,-0.0329666138,1,3.11781597,0.164836884
306,0.306051,0,-0.0329666138,1,3.11781597,0.164836884
307,0.307055,0,-0.0329666138,1,3.11819935,0.164836884
308,0.308057,0,0.0329704285,1,3.11781597,0.164836884
309,0.309053,0,0.0329704285,1,3.11781597,0.142860413
310,0.310055,0,-0.208789825,1,3.11819935,0.120880127
311,0.311051,0,-0.208789825,1,3.11819935,0.120880127
312,0.312052,0,0.120880127,1,3.11858273,0.120880127
313,0.313056,0,0.120880127,1,3.11819935,0.120880127
314,0.314049,0,-0.0109901428,1,3.11858273,0.120880127
315,0.315107,0,-0.0109901428,1,1.5408597,-0.164836884
316,0.316051,0,-0.0109901428,1,3.11858273,0.0769271851
317,0.317053,0,-0.0109901428,1,3.11819935,0.0109901428
318,0.318057,0,0.0109901428,1,3.11781597,-0.252746582
319,0.319050,0,0.0109901428,1,3.11858273,-0.142856598
320,0.320054,0,-0.0549468994,1,3.11819935,-0.0988998413
321,0.321055,0,-0.0549468994,1,3.11781597,-0.0769233704
322,0.322051,0,0.186817169,1,3.11781597,-0.0988998413
323,0.323052,0,0.186817169,1,3.11858273,-0.120880127
324,0.324056,0,0.0549468994,1,3.11858273,-0.0769233704
325,0.325053,0,0.0549468994,1,3.11819935,-0.0329666138
326,0.326112,0,-0.230770111,1,3.11819935,-0.0109901428
327,0.327065,0,-0.230770111,1,1.54114723,0.340660095
328,0.328051,0,0.230770111,1,3.11858273,0.0329704285
329,0.329055,0,0.230770111,1,3.11819935,0.0109901428
330,0.330056,0,-0.208789825,1,3.11781597,-0.142856598
331,0.331053,0,-0.208789825,1,3.11858273,-0.0109901428
332,0.332054,0,-0.186813354,1,3.11858273,0.0329704285
333,0.333051,0,-0.186813354,1,3.11819935,0.0769271851
334,0.334052,0,0.120880127,1,3.11781597,0.0549468994
335,0.335051,0,0.120880127,1,3.11896658,0.0109901428
336,0.336052,0,-0.0109901428,1,3.11896658,0.0769271851
337,0.337065,0,-0.0109901428,1,3.11896658,0.142860413
338,0.338052,0,0.296707153,1,3.11858273,0.120880127
339,0.339056,0,0.296707153,1,3.11896658,0.120880127
340,0.340051,0,-0.186813354,1,3.11934996,0.120880127
341,0.341056,0,-0.186813354,1,3.11934996,0.142860413
342,0.342050,0,-0.0988998413,1,3.11896658,0.142860413
343,0.343055,0,-0.0988998413,1,3.11934996,0.120880127
344,0.344049,0,0.0109901428,1,3.11934996,0.120880127
345,0.345049,0,0.0109901428,1,3.11934996,0.120880127
346,0.346051,0,-0.0549468994,1,3.11896658,0.120880127
347,0.347102,0,-0.0549468994,1,3.11934996,0.0769271851
348,0.348054,0,-0.142856598,1,3.11973333,0.0549468994
349,0.349057,0,-0.142856598,1,3.11934996,0.0769271851
350,0.350054,0,0.0769271851,1,3.11896658,0.0329704285
351,0.351056,0,0.0769271851,1,3.11973333,0.0109901428
352,0.352053,0,-0.164836884,1,3.11934996,0.0109901428
353,0.353055,0,-0.164836884,1,3.11934996,0.0329704285
354,0.354052,0,0.0769271851,1,3.11934996,0.0109901428
355,0.355057,0,0.0769271851,1,3.11934996,0.0329704285
356,0.356054,0,0.0329704285,1,3.11973333,0.0329704285
357,0.357056,0,0.0329704285,1,3.11973333,0.0329704285
358,0.358061,0,-0.164836884,1,3.11973333,0.0329704285
359,0.359050,0,-0.164836884,1,3.11934996,0.0329704285
360,0.360053,0,0.252750397,1,3.11973333,0.0109901428
361,0.361050,0,0.252750397,1,3.11973333,0.0109901428
362,0.362052,0,-0.142856598,1,3.11934996,0.0109901428
363,0.363056,0,-0.142856598,1,3.11973333,-0.0109901428
364,0.364051,0,-0.0109901428,1,3.11934996,-0.0109901428
365,0.365051,0,-0.0109901428,1,3.11973333,-0.0109901428
366,0.366053,0,-0.142856598,1,3.11973333,-0.0109901428
367,0.367050,0,-0.142856598,1,3.12011671,0.0109901428
368,0.368051,0,0.120880127,1,3.12011671,0.0329704285
369,0.369062,0,0.120880127,1,3.11973333,0.0549468994
370,0.370055,0,-0.142856598,1,3.11973333,0.0329704285
371,0.371052,0,-0.142856598,1,3.11973333,0.0329704285
372,0.372053,0,-0.0769233704,1,3.11973333,0.0329704285
373,0.373050,0,-0.0769233704,1,1.54076385,0.0769271851
374,0.374051,0,0.0329704285,1,3.12011671,0.0109901428
375,0.375050,0,0.0329704285,1,3.12011671,-0.0549468994
376,0.376051,0,0.0549468994,1,3.11896658,-0.31867981
377,0.377055,0,0.0549468994,1,3.11858273,-0.560440063
378,0.378056,0,0.120880127,1,3.11934996,-0.60439682
379,0.379087,0,0.120880127,1,3.11858273,-0.538459778
380,0.380058,0,-0.0109901428,1,3.11819935,-0.494506836
381,0.381052,0,-0.0109901428,1,3.11781597,-0.494506836
382,0.382056,0,-0.0769233704,1,3.11781597,-0.47252655
383,0.383049,0,-0.0769233704,1,3.11781597,-0.406593323
384,0.384053,0,-0.0109901428,1,3.11666536,-0.340660095
385,0.385050,0,-0.0109901428,1,1.54124308,-0.186813354
386,0.386054,0,-0.0549468994,1,3.11704874,-0.31867981
387,0.387055,0,-0.0549468994,1,3.11666536,-0.296703339
388,0.388051,0,-0.142856598,1,3.11599445,-0.406593323
389,0.389053,0,-0.142856598,1,3.11666536,-0.252746582
390,0.390060,0,0.252750397,1,3.11704874,-0.142856598
391,0.391056,0,0.252750397,1,3.11628199,-0.0549468994
392,0.392050,0,0.120880127,1,3.11628199,-0.0329666138
393,0.393054,0,0.120880127,1,3.11666536,-0.0109901428
394,0.394055,0,-0.208789825,1,3.11666536,0.0549468994
395,0.395055,0,-0.208789825,1,3.11666536,0.098903656
396,0.396056,0,-0.230770111,1,3.11628199,0.120880127
397,0.397052,0,-0.230770111,1,1.54066753,0.120880127
398,0.398054,0,-0.274726868,1,3.11743259,0.142860413
399,0.399050,0,-0.274726868,1,3.11666536,0.142860413
400,0.400051,0,0.0329704285,1,3.11628199,-0.0329666138
401,0.401212,0,0.20879364,1,3.11743259,0.0769271851
402,0.402054,0,0.20879364,1,3.11743259,0.142860413
403,0.403056,0,0.20879364,1,3.11666536,0.186817169
404,0.404053,0,-0.142856598,1,3.11628199,0.164836884
405,0.405051,0,-0.142856598,1,3.11743259,0.120880127
406,0.406056,0,0.0549468994,1,3.11781597,0.164836884
407,0.407050,0,0.0549468994,1,3.11743259,0.186817169
408,0.408054,0,-0.0769233704,1,3.11704874,0.186817169
409,0.409056,0,-0.0769233704,1,3.11819935,0.164836884
410,0.410054,0,-0.0988998413,1,3.11781597,0.20879364
411,0.411055,0,-0.0988998413,1,3.11781597,0.20879364
412,0.412060,0,-0.0549468994,1,3.11781597,0.186817169
413,0.413055,0,-0.0549468994,1,3.11819935,0.164836884
414,0.414052,0,-0.0988998413,1,3.11858273,0.164836884
415,0.415057,0,-0.0988998413,1,3.11858273,0.186817169
416,0.416054,0,-0.164836884,1,3.11858273,0.186817169
417,0.417056,0,-0.164836884,1,3.11896658,0.186817169
418,0.418053,0,0.0109901428,1,3.11896658,0.20879364
419,0.419055,0,0.0109901428,1,3.11934996,0.20879364
420,0.420052,0,-0.230770111,1,3.11896658,0.186817169
421,0.421054,0,-0.230770111,1,3.11934996,0.142860413
422,0.422083,0,0.164836884,1,3.11934996,0.142860413
423,0.423050,0,0.164836884,1,3.11934996,0.142860413
424,0.424052,0,-0.0769233704,1,3.11934996,0.120880127
425,0.425053,0,-0.0769233704,1,3.11934996,0.098903656
426,0.426054,0,0.274726868,1,3.11934996,0.0769271851
427,0.427051,0,0.274726868,1,3.11934996,0.0549468994
428,0.428053,0,-0.362636566,1,3.11934996,0.0329704285
429,0.429051,0,-0.362636566,1,3.11934996,0.0109901428
430,0.430053,0,0.0549468994,1,3.11973333,0.0109901428
431,0.431050,0,0.0549468994,1,3.11934996,0.0109901428
432,0.432052,0,-0.0988998413,1,3.11934996,-0.0109901428
433,0.433062,0,-0.0988998413,1,3.11934996,-0.0109901428
434,0.434056,0,0.0549468994,1,3.11934996,-0.0109901428
435,0.435052,0,0.0549468994,1,3.11973333,0.0109901428
436,0.436056,0,-0.120880127,1,3.11934996,0.0109901428
437,0.437050,0,-0.120880127,1,3.11934996,-0.0109901428
438,0.438054,0,-0.142856598,1,3.11934996,-0.0109901428
439,0.439057,0,-0.142856598,1,3.11934996,-0.0329666138
440,0.440051,0,0.0109901428,1,3.11934996,-0.0329666138
441,0.441055,0,0.0109901428,1,3.11896658,-0.0549468994
442,0.442057,0,0.0329704285,1,3.11896658,-0.0549468994
443,0.443053,0,0.0329704285,1,1.54105139,0.186817169
444,0.444213,0,-0.0769233704,1,3.11973333,-0.0329666138
445,0.445051,0,-0.0769233704,1,3.11934996,-0.0549468994
446,0.446052,0,0.0109901428,1,3.11896658,-0.208789825
447,0.447057,0,0.0109901428,1,3.11973333,-0.0769233704
448,0.448050,0,0.0109901428,1,3.11973333,-0.0109901428
449,0.449054,0,0.0109901428,1,3.11896658,0.0109901428
450,0.450055,0,0.0329704285,1,3.11934996,-0.0109901428
451,0.451051,0,0.0329704285,1,3.11973333,-0.0109901428
452,0.452052,0,-0.296703339,1,3.11973333,0.0329704285
453,0.453081,0,-0.296703339,1,3.11973333,0.0549468994
454,0.454083,0,0.0769271851,1,3.11934996,0.0329704285
455,0.455087,0,0.0769271851,1,1.54153061,0.0329704285
456,0.456079,0,0.142860413,1,3.11934996,0.0329704285
457,0.457076,0,0.142860413,1,3.11896658,-0.0109901428
458,0.458080,0,-0.120880127,1,3.11896658,-0.296703339
459,0.459077,0,-0.120880127,1,3.11896658,-0.494506836
460,0.460081,0,-0.0329666138,1,3.11934996,-0.516483307
461,0.461098,0,-0.0329666138,1,3.11858273,-0.450550079
462,0.462051,0,0.252750397,1,3.11781597,-0.428569794
463,0.463052,0,0.252750397,1,3.11781597,-0.428569794
464,0.464056,0,0.0329704285,1,3.11781597,-0.406593323
465,0.465053,0,0.0329704285,1,3.11743259,-0.362636566
466,0.466059,0,-0.186813354,1,3.11743259,-0.31867981
467,0.467053,0,-0.186813354,1,3.11666536,-0.274726868
468,0.468050,0,-0.120880127,1,3.11704874,-0.252746582
469,0.469052,0,-0.120880127,1,3.11743259,-0.186813354
470,0.470057,0,0.0109901428,1,3.11704874,-0.120880127
471,0.471051,0,0.0109901428,1,3.11704874,-0.0769233704
472,0.472056,0,-0.0549468994,1,3.11704874,-0.0549468994
473,0.473050,0,-0.0549468994,1,3.11743259,-0.0109901428
474,0.474055,0,0.0329704285,1,3.11704874,0.0329704285
475,0.475052,0,0.0329704285,1,3.11704874,0.0769271851
476,0.476085,0,-0.0329666138,1,3.11743259,0.0769271851
477,0.477053,0,-0.0329666138,1,3.11743259,0.120880127
478,0.478055,0,0.0109901428,1,3.11704874,0.142860413
479,0.479052,0,0.0109901428,1,3.11704874,0.142860413
480,0.480054,0,0.0109901428,1,3.11743259,0.142860413
481,0.481051,0,0.0109901428,1,3.11743259,0.164836884
482,0.482053,0,-0.164836884,1,3.11743259,0.164836884
483,0.483050,0,-0.164836884,1,3.11781597,0.142860413
484,0.484052,0,0.0109901428,1,3.11781597,0.164836884
485,0.485052,0,0.0109901428,1,3.11819935,0.164836884
486,0.486054,0,0.0109901428,1,3.11781597,0.186817169
487,0.487063,0,0.0109901428,1,3.11858273,0.164836884
488,0.488050,0,0.0329704285,1,3.11819935,0.164836884
489,0.489054,0,0.0329704285,1,3.11858273,0.164836884
490,0.490056,0,-0.186813354,1,3.11819935,0.164836884
491,0.491053,0,-0.186813354,1,3.11819935,0.142860413
492,0.492080,0,0.098903656,1,3.11858273,0.142860413
493,0.493059,0,0.098903656,1,3.11858273,0.098903656
494,0.494053,0,0.0109901428,1,3.11858273,0.098903656
495,0.495053,0,0.0109901428,1,3.11858273,0.0769271851
496,0.496055,0,0.098903656,1,3.11896658,0.098903656
497,0.497118,0,0.362640381,1,3.11858273,0.120880127
498,0.498056,0,0.362640381,1,3.11896658,0.098903656
499,0.499057,0,0.362640381,1,3.11896658,0.098903656
500,0.500053,0,-0.252746582,1,3.11896658,0.098903656
501,0.501054,0,-0.252746582,1,1.54105139,0.098903656
502,0.502050,0,0.0109901428,1,3.11934996,0.0769271851
503,0.503051,0,0.0109901428,1,3.11896658,0.0329704285
504,0.504055,0,0.164836884,1,3.11819935,-0.164836884
505,0.505052,0,0.164836884,1,3.11934996,-0.0549468994
506,0.506056,0,0.098903656,1,3.11896658,-0.0109901428
507,0.507057,0,0.098903656,1,3.11858273,0.0109901428
508,0.508074,0,-0.0988998413,1,3.11819935,-0.0329666138
509,0.509055,0,-0.0988998413,1,3.11896658,-0.0549468994
510,0.510049,0,-0.208789825,1,3.11896658,-0.0329666138
511,0.511053,0,-0.208789825,1,3.11896658,-0.0329666138
512,0.512054,0,-0.0549468994,1,3.11858273,-0.0329666138
513,0.513051,0,-0.0549468994,1,1.5408597,-0.0988998413
514,0.514052,0,0.0329704285,1,3.11896658,0.0109901428
515,0.515051,0,0.0329704285,1,3.11896658,-0.0329666138
516,0.516052,0,0.164836884,1,3.11858273,-0.252746582
517,0.517057,0,0.164836884,1,3.11896658,-0.142856598
518,0.518050,0,-0.0109901428,1,3.11934996,-0.0769233704
519,0.519063,0,-0.0109901428,1,3.11858273,-0.0109901428
520,0.520049,0,0.318683624,1,3.11819935,-0.0329666138
521,0.521054,0,0.318683624,1,3.11896658,-0.0549468994
522,0.522055,0,-0.208789825,1,3.11934996,-0.0109901428
523,0.523051,0,-0.208789825,1,3.11858273,0.0329704285
524,0.524052,0,-0.142856598,1,3.11858273,0.0329704285
525,0.525052,0,-0.142856598,1,1.54114723,-0.340660095
526,0.526053,0,-0.0109901428,1,3.11934996,0.0549468994
527,0.527049,0,-0.0109901428,1,3.11896658,0.0329704285
528,0.528050,0,0.20879364,1,3.11858273,-0.208789825
529,0.529082,0,0.20879364,1,3.11819935,-0.428569794
530,0.530050,0,-0.0549468994,1,3.11819935,-0.47252655
531,0.531052,0,-0.0549468994,1,3.11819935,-0.406593323
532,0.532056,0,0.0329704285,1,3.11743259,-0.384616852
533,0.533050,0,0.0329704285,1,3.11704874,-0.406593323
534,0.534054,0,0.120880127,1,3.11743259,-0.384616852
535,0.535051,0,0.120880127,1,3.11704874,-0.31867981
536,0.536056,0,-0.142856598,1,3.11666536,-0.274726868
537,0.537050,0,-0.142856598,1,3.11628199,-0.252746582
538,0.538055,0,0.0109901428,1,3.11704874,-0.252746582
539,0.539049,0,0.0109901428,1,3.11666536,-0.164836884
540,0.540061,0,0.0549468994,1,3.11628199,-0.120880127
541,0.541056,0,0.0549468994,1,3.11628199,-0.0988998413
542,0.542053,0,-0.164836884,1,3.11666536,-0.0769233704
543,0.543130,0,0.0329704285,1,3.11666536,-0.0109901428
544,0.544050,0,0.0329704285,1,3.11628199,0.0329704285
545,0.545055,0,0.0329704285,1,3.11599445,0.0329704285
546,0.546052,0,-0.0109901428,1,3.11666536,0.0549468994
547,0.547054,0,-0.0109901428,1,3.11666536,0.098903656
548,0.548051,0,0.186817169,1,3.11628199,0.098903656
549,0.549054,0,0.186817169,1,3.11666536,0.120880127
550,0.550116,0,-0.186813354,1,3.11704874,0.164836884
551,0.551054,0,-0.186813354,1,3.11743259,0.186817169
552,0.552056,0,-0.0988998413,1,3.11743259,0.20879364
553,0.553053,0,-0.0988998413,1,3.11743259,0.20879364
554,0.554055,0,-0.208789825,1,3.11743259,0.186817169
555,0.555055,0,-0.208789825,1,3.11743259,0.186817169
556,0.556049,0,0.362640381,1,3.11743259,0.186817169
557,0.557055,0,0.362640381,1,3.11743259,0.186817169
558,0.558057,0,-0.0769233704,1,3.11819935,0.164836884
559,0.559054,0,-0.0769233704,1,3.11781597,0.186817169
560,0.560056,0,-0.164836884,1,3.11781597,0.164836884
561,0.561080,0,-0.164836884,1,3.11819935,0.142860413
562,0.562055,0,-0.0109901428,1,3.11781597,0.142860413
563,0.563049,0,-0.0109901428,1,3.11819935,0.120880127
564,0.564054,0,0.0769271851,1,3.11781597,0.098903656
565,0.565050,0,0.0769271851,1,3.11781597,0.098903656
566,0.566053,0,0.0549468994,1,3.11858273,0.0769271851
567,0.567054,0,0.0549468994,1,3.11819935,0.0769271851
568,0.568050,0,-0.0109901428,1,3.11819935,0.0769271851
569,0.569051,0,-0.0109901428,1,3.11819935,0.0549468994
570,0.570055,0,0.0329704285,1,3.11819935,0.0549468994
571,0.571056,0,0.0329704285,1,1.54153061,0.0549468994
572,0.572059,0,0.0549468994,1,3.11819935,0.0329704285
573,0.573053,0,0.0549468994,1,3.11781597,-0.0109901428
574,0.574049,0,-0.186813354,1,3.11781597,-0.208789825
575,0.575053,0,-0.186813354,1,3.11858273,-0.0769233704
576,0.576050,0,-0.0109901428,1,3.11858273,-0.0329666138
577,0.577051,0,-0.0109901428,1,3.11781597,0.0109901428
578,0.578055,0,-0.31867981,1,3.11781597,-0.0109901428
579,0.579056,0,-0.31867981,1,3.11819935,-0.0109901428
580,0.580053,0,-0.186813354,1,3.11858273,0.0109901428
581,0.581054,0,-0.186813354,1,3.11858273,0.0549468994
582,0.582075,0,-0.186813354,1,3.11819935,0.0549468994
583,0.583058,0,-0.186813354,1,1.54124308,0.0549468994
584,0.584052,0,-0.0769233704,1,3.11858273,0.0769271851
585,0.585051,0,-0.0769233704,1,3.11858273,0.0109901428
586,0.586052,0,0.0769271851,1,3.11781597,-0.208789825
587,0.587056,0,0.0769271851,1,3.11896658,-0.142856598
588,0.588049,0,0.0549468994,1,3.11896658,-0.0549468994
589,0.589054,0,0.0549468994,1,3.11819935,-0.0109901428
590,0.590055,0,0.0549468994,1,3.11819935,-0.0549468994
591,0.591051,0,0.0549468994,1,3.11858273,-0.0769233704
592,0.592052,0,-0.296703339,1,3.11896658,-0.0329666138
593,0.593090,0,-0.296703339,1,3.11858273,0.0329704285
594,0.594054,0,0.164836884,1,3.11781597,0.0329704285
595,0.595051,0,0.164836884,1,3.11858273,0.0109901428
596,0.596055,0,-0.164836884,1,3.11896658,0.0549468994
597,0.597057,0,-0.164836884,1,3.11858273,0.0769271851
598,0.598053,0,0.0109901428,1,3.11819935,0.0549468994
599,0.599054,0,0.0109901428,1,3.11858273,0.0329704285
600,0.600051,0,-0.164836884,1,3.11896658,0.0549468994
601,0.601053,0,-0.164836884,1,3.11858273,0.0549468994
602,0.602050,0,0.0549468994,1,3.11858273,0.0549468994
603,0.603052,0,0.0549468994,1,3.11896658,0.0549468994
604,0.604087,0,-0.120880127,1,3.11934996,0.0769271851
605,0.605052,0,-0.120880127,1,3.11896658,0.098903656
606,0.606054,0,0.340660095,1,3.11858273,0.0769271851
607,0.607051,0,0.340660095,1,3.11934996,0.0769271851
608,0.608053,0,0.142860413,1,3.11934996,0.0769271851
609,0.609050,0,0.142860413,1,3.11896658,0.0769271851
610,0.610052,0,-0.0549468994,1,3.11896658,0.0769271851
611,0.611056,0,-0.0549468994,1,3.11934996,0.0549468994
612,0.612051,0,0.0329704285,1,3.11934996,0.0549468994
613,0.613056,0,0.0329704285,1,3.11934996,0.0549468994
614,0.614050,0,-0.186813354,1,3.11896658,0.0329704285
615,0.615085,0,-0.186813354,1,3.11934996,0.0109901428
616,0.616055,0,0.098903656,1,3.11896658,0.0109901428
617,0.617050,0,0.098903656,1,3.11934996,-0.0109901428
618,0.618055,0,-0.230770111,1,3.11896658,-0.0109901428
619,0.619056,0,-0.230770111,1,3.11934996,-0.0109901428
620,0.620054,0,0.164836884,1,3.11934996,0.0109901428
621,0.621056,0,0.164836884,1,3.11934996,0.0109901428
622,0.622053,0,-0.164836884,1,3.11934996,0.0109901428
623,0.623055,0,-0.164836884,1,3.11973333,0.0109901428
624,0.624052,0,-0.0109901428,1,3.11896658,0.0109901428
625,0.625049,0,-0.0109901428,1,3.11934996,-0.0109901428
626,0.626082,0,-0.120880127,1,3.11934996,-0.0109901428
627,0.627056,0,-0.120880127,1,3.11934996,-0.0109901428
628,0.628050,0,0.120880127,1,3.11934996,-0.0109901428
629,0.629056,0,0.120880127,1,1.54105139,-0.0988998413
630,0.630056,0,-0.0549468994,1,3.11973333,0.0329704285
631,0.631051,0,-0.0549468994,1,3.11934996,-0.0109901428
632,0.632052,0,0.098903656,1,3.11896658,-0.164836884
633,0.633056,0,0.098903656,1,3.11973333,-0.0329666138
634,0.634050,0,0.0109901428,1,3.11973333,0.0109901428
635,0.635057,0,0.0109901428,1,3.11896658,0.0329704285
636,0.636050,0,0.120880127,1,3.11896658,-0.0109901428
637,0.637220,0,0.164836884,1,3.11934996,-0.0109901428
638,0.638054,0,0.164836884,1,3.11973333,0.0109901428
639,0.639056,0,0.164836884,1,3.11896658,0.0329704285
640,0.640052,0,-0.164836884,1,3.11934996,0.0109901428
641,0.641053,0,-0.164836884,1,1.54105139,0.164836884
642,0.642050,0,-0.406593323,1,3.11973333,0.0329704285
643,0.643051,0,-0.406593323,1,3.11934996,0.0109901428
644,0.644055,0,-0.0988998413,1,3.11896658,-0.142856598
645,0.645052,0,-0.0988998413,1,3.12011671,-0.0329666138
646,0.646056,0,-0.164836884,1,3.12011671,0.0329704285
647,0.647057,0,-0.164836884,1,3.11934996,0.0769271851
648,0.648059,0,-0.0769233704,1,3.11934996,0.0329704285
649,0.649053,0,-0.0769233704,1,3.12011671,0.0109901428
650,0.650057,0,0.186817169,1,3.12011671,0.0549468994
651,0.651050,0,0.186817169,1,3.11934996,0.098903656
652,0.652054,0,0.142860413,1,3.11934996,0.0549468994
653,0.653056,0,0.142860413,1,1.54124308,0.0109901428
654,0.654052,0,0.0329704285,1,3.12011671,0.0329704285
655,0.655056,0,0.0329704285,1,3.12011671,0.0109901428
656,0.656058,0,0.0109901428,1,3.11934996,-0.142856598
657,0.657051,0,0.0109901428,1,3.12050056,-0.0109901428
658,0.658055,0,-0.0329666138,1,3.12050056,0.0769271851
659,0.659059,0,-0.0329666138,1,3.12011671,0.120880127
660,0.660053,0,-0.120880127,1,3.11973333,0.098903656
661,0.661050,0,-0.120880127,1,3.12050056,0.0549468994
662,0.662051,0,0.186817169,1,3.12088394,0.098903656
663,0.663055,0,0.186817169,1,3.12050056,0.142860413
664,0.664056,0,0.20879364,1,3.12050056,0.098903656
665,0.665057,0,0.20879364,1,3.12050056,0.0769271851
666,0.666051,0,-0.208789825,1,3.12088394,0.098903656
667,0.667056,0,-0.208789825,1,3.12088394,0.098903656
668,0.668050,0,0.318683624,1,3.12050056,0.098903656
669,0.669079,0,0.318683624,1,3.12088394,0.0549468994
670,0.670061,0,-0.0988998413,1,3.12126732,0.0549468994
671,0.671055,0,-0.0988998413,1,3.12126732,0.0769271851
672,0.672078,0,-0.164836884,1,3.12050056,0.0769271851
673,0.673237,0,0.0769271851,1,3.1216507,0.0549468994
674,0.674057,0,0.0769271851,1,3.1216507,0.0769271851
675,0.675076,0,0.0769271851,1,3.12126732,0.120880127
676,0.676127,0,-0.252746582,1,3.12126732,0.098903656
677,0.677078,0,-0.252746582,1,3.12126732,0.0769271851
678,0.678078,0,-0.0988998413,1,3.1216507,0.0769271851
679,0.679054,0,-0.0988998413,1,3.12126732,0.0769271851
680,0.680124,0,-0.120880127,1,3.1216507,0.0549468994
681,0.681056,0,-0.120880127,1,3.1216507,0.0549468994
682,0.682051,0,0.0329704285,1,3.12203455,0.0549468994
683,0.683056,0,0.0329704285,1,3.12203455,0.0769271851
684,0.684050,0,-0.252746582,1,3.12203455,0.0549468994
685,0.685050,0,-0.252746582,1,3.1216507,0.0769271851
686,0.686052,0,-0.208789825,1,3.12241793,0.0329704285
687,0.687049,0,-0.208789825,1,3.12203455,0.0769271851
688,0.688051,0,0.274726868,1,3.12241793,0.0769271851
689,0.689056,0,0.274726868,1,3.12241793,0.0769271851
690,0.690050,0,-0.384616852,1,3.1228013,0.098903656
691,0.691088,0,-0.384616852,1,3.12241793,0.0769271851
692,0.692051,0,0.20879364,1,3.12241793,0.0769271851
693,0.693054,0,0.20879364,1,3.12241793,0.0329704285
694,0.694051,0,0.0549468994,1,3.12241793,0.0109901428
695,0.695055,0,0.0549468994,1,3.12241793,-0.0109901428
696,0.696051,0,0.0549468994,1,3.12203455,-0.0109901428
697,0.697051,0,0.0549468994,1,3.12241793,-0.0329666138
698,0.698055,0,0.0769271851,1,3.12241793,-0.0329666138
699,0.699056,0,0.0769271851,1,1.54105139,-0.0988998413
700,0.700053,0,-0.252746582,1,3.12241793,-0.0329666138
701,0.701054,0,-0.252746582,1,3.12241793,-0.0769233704
702,0.702142,0,-0.120880127,1,3.1216507,-0.230770111
703,0.703053,0,-0.120880127,1,3.1228013,-0.0988998413
704,0.704055,0,0.340660095,1,3.12241793,-0.0329666138
705,0.705054,0,0.340660095,1,3.12203455,-0.0109901428
706,0.706055,0,-0.142856598,1,3.1216507,-0.0329666138
707,0.707052,0,-0.142856598,1,3.12241793,-0.0329666138
708,0.708063,0,0.0329704285,1,3.12241793,0.0109901428
709,0.709050,0,0.0329704285,1,3.1228013,0.0549468994
710,0.710054,0,-0.362636566,1,3.12241793,0.0549468994
711,0.711055,0,-0.362636566,1,1.54095554,0.0549468994
712,0.712051,0,-0.274726868,1,3.1228013,0.0769271851
713,0.713060,0,-0.274726868,1,3.12241793,0.0549468994
714,0.714054,0,0.0109901428,1,3.1216507,-0.208789825
715,0.715054,0,0.0109901428,1,3.1216507,-0.450550079
716,0.716055,0,-0.164836884,1,3.12241793,-0.494506836
717,0.717051,0,-0.164836884,1,3.12203455,-0.428569794
718,0.718052,0,0.0769271851,1,3.12088394,-0.384616852
719,0.719056,0,0.0769271851,1,3.12126732,-0.406593323
720,0.720050,0,0.318683624,1,3.12088394,-0.384616852
721,0.721054,0,0.318683624,1,3.12050056,-0.31867981
722,0.722055,0,-0.31867981,1,3.11973333,-0.296703339
723,0.723089,0,-0.31867981,1,3.12011671,-0.31867981
724,0.724053,0,0.0329704285,1,3.12011671,-0.274726868
725,0.725050,0,0.0329704285,1,3.12050056,-0.208789825
726,0.726055,0,-0.0769233704,1,3.12011671,-0.142856598
727,0.727056,0,-0.0769233704,1,3.12011671,-0.120880127
728,0.728052,0,-0.406593323,1,3.12050056,-0.0769233704
729,0.729053,0,-0.406593323,1,3.12011671,-0.0109901428
730,0.730050,0,0.142860413,1,3.12011671,0.0549468994
731,0.731051,0,0.142860413,1,3.12011671,0.0549468994
732,0.732056,0,0.252750397,1,3.12050056,0.0549468994
733,0.733051,0,0.252750397,1,3.12050056,0.0769271851
734,0.734071,0,-0.186813354,1,3.12011671,0.120880127
735,0.735056,0,-0.186813354,1,3.12050056,0.120880127
736,0.736051,0,-0.208789825,1,3.12088394,0.142860413
737,0.737056,0,-0.208789825,1,3.12088394,0.164836884
738,0.738050,0,0.252750397,1,3.12088394,0.164836884
739,0.739054,0,0.252750397,1,3.12088394,0.164836884
740,0.740056,0,-0.0329666138,1,3.12126732,0.164836884
741,0.741054,0,-0.0329666138,1,3.12126732,0.20879364
742,0.742056,0,-0.0988998413,1,3.12126732,0.20879364
743,0.743053,0,-0.0988998413,1,3.1216507,0.186817169
744,0.744055,0,-0.142856598,1,3.12126732,0.186817169
745,0.745062,0,-0.142856598,1,3.12126732,0.164836884
746,0.746056,0,0.0329704285,1,3.12126732,0.164836884
747,0.747054,0,0.0329704285,1,3.12126732,0.164836884
748,0.748055,0,0.186817169,1,3.1216507,0.142860413
749,0.749053,0,0.186817169,1,3.1216507,0.142860413
750,0.750055,0,-0.186813354,1,3.12203455,0.120880127
751,0.751052,0,-0.186813354,1,3.12203455,0.120880127
752,0.752054,0,0.252750397,1,3.12203455,0.120880127
753,0.753051,0,0.252750397,1,3.12203455,0.120880127
754,0.754053,0,-0.230770111,1,3.12203455,0.098903656
755,0.755072,0,-0.230770111,1,3.12203455,0.0549468994
756,0.756052,0,0.142860413,1,3.12203455,0.0549468994
757,0.757054,0,0.142860413,1,1.54124308,-0.31867981
758,0.758052,0,0.0769271851,1,3.1216507,-0.0109901428
759,0.759062,0,0.0769271851,1,3.12203455,-0.0769233704
760,0.760057,0,-0.142856598,1,3.12126732,-0.230770111
761,0.761052,0,-0.142856598,1,3.12203455,-0.120880127
762,0.762053,0,0.0549468994,1,3.12241793,-0.0329666138
763,0.763056,0,0.0549468994,1,3.1216507,0.0329704285
764,0.764050,0,0.186817169,1,3.1216507,0.0109901428
765,0.765049,0,0.186817169,1,3.12241793,-0.0109901428
766,0.766128,0,0.0329704285,1,3.12203455,0.0329704285
767,0.767055,0,0.0329704285,1,3.12203455,0.0549468994
768,0.768057,0,-0.0549468994,1,3.12241793,0.0329704285
769,0.769053,0,-0.0549468994,1,1.5408597,0.164836884
770,0.770054,0,0.0329704285,1,3.1228013,0.0769271851
771,0.771050,0,0.0329704285,1,3.12241793,0.0549468994
772,0.772051,0,-0.0769233704,1,3.12203455,-0.120880127
773,0.773056,0,-0.0769233704,1,3.12241793,-0.0109901428
774,0.774049,0,-0.164836884,1,3.1228013,0.0549468994
775,0.775056,0,-0.164836884,1,3.1216507,0.0769271851
776,0.776050,0,0.20879364,1,3.12203455,0.0109901428
777,0.777063,0,0.20879364,1,3.1228013,-0.0109901428
778,0.778057,0,0.0549468994,1,3.1228013,0.0109901428
779,0.779053,0,0.0549468994,1,3.1228013,0.0549468994
780,0.780054,0,0.0329704285,1,3.12241793,0.0329704285
781,0.781051,0,0.0329704285,1,1.54114723,-0.31867981
782,0.782052,0,0.0549468994,1,3.12347269,0.0549468994
783,0.783056,0,0.0549468994,1,3.12241793,0.0549468994
784,0.784050,0,0.0329704285,1,3.1216507,-0.230770111
785,0.785057,0,0.0329704285,1,3.12203455,-0.494506836
786,0.786050,0,-0.164836884,1,3.12241793,-0.516483307
787,0.787109,0,-0.164836884,1,3.12203455,-0.450550079
788,0.788053,0,0.186817169,1,3.12088394,-0.406593323
789,0.789055,0,0.186817169,1,3.12050056,-0.428569794
790,0.790051,0,0.0329704285,1,3.12088394,-0.428569794
791,0.791052,0,0.0329704285,1,3.12050056,-0.384616852
792,0.792056,0,0.098903656,1,3.12011671,-0.340660095
793,0.793049,0,0.098903656,1,3.12011671,-0.296703339
794,0.794054,0,0.0109901428,1,3.12050056,-0.252746582
795,0.795050,0,0.0109901428,1,3.12050056,-0.164836884
796,0.796055,0,0.0769271851,1,3.11973333,-0.0988998413
797,0.797049,0,0.0769271851,1,3.11973333,-0.0988998413
798,0.798226,0,0.098903656,1,3.12050056,-0.0769233704
799,0.799053,0,0.098903656,1,3.12011671,-0.0109901428
800,0.800055,0,-0.296703339,1,3.12011671,0.0109901428
801,0.801052,0,-0.296703339,1,3.12011671,0.0329704285
802,0.802054,0,0.0769271851,1,3.12011671,0.0769271851
803,0.803051,0,0.0769271851,1,3.12011671,0.0769271851
804,0.804053,0,0.164836884,1,3.12011671,0.098903656
805,0.805054,0,0.164836884,1,3.12050056,0.098903656
806,0.806056,0,-0.208789825,1,3.12050056,0.120880127
807,0.807053,0,-0.208789825,1,3.12011671,0.142860413
808,0.808055,0,-0.0329666138,1,3.12011671,0.142860413
809,0.809062,0,-0.0329666138,1,3.12050056,0.142860413
810,0.810057,0,-0.0329666138,1,3.12050056,0.142860413
811,0.811054,0,-0.0329666138,1,3.12088394,0.142860413
812,0.812056,0,0.0109901428,1,3.12088394,0.164836884
813,0.813053,0,0.0109901428,1,3.12088394,0.164836884
814,0.814055,0,0.186817169,1,3.12088394,0.142860413
815,0.815055,0,0.186817169,1,3.12126732,0.164836884
816,0.816050,0,0.0549468994,1,3.12126732,0.186817169
817,0.817054,0,0.0549468994,1,3.12126732,0.186817169
818,0.818056,0,0.0769271851,1,3.1216507,0.164836884
819,0.819116,0,0.0329704285,1,3.1216507,0.164836884
820,0.820059,0,0.0329704285,1,3.1216507,0.142860413
821,0.821054,0,0.0329704285,1,3.12203455,0.142860413
822,0.822051,0,-0.186813354,1,3.12203455,0.142860413
823,0.823052,0,-0.186813354,1,3.1216507,0.120880127
824,0.824050,0,0.0549468994,1,3.1216507,0.098903656
825,0.825054,0,0.0549468994,1,3.1216507,0.0769271851
826,0.826051,0,-0.0329666138,1,3.1216507,0.0329704285
827,0.827051,0,-0.0329666138,1,1.54124308,-0.0329666138
828,0.828054,0,0.20879364,1,3.12126732,0.0329704285
829,0.829056,0,0.20879364,1,3.12126732,-0.0549468994
830,0.830077,0,-0.0769233704,1,3.12088394,-0.31867981
831,0.831064,0,-0.0769233704,1,3.1216507,-0.208789825
832,0.832050,0,-0.31867981,1,3.12203455,-0.164836884
833,0.833054,0,-0.31867981,1,3.12088394,-0.0988998413
834,0.834055,0,0.0549468994,1,3.12088394,-0.120880127
835,0.835055,0,0.0549468994,1,3.1216507,-0.120880127
836,0.836056,0,0.142860413,1,3.1216507,-0.0549468994
837,0.837052,0,0.142860413,1,3.12126732,-0.0329666138
838,0.838054,0,-0.142856598,1,3.12126732,-0.0329666138
839,0.839050,0,-0.142856598,1,1.54076385,-0.0988998413
840,0.840051,0,0.0329704285,1,3.1216507,0.0109901428
841,0.841055,0,0.0329704285,1,3.12126732,-0.0109901428
842,0.842058,0,0.0769271851,1,3.12088394,-0.186813354
843,0.843052,0,0.0769271851,1,3.1216507,-0.0549468994
844,0.844056,0,0.0549468994,1,3.12203455,0.0329704285
845,0.845053,0,0.0549468994,1,3.12088394,0.0769271851
846,0.846057,0,0.164836884,1,3.12126732,0.0769271851
847,0.847050,0,0.164836884,1,3.12203455,0.0769271851
848,0.848054,0,-0.0549468994,1,3.12241793,0.098903656
849,0.849055,0,-0.0549468994,1,3.12203455,0.164836884
850,0.850052,0,0.142860413,1,3.1216507,0.142860413
851,0.851053,0,0.142860413,1,3.12241793,0.120880127
852,0.852081,0,-0.0109901428,1,3.12241793,0.120880127
853,0.853116,0,-0.0109901428,1,3.12203455,0.142860413
854,0.854051,0,0.0769271851,1,3.12203455,0.120880127
855,0.855055,0,0.0769271851,1,3.12241793,0.0769271851
856,0.856052,0,-0.142856598,1,3.12241793,0.0769271851
857,0.857053,0,-0.142856598,1,3.12241793,0.098903656
858,0.858057,0,-0.0109901428,1,3.12203455,0.0769271851
859,0.859050,0,-0.0109901428,1,3.12241793,0.0549468994
860,0.860054,0,-0.0549468994,1,3.12241793,0.0549468994
861,0.861056,0,-0.0549468994,1,3.12241793,0.0549468994
862,0.862053,0,0.142860413,1,3.12241793,0.0549468994
863,0.863055,0,0.142860413,1,3.1228013,0.0329704285
864,0.864063,0,0.0769271851,1,3.1228013,0.0329704285
865,0.865053,0,0.0769271851,1,3.12241793,0.0549468994
866,0.866050,0,0.0329704285,1,3.12241793,0.0329704285
867,0.867052,0,0.0329704285,1,3.1228013,0.0329704285
868,0.868057,0,0.164836884,1,3.1228013,0.0329704285
869,0.869051,0,0.164836884,1,3.12318468,0.0329704285
870,0.870056,0,-0.296703339,1,3.1228013,0.0549468994
871,0.871050,0,-0.296703339,1,3.12318468,0.0549468994
872,0.872055,0,0.0109901428,1,3.12318468,0.0549468994
873,0.873062,0,0.0109901428,1,3.1228013,0.0549468994
874,0.874131,0,-0.120880127,1,3.1228013,0.0329704285
875,0.875051,0,-0.120880127,1,3.12318468,0.0329704285
876,0.876053,0,0.274726868,1,3.1228013,0.0329704285
877,0.877051,0,0.274726868,1,3.12318468,0.0109901428
878,0.878053,0,-0.362636566,1,3.12318468,0.0109901428
879,0.879050,0,-0.362636566,1,3.12318468,-0.0109901428
880,0.880052,0,0.0109901428,1,3.12318468,-0.0109901428
881,0.881056,0,0.0109901428,1,3.1228013,-0.0109901428
882,0.882051,0,-0.0549468994,1,3.1228013,-0.0109901428
883,0.883055,0,-0.0549468994,1,3.1228013,-0.0329666138
884,0.884050,0,-0.0549468994,1,3.1228013,-0.0329666138
885,0.885088,0,-0.0549468994,1,1.54095554,0.318683624
886,0.886052,0,0.120880127,1,3.1228013,-0.0329666138
887,0.887054,0,0.120880127,1,3.1228013,-0.0549468994
888,0.888051,0,-0.186813354,1,3.12203455,-0.31867981
889,0.889053,0,-0.186813354,1,3.12203455,-0.560440063
890,0.890050,0,0.098903656,1,3.12203455,-0.582416534
891,0.891052,0,0.098903656,1,3.1216507,-0.538459778
892,0.892056,0,0.120880127,1,3.12088394,-0.494506836
893,0.893056,0,0.120880127,1,3.12050056,-0.494506836
894,0.894052,0,-0.0329666138,1,3.12088394,-0.47252655
895,0.895056,0,-0.0329666138,1,3.12088394,-0.428569794
896,0.896084,0,0.142860413,1,3.11973333,-0.362636566
897,0.897050,0,0.142860413,1,1.54105139,-0.0988998413
898,0.898052,0,-0.274726868,1,3.12011671,-0.31867981
899,0.899056,0,-0.274726868,1,3.12011671,-0.296703339
900,0.900057,0,0.142860413,1,3.11896658,-0.384616852
901,0.901054,0,0.142860413,1,3.11973333,-0.208789825
902,0.902055,0,0.142860413,1,3.11973333,-0.120880127
903,0.903075,0,0.142860413,1,3.11896658,-0.0549468994
904,0.904081,0,0.186817169,1,3.11858273,-0.0329666138
905,0.905251,0,-0.0988998413,1,3.11934996,-0.0549468994
906,0.906080,0,-0.0988998413,1,3.11973333,-0.0109901428
907,0.907086,0,-0.0988998413,1,3.11934996,0.0549468994
908,0.908246,0,-0.0109901428,1,3.11973333,0.0769271851
909,0.909128,0,-0.0109901428,1,1.54124308,0.0769271851
910,0.910081,0,-0.0329666138,1,3.11973333,0.098903656
911,0.911055,0,-0.0329666138,1,3.11934996,0.098903656
912,0.912056,0,-0.142856598,1,3.11896658,-0.0549468994
913,0.913052,0,-0.142856598,1,3.12011671,0.0549468994
914,0.914053,0,0.0109901428,1,3.11973333,0.098903656
915,0.915053,0,0.0109901428,1,3.11934996,0.164836884
916,0.916054,0,0.186817169,1,3.11934996,0.142860413
917,0.917051,0,0.186817169,1,3.11973333,0.120880127
918,0.918057,0,0.120880127,1,3.12011671,0.142860413
919,0.919054,0,0.120880127,1,3.12011671,0.20879364
920,0.920055,0,0.0549468994,1,3.11973333,0.186817169
921,0.921052,0,0.0549468994,1,3.12050056,0.164836884
922,0.922052,0,-0.186813354,1,3.12088394,0.186817169
923,0.923057,0,-0.186813354,1,3.12088394,0.230770111
924,0.924060,0,0.0329704285,1,3.12050056,0.230770111
925,0.925057,0,0.0329704285,1,3.12088394,0.20879364
926,0.926053,0,-0.0329666138,1,3.12126732,0.20879364
927,0.927055,0,-0.0329666138,1,3.12088394,0.20879364
928,0.928052,0,-0.0329666138,1,3.12126732,0.186817169
929,0.929058,0,-0.0329666138,1,3.1216507,0.164836884
930,0.930052,0,-0.0109901428,1,3.1216507,0.164836884
931,0.931049,0,-0.0109901428,1,3.12126732,0.164836884
932,0.932051,0,0.0329704285,1,3.1216507,0.164836884
933,0.933057,0,0.0329704285,1,3.12203455,0.142860413
934,0.934051,0,-0.142856598,1,3.1216507,0.120880127
935,0.935051,0,-0.142856598,1,3.1216507,0.098903656
936,0.936053,0,0.098903656,1,3.1216507,0.0549468994
937,0.937050,0,0.098903656,1,3.1216507,0.0329704285
938,0.938052,0,-0.120880127,1,3.1216507,0.0329704285
939,0.939117,0,-0.31867981,1,3.1216507,0.0329704285
940,0.940051,0,-0.31867981,1,3.1216507,0.0109901428
941,0.941054,0,-0.31867981,1,3.12203455,0.0109901428
942,0.942051,0,0.0329704285,1,3.12203455,0.0109901428
943,0.943053,0,0.0329704285,1,3.1216507,0.0329704285
944,0.944050,0,-0.0329666138,1,3.12203455,0.0109901428
945,0.945055,0,-0.0329666138,1,3.12203455,0.0109901428
946,0.946052,0,0.120880127,1,3.12203455,0.0109901428
947,0.947054,0,0.120880127,1,3.12203455,0.0109901428
948,0.948051,0,0.098903656,1,3.1216507,0.0109901428
949,0.949053,0,0.098903656,1,3.12203455,-0.0109901428
950,0.950090,0,-0.274726868,1,3.1216507,-0.0109901428
951,0.951054,0,-0.274726868,1,3.1216507,-0.0109901428
952,0.952057,0,0.274726868,1,3.12203455,-0.0329666138
953,0.953054,0,0.274726868,1,3.12241793,0.0109901428
954,0.954056,0,-0.0988998413,1,3.12241793,0.0329704285
955,0.955056,0,-0.0988998413,1,1.54114723,-0.0549468994
956,0.956050,0,-0.164836884,1,3.12203455,0.0109901428
957,0.957056,0,-0.164836884,1,3.12203455,-0.0329666138
958,0.958056,0,-0.164836884,1,3.1216507,-0.296703339
959,0.959051,0,-0.164836884,1,3.12126732,-0.516483307
960,0.960052,0,0.0329704285,1,3.1216507,-0.560440063
961,0.961063,0,0.0329704285,1,3.12126732,-0.516483307
962,0.962050,0,-0.0329666138,1,3.12011671,-0.47252655
963,0.963052,0,-0.0329666138,1,3.11973333,-0.494506836
964,0.964056,0,0.0109901428,1,3.11973333,-0.494506836
965,0.965052,0,0.0109901428,1,3.11934996,-0.450550079
966,0.966057,0,0.0769271851,1,3.11896658,-0.384616852
967,0.967050,0,0.0769271851,1,1.54133892,-0.0109901428
968,0.968054,0,-0.0549468994,1,3.11896658,-0.340660095
969,0.969055,0,-0.0549468994,1,3.11896658,-0.31867981
970,0.970051,0,0.164836884,1,3.11781597,-0.494506836
971,0.971052,0,0.164836884,1,3.11743259,-0.692306519
972,0.972064,0,0.120880127,1,3.11819935,-0.692306519
973,0.973055,0,0.120880127,1,3.11743259,-0.60439682
974,0.974057,0,-0.0329666138,1,3.11628199,-0.516483307
975,0.975063,0,-0.0329666138,1,3.11628199,-0.494506836
976,0.976057,0,-0.274726868,1,3.11666536,-0.450550079
977,0.977053,0,-0.274726868,1,3.11628199,-0.340660095
978,0.978054,0,-0.0109901428,1,3.1156106,-0.274726868
979,0.979051,0,-0.0109901428,1,3.11522722,-0.252746582
980,0.980052,0,-0.142856598,1,3.11599445,-0.230770111
981,0.981056,0,-0.142856598,1,3.11522722,-0.142856598
982,0.982050,0,-0.142856598,1,3.11484385,-0.0988998413
983,0.983060,0,-0.142856598,1,3.11484385,-0.0988998413
984,0.984057,0,-0.0329666138,1,3.11522722,-0.0549468994
985,0.985053,0,-0.0329666138,1,3.11522722,-0.0109901428
986,0.986050,0,0.0549468994,1,3.11484385,0.0329704285
987,0.987051,0,0.0549468994,1,3.11522722,0.0549468994
988,0.988055,0,-0.0549468994,1,3.11484385,0.0769271851
989,0.989056,0,-0.0549468994,1,3.11522722,0.0769271851
990,0.990053,0,-0.142856598,1,3.11484385,0.120880127
991,0.991054,0,-0.142856598,1,3.11484385,0.142860413
992,0.992050,0,-0.0329666138,1,3.1156106,0.142860413
993,0.993052,0,-0.0329666138,1,3.1156106,0.186817169
994,0.994058,0,0.0109901428,1,3.1156106,0.20879364
995,0.995051,0,0.0109901428,1,3.11522722,0.20879364
996,0.996053,0,0.098903656,1,3.1156106,0.20879364
997,0.997051,0,0.098903656,1,3.11599445,0.20879364
998,0.998053,0,-0.0769233704,1,3.11599445,0.20879364
999,0.999050,0,-0.0769233704,1,3.1156106,0.186817169
1000,1.000052,0,-0.0988998413,1,3.11599445,0.186817169
1001,1.001056,0,-0.0988998413,1,3.11628199,0.186817169
1002,1.002051,0,-0.0988998413,1,3.11599445,0.186817169
1003,1.003056,0,-0.0988998413,1,3.11599445,0.164836884
1004,1.004050,0,-0.0329666138,1,3.11599445,0.142860413
1005,1.005064,0,-0.0329666138,1,3.11666536,0.142860413
1006,1.006051,0,0.0329704285,1,3.11666536,0.164836884
1007,1.007055,0,0.0329704285,1,3.11704874,0.164836884
1008,1.008050,0,-0.230770111,1,3.11666536,0.164836884
1009,1.009054,0,-0.230770111,1,3.11666536,0.186817169
1010,1.010056,0,0.274726868,1,3.11666536,0.164836884
1011,1.011054,0,0.274726868,1,3.11704874,0.142860413
1012,1.012055,0,-0.120880127,1,3.11704874,0.120880127
1013,1.013053,0,-0.120880127,1,1.54095554,0.0549468994
1014,1.014055,0,-0.0769233704,1,3.11704874,0.098903656
1015,1.015055,0,-0.0769233704,1,3.11704874,0.0109901428
1016,1.016062,0,-0.120880127,1,3.11628199,-0.274726868
1017,1.017051,0,-0.120880127,1,3.11599445,-0.538459778
1018,1.018053,0,0.20879364,1,3.11628199,-0.582416534
1019,1.019051,0,0.20879364,1,3.11628199,-0.538459778
1020,1.020052,0,-0.0109901428,1,3.11522722,-0.47252655
1021,1.021050,0,-0.0109901428,1,3.11522722,-0.47252655
1022,1.022052,0,-0.208789825,1,3.11522722,-0.450550079
1023,1.023055,0,-0.208789825,1,3.11484385,-0.384616852
1024,1.024056,0,-0.0109901428,1,3.11446047,-0.340660095
1025,1.025055,0,-0.0109901428,1,1.54124308,-0.31867981
1026,1.026056,0,0.098903656,1,3.11407661,-0.296703339
1027,1.027062,0,0.098903656,1,3.11407661,-0.274726868
1028,1.028055,0,-0.142856598,1,3.11369324,-0.384616852
1029,1.029059,0,-0.142856598,1,3.11407661,-0.186813354
1030,1.030052,0,-0.0109901428,1,3.11407661,-0.0988998413
1031,1.031056,0,-0.0109901428,1,3.11369324,-0.0109901428
1032,1.032050,0,-0.0769233704,1,3.11369324,-0.0109901428
1033,1.033054,0,-0.0769233704,1,3.11407661,0.0109901428
1034,1.034055,0,-0.0549468994,1,3.11446047,0.0549468994
1035,1.035054,0,-0.0549468994,1,3.11407661,0.098903656
1036,1.036055,0,-0.274726868,1,3.11369324,0.098903656
1037,1.037126,0,0.274726868,1,1.54124308,0.098903656
1038,1.038055,0,0.274726868,1,3.11446047,0.142860413
1039,1.039056,0,0.274726868,1,3.11407661,0.098903656
1040,1.040053,0,0.0329704285,1,3.11330986,-0.142856598
1041,1.041054,0,0.0329704285,1,3.11407661,-0.0329666138
1042,1.042050,0,0.098903656,1,3.11446047,-0.0109901428
1043,1.043051,0,0.098903656,1,3.11369324,0.0769271851
1044,1.044055,0,-0.230770111,1,3.11330986,0.0329704285
1045,1.045052,0,-0.230770111,1,3.11407661,-0.0109901428
1046,1.046056,0,0.164836884,1,3.11446047,0.0329704285
1047,1.047050,0,0.164836884,1,3.11407661,0.098903656
1048,1.048061,0,0.186817169,1,3.11407661,0.0769271851
1049,1.049056,0,0.186817169,1,3.11446047,0.0769271851
1050,1.050050,0,-0.230770111,1,3.11484385,0.120880127
1051,1.051054,0,-0.230770111,1,3.11446047,0.164836884
1052,1.052055,0,0.0769271851,1,3.11407661,0.142860413
1053,1.053052,0,0.0769271851,1,3.11446047,0.120880127
1054,1.054053,0,-0.0988998413,1,3.11484385,0.142860413
1055,1.055052,0,-0.0988998413,1,3.11484385,0.164836884
1056,1.056054,0,0.0109901428,1,3.11446047,0.164836884
1057,1.057050,0,0.0109901428,1,3.11484385,0.120880127
1058,1.058051,0,0.0549468994,1,3.11522722,0.142860413
1059,1.059058,0,0.0549468994,1,3.11522722,0.142860413
1060,1.060051,0,0.230770111,1,3.1156106,0.164836884
1061,1.061053,0,0.230770111,1,3.1156106,0.186817169
1062,1.062050,0,0.142860413,1,3.1156106,0.186817169
1063,1.063052,0,0.142860413,1,3.11522722,0.164836884
1064,1.064049,0,0.0329704285,1,3.11522722,0.120880127
1065,1.065054,0,0.0329704285,1,3.11599445,0.098903656
1066,1.066051,0,0.0549468994,1,3.1156106,0.098903656
1067,1.067053,0,0.0549468994,1,3.1156106,0.0769271851
1068,1.068050,0,-0.0549468994,1,3.11522722,0.0549468994
1069,1.069052,0,-0.0549468994,1,3.1156106,0.0109901428
1070,1.070058,0,-0.31867981,1,3.1156106,0.0109901428
1071,1.071054,0,-0.31867981,1,3.1156106,0.0329704285
1072,1.072057,0,-0.186813354,1,3.11599445,0.0329704285
1073,1.073054,0,-0.186813354,1,3.11599445,0.0329704285
1074,1.074056,0,0.164836884,1,3.11599445,0.0109901428
1075,1.075056,0,0.164836884,1,3.11599445,0.0329704285
1076,1.076050,0,-0.0109901428,1,3.1156106,0.0329704285
1077,1.077056,0,-0.0109901428,1,3.11599445,0.0109901428
1078,1.078050,0,-0.0109901428,1,3.11599445,0.0329704285
1079,1.079055,0,-0.0109901428,1,3.11599445,0.0329704285
1080,1.080057,0,-0.120880127,1,3.11599445,0.0109901428
1081,1.081060,0,-0.120880127,1,3.11599445,0.0109901428
1082,1.082053,0,0.186817169,1,3.11628199,0.0329704285
1083,1.083055,0,0.186817169,1,1.54105139,-0.296703339
1084,1.084052,0,0.098903656,1,3.11599445,0.0549468994
1085,1.085060,0,0.098903656,1,3.11599445,-0.0109901428
1086,1.086050,0,-0.0988998413,1,3.1156106,-0.186813354
1087,1.087052,0,-0.0988998413,1,3.11599445,-0.0769233704
1088,1.088057,0,-0.0988998413,1,3.11628199,-0.0329666138
1089,1.089049,0,-0.0988998413,1,3.11599445,0.0109901428
1090,1.090053,0,-0.362636566,1,3.1156106,-0.0109901428
1091,1.091054,0,-0.362636566,1,3.11599445,-0.0109901428
1092,1.092108,0,0.142860413,1,3.11628199,0.0109901428
1093,1.093054,0,0.142860413,1,3.11599445,0.0549468994
1094,1.094055,0,0.0109901428,1,3.1156106,0.0329704285
1095,1.095054,0,0.0109901428,1,1.54095554,-0.340660095
1096,1.096055,0,-0.0988998413,1,3.11666536,0.0329704285
1097,1.097051,0,-0.0988998413,1,3.11599445,0.0109901428
1098,1.098052,0,0.142860413,1,3.1156106,-0.252746582
1099,1.099056,0,0.142860413,1,3.1156106,-0.494506836
1100,1.100050,0,-0.142856598,1,3.11599445,-0.494506836
1101,1.101054,0,-0.142856598,1,3.1156106,-0.428569794
1102,1.102055,0,-0.340660095,1,3.11484385,-0.406593323
1103,1.103062,0,-0.340660095,1,3.11446047,-0.428569794
1104,1.104055,0,-0.0549468994,1,3.11446047,-0.406593323
1105,1.105055,0,-0.0549468994,1,3.11369324,-0.362636566
1106,1.106061,0,0.142860413,1,3.11369324,-0.31867981
1107,1.107081,0,0.142860413,1,3.11407661,-0.296703339
1108,1.108096,0,0.098903656,1,3.11369324,-0.252746582
1109,1.109143,0,-0.0988998413,1,3.11369324,-0.208789825
1110,1.110051,0,-0.0988998413,1,3.11330986,-0.142856598
1111,1.111067,0,-0.0988998413,1,3.11330986,-0.0988998413
1112,1.112050,0,-0.0988998413,1,3.11369324,-0.0769233704
1113,1.113091,0,-0.0988998413,1,3.11407661,-0.0109901428
1114,1.114051,0,0.098903656,1,3.11369324,0.0769271851
1115,1.115055,0,0.098903656,1,3.11369324,0.0769271851
1116,1.116052,0,-0.0329666138,1,3.11407661,0.120880127
1117,1.117053,0,-0.0329666138,1,3.11407661,0.142860413
1118,1.118050,0,-0.208789825,1,3.11369324,0.142860413
1119,1.119051,0,-0.208789825,1,3.11407661,0.142860413
1120,1.120055,0,-0.120880127,1,3.11407661,0.142860413
1121,1.121056,0,-0.120880127,1,3.11407661,0.164836884
1122,1.122052,0,0.0549468994,1,3.11407661,0.164836884
1123,1.123053,0,0.0549468994,1,3.11407661,0.142860413
1124,1.124058,0,0.340660095,1,3.11446047,0.142860413
1125,1.125051,0,0.340660095,1,3.11446047,0.120880127
1126,1.126053,0,0.120880127,1,3.11407661,0.142860413
1127,1.127050,0,0.120880127,1,3.11446047,0.098903656
1128,1.128052,0,-0.0549468994,1,3.11484385,0.120880127
1129,1.129057,0,-0.0549468994,1,3.11446047,0.142860413
1130,1.130051,0,-0.164836884,1,3.11484385,0.142860413
1131,1.131056,0,-0.164836884,1,3.11484385,0.142860413
1132,1.132050,0,0.164836884,1,3.11484385,0.120880127
1133,1.133056,0,0.164836884,1,3.11522722,0.120880127
1134,1.134050,0,-0.142856598,1,3.11484385,0.098903656
1135,1.135059,0,-0.142856598,1,3.11522722,0.098903656
1136,1.136053,0,0.0549468994,1,3.1156106,0.120880127
1137,1.137050,0,0.0549468994,1,3.1156106,0.120880127
1138,1.138052,0,-0.0549468994,1,3.11522722,0.142860413
1139,1.139049,0,-0.0549468994,1,3.1156106,0.120880127
1140,1.140064,0,0.164836884,1,3.11522722,0.120880127
1141,1.141052,0,0.164836884,1,1.54105139,-0.252746582
1142,1.142057,0,0.0329704285,1,3.1156106,0.0549468994
1143,1.143051,0,0.0329704285,1,3.1156106,-0.0109901428
1144,1.144056,0,-0.0988998413,1,3.11484385,-0.164836884
1145,1.145141,0,-0.0988998413,1,3.11599445,-0.0329666138
1146,1.146053,0,0.0549468994,1,3.1156106,0.0109901428
1147,1.147055,0,0.0549468994,1,3.11484385,0.0329704285
1148,1.148053,0,-0.0769233704,1,3.11522722,-0.0109901428
1149,1.149055,0,-0.0769233704,1,3.1156106,-0.0329666138
1150,1.150052,0,0.186817169,1,3.1156106,0.0109901428
1151,1.151054,0,0.186817169,1,3.11522722,0.0109901428
1152,1.152051,0,0.0109901428,1,3.1156106,0.0109901428
1153,1.153053,0,0.0109901428,1,1.54133892,-0.186813354
1154,1.154056,0,-0.0988998413,1,3.11599445,0.0549468994
1155,1.155052,0,-0.0988998413,1,3.11599445,0.0329704285
1156,1.156064,0,-0.0109901428,1,3.11522722,-0.142856598
1157,1.157050,0,-0.0109901428,1,3.11599445,-0.0329666138
1158,1.158055,0,0.230770111,1,3.11628199,0.0329704285
1159,1.159056,0,0.230770111,1,3.1156106,0.0769271851
1160,1.160052,0,0.0549468994,1,3.1156106,0.0329704285
1161,1.161053,0,0.0549468994,1,3.11599445,0.0329704285
1162,1.162049,0,-0.0109901428,1,3.11628199,0.0549468994
1163,1.163050,0,-0.0109901428,1,3.11599445,0.098903656
1164,1.164054,0,0.20879364,1,3.11599445,0.098903656
1165,1.165051,0,0.20879364,1,1.5408597,-0.296703339
1166,1.166084,0,0.0109901428,1,3.11666536,0.098903656
1167,1.167050,0,0.0109901428,1,3.11628199,0.0769271851
1168,1.168052,0,-0.0988998413,1,3.11599445,-0.164836884
1169,1.169056,0,-0.0988998413,1,3.11704874,-0.0769233704
1170,1.170057,0,0.0109901428,1,3.11704874,-0.0109901428
1171,1.171053,0,0.0109901428,1,3.11599445,0.0549468994
1172,1.172054,0,-0.142856598,1,3.1156106,0.0109901428
1173,1.173051,0,-0.142856598,1,3.11628199,-0.0549468994
1174,1.174052,0,-0.120880127,1,3.11704874,-0.0109901428
1175,1.175051,0,-0.120880127,1,3.11628199,0.0329704285
1176,1.176052,0,-0.164836884,1,3.11599445,0.0109901428
1177,1.177133,0,-0.164836884,1,3.11666536,-0.0109901428
1178,1.178052,0,0.0109901428,1,3.11628199,0.0109901428
1179,1.179054,0,0.0109901428,1,3.11666536,0.0549468994
1180,1.180050,0,0.362640381,1,3.11599445,0.0549468994
1181,1.181052,0,0.362640381,1,3.11628199,0.0329704285
1182,1.182056,0,-0.208789825,1,3.11704874,0.0329704285
1183,1.183057,0,-0.208789825,1,3.11666536,0.0769271851
1184,1.184053,0,-0.340660095,1,3.11666536,0.0769271851
1185,1.185050,0,-0.340660095,1,3.11666536,0.0769271851
1186,1.186054,0,-0.0988998413,1,3.11704874,0.0769271851
1187,1.187055,0,-0.0988998413,1,3.11666536,0.098903656
1188,1.188064,0,0.098903656,1,3.11666536,0.098903656
1189,1.189051,0,0.098903656,1,3.11704874,0.0769271851
1190,1.190056,0,-0.142856598,1,3.11743259,0.098903656
1191,1.191050,0,-0.142856598,1,3.11743259,0.120880127
1192,1.192055,0,0.186817169,1,3.11704874,0.098903656
1193,1.193057,0,0.186817169,1,3.11743259,0.0769271851
1194,1.194054,0,0.0329704285,1,3.11743259,0.0769271851
1195,1.195051,0,0.0329704285,1,3.11743259,0.0769271851
1196,1.196056,0,-0.0769233704,1,3.11743259,0.0769271851
1197,1.197050,0,-0.0769233704,1,3.11781597,0.0769271851
1198,1.198082,0,-0.0769233704,1,3.11743259,0.0769271851
1199,1.199054,0,-0.0769233704,1,3.11743259,0.0549468994
1200,1.200058,0,0.142860413,1,3.11743259,0.0329704285
1201,1.201050,0,0.142860413,1,3.11743259,0.0109901428
1202,1.202052,0,0.0109901428,1,3.11743259,0.0109901428
1203,1.203056,0,0.0109901428,1,3.11704874,-0.0109901428
1204,1.204051,0,0.120880127,1,3.11743259,-0.0109901428
1205,1.205051,0,0.120880127,1,3.11743259,-0.0109901428
1206,1.206053,0,0.0329704285,1,3.11781597,0.0109901428
1207,1.207050,0,0.0329704285,1,3.11781597,0.0109901428
1208,1.208052,0,-0.208789825,1,3.11781597,-0.0109901428
1209,1.209061,0,-0.208789825,1,3.11743259,0.0109901428
1210,1.210050,0,-0.142856598,1,3.11781597,0.0109901428
1211,1.211053,0,-0.142856598,1,1.54076385,-0.0769233704
1212,1.212050,0,-0.120880127,1,3.11743259,-0.0109901428
1213,1.213052,0,-0.120880127,1,3.11781597,-0.0769233704
1214,1.214049,0,-0.0329666138,1,3.11704874,-0.208789825
1215,1.215054,0,-0.0329666138,1,3.11781597,-0.0988998413
1216,1.216051,0,-0.0109901428,1,3.11819935,-0.0549468994
1217,1.217053,0,-0.0109901428,1,3.11743259,0.0109901428
1218,1.218050,0,0.0769271851,1,3.11743259,-0.0109901428
1219,1.219076,0,0.0769271851,1,3.11781597,-0.0109901428
1220,1.220061,0,0.0329704285,1,3.11819935,0.0329704285
1221,1.221054,0,0.0329704285,1,3.11781597,0.098903656
1222,1.222050,0,0.098903656,1,3.11819935,0.098903656
1223,1.223051,0,0.098903656,1,1.54114723,-0.0109901428
1224,1.224055,0,0.0329704285,1,3.11858273,0.0769271851
1225,1.225052,0,0.0329704285,1,3.11819935,0.0549468994
1226,1.226056,0,0.142860413,1,3.11781597,-0.120880127
1227,1.227057,0,0.142860413,1,3.11858273,0.0109901428
1228,1.228053,0,-0.0988998413,1,3.11858273,0.0329704285
1229,1.229055,0,-0.0988998413,1,3.11781597,0.0769271851
1230,1.230116,0,-0.252746582,1,3.11819935,0.0329704285
1231,1.231051,0,-0.252746582,1,3.11858273,0.0329704285
1232,1.232052,0,0.340660095,1,3.11858273,0.0549468994
1233,1.233056,0,0.340660095,1,3.11819935,0.0769271851
1234,1.234050,0,-0.0769233704,1,3.11819935,0.0769271851
1235,1.235057,0,-0.0769233704,1,3.11896658,0.0549468994
1236,1.236050,0,0.0549468994,1,3.11896658,0.0769271851
1237,1.237055,0,0.0549468994,1,3.11858273,0.098903656
1238,1.238056,0,0.0549468994,1,3.11896658,0.0769271851
1239,1.239052,0,0.0549468994,1,3.11896658,0.0769271851
1240,1.240053,0,0.0769271851,1,3.11934996,0.0769271851
1241,1.241059,0,0.0769271851,1,3.11934996,0.120880127
1242,1.242053,0,0.20879364,1,3.11934996,0.120880127
1243,1.243049,0,0.20879364,1,3.11973333,0.120880127
1244,1.244050,0,-0.274726868,1,3.11973333,0.142860413
1245,1.245050,0,-0.274726868,1,3.11973333,0.142860413
1246,1.246051,0,-0.0329666138,1,3.11973333,0.120880127
1247,1.247055,0,-0.0329666138,1,3.11973333,0.098903656
1248,1.248056,0,0.120880127,1,3.12011671,0.098903656
1249,1.249053,0,0.120880127,1,3.12011671,0.098903656
1250,1.250054,0,0.0769271851,1,3.11973333,0.0769271851
1251,1.251085,0,0.0769271851,1,3.12011671,0.0549468994
1252,1.252054,0,-0.0109901428,1,3.12050056,0.0549468994
1253,1.253056,0,-0.0109901428,1,3.12011671,0.0769271851
1254,1.254053,0,-0.0329666138,1,3.11973333,0.0549468994
1255,1.255050,0,-0.0329666138,1,3.12011671,0.0109901428
1256,1.256055,0,-0.31867981,1,3.12011671,0.0109901428
1257,1.257063,0,-0.31867981,1,3.12011671,-0.0109901428
1258,1.258052,0,0.0549468994,1,3.11973333,-0.0109901428
1259,1.259054,0,0.0549468994,1,3.12011671,-0.0109901428
1260,1.260051,0,-0.0769233704,1,3.12011671,-0.0109901428
1261,1.261054,0,-0.0769233704,1,3.12011671,-0.0109901428
1262,1.262060,0,0.0329704285,1,3.12050056,0.0109901428
1263,1.263050,0,0.0329704285,1,3.12011671,0.0109901428
1264,1.264052,0,0.120880127,1,3.12011671,-0.0109901428
1265,1.265052,0,0.120880127,1,3.12011671,-0.0109901428
1266,1.266054,0,0.0329704285,1,3.12011671,-0.0109901428
1267,1.267051,0,0.0329704285,1,3.12050056,-0.0109901428
1268,1.268053,0,0.0549468994,1,3.12011671,0.0109901428
1269,1.269051,0,0.0549468994,1,1.54095554,0.0329704285
1270,1.270052,0,0.0109901428,1,3.12011671,-0.0109901428
1271,1.271050,0,0.0109901428,1,3.12011671,-0.0549468994
1272,1.272076,0,0.120880127,1,3.11973333,-0.296703339
1273,1.273060,0,0.120880127,1,3.11934996,-0.516483307
1274,1.274054,0,-0.186813354,1,3.11973333,-0.560440063
1275,1.275055,0,-0.186813354,1,3.11934996,-0.494506836
1276,1.276057,0,0.0549468994,1,3.11858273,-0.450550079
1277,1.277054,0,0.0549468994,1,3.11819935,-0.450550079
1278,1.278056,0,-0.252746582,1,3.11819935,-0.428569794
1279,1.279053,0,-0.252746582,1,3.11819935,-0.384616852
1280,1.280055,0,0.0769271851,1,3.11781597,-0.340660095
1281,1.281052,0,0.0769271851,1,1.54114723,-0.0769233704
1282,1.282054,0,-0.0988998413,1,3.11743259,-0.296703339
1283,1.283079,0,-0.0988998413,1,3.11704874,-0.252746582
1284,1.284051,0,-0.296703339,1,3.11628199,-0.384616852
1285,1.285056,0,-0.296703339,1,3.11704874,-0.230770111
1286,1.286051,0,-0.208789825,1,3.11781597,-0.142856598
1287,1.287051,0,-0.208789825,1,3.11704874,-0.0549468994
1288,1.288056,0,0.098903656,1,3.11666536,-0.0329666138
1289,1.289057,0,0.098903656,1,3.11704874,-0.0329666138
1290,1.290053,0,0.0769271851,1,3.11704874,0.0329704285
1291,1.291054,0,0.0769271851,1,3.11704874,0.098903656
1292,1.292050,0,0.0769271851,1,3.11666536,0.098903656
1293,1.293052,0,0.0769271851,1,1.54105139,-0.230770111
1294,1.294064,0,0.0329704285,1,3.11743259,0.142860413
1295,1.295056,0,0.0329704285,1,3.11743259,0.120880127
1296,1.296050,0,-0.0109901428,1,3.11704874,-0.0109901428
1297,1.297054,0,-0.0109901428,1,3.11819935,0.120880127
1298,1.298055,0,0.186817169,1,3.11819935,0.186817169
1299,1.299051,0,0.186817169,1,3.11743259,0.230770111
1300,1.300052,0,0.0769271851,1,3.11781597,0.20879364
1301,1.301057,0,0.0769271851,1,3.11819935,0.164836884
1302,1.302050,0,-0.0109901428,1,3.11858273,0.186817169
1303,1.303054,0,-0.0109901428,1,3.11819935,0.20879364
1304,1.304055,0,-0.0549468994,1,3.11819935,0.20879364
1305,1.305059,0,-0.0549468994,1,3.11896658,0.164836884
1306,1.306052,0,0.0329704285,1,3.11934996,0.186817169
1307,1.307056,0,0.0329704285,1,3.11858273,0.20879364
1308,1.308050,0,0.0549468994,1,3.11819935,0.164836884
1309,1.309054,0,0.0549468994,1,3.11858273,0.142860413
1310,1.310061,0,-0.142856598,1,3.11896658,0.142860413
1311,1.311054,0,-0.142856598,1,3.11858273,0.142860413
1312,1.312051,0,0.0769271851,1,3.11896658,0.142860413
1313,1.313052,0,0.0769271851,1,3.11934996,0.120880127
1314,1.314056,0,0.186817169,1,3.11973333,0.142860413
1315,1.315052,0,0.186817169,1,3.11934996,0.142860413
1316,1.316064,0,-0.164836884,1,3.11934996,0.142860413
1317,1.317050,0,-0.164836884,1,3.11934996,0.098903656
1318,1.318055,0,0.20879364,1,3.11973333,0.098903656
1319,1.319055,0,0.20879364,1,3.11973333,0.098903656
1320,1.320052,0,-0.0549468994,1,3.11973333,0.0769271851
1321,1.321054,0,-0.0549468994,1,3.11973333,0.0769271851
1322,1.322051,0,-0.120880127,1,3.11973333,0.0549468994
1323,1.323053,0,-0.120880127,1,3.11973333,0.0769271851
1324,1.324050,0,0.296707153,1,3.11973333,0.0549468994
1325,1.325055,0,0.296707153,1,3.12011671,0.0549468994
1326,1.326053,0,-0.120880127,1,3.12011671,0.0549468994
1327,1.327063,0,-0.120880127,1,3.12011671,0.0549468994
1328,1.328050,0,0.296707153,1,3.12050056,0.0549468994
1329,1.329055,0,0.296707153,1,3.12011671,0.0549468994
1330,1.330057,0,0.0549468994,1,3.12050056,0.0549468994
1331,1.331054,0,0.0549468994,1,3.12011671,0.0329704285
1332,1.332056,0,0.186817169,1,3.12011671,0.0109901428
1333,1.333054,0,0.186817169,1,3.12011671,-0.0109901428
1334,1.334055,0,0.296707153,1,3.12011671,-0.0109901428
1335,1.335056,0,0.296707153,1,3.12011671,-0.0329666138
1336,1.336050,0,-0.164836884,1,3.12011671,-0.0329666138
1337,1.337055,0,-0.164836884,1,3.11973333,-0.0329666138
1338,1.338064,0,0.098903656,1,3.12011671,-0.0329666138
1339,1.339051,0,0.098903656,1,1.54105139,0.120880127
1340,1.340056,0,-0.0769233704,1,3.12011671,-0.0109901428
1341,1.341051,0,-0.0769233704,1,3.11973333,-0.0769233704
1342,1.342056,0,0.098903656,1,3.11934996,-0.230770111
1343,1.343050,0,0.098903656,1,3.12011671,-0.0988998413
1344,1.344055,0,-0.142856598,1,3.12011671,-0.0329666138
1345,1.345052,0,-0.142856598,1,3.11973333,-0.0109901428
1346,1.346077,0,0.142860413,1,3.11973333,-0.0109901428
1347,1.347133,0,0.142860413,1,3.12011671,-0.0329666138
1348,1.348079,0,0.0329704285,1,3.12050056,0.0329704285
1349,1.349077,0,0.0329704285,1,3.12011671,0.0769271851
1350,1.350145,0,0.120880127,1,3.12050056,0.0769271851
1351,1.351133,0,0.120880127,1,1.54095554,0.0769271851
1352,1.352130,0,0.0769271851,1,3.12050056,0.120880127
1353,1.353051,0,0.0769271851,1,3.12050056,0.0549468994
1354,1.354053,0,-0.0329666138,1,3.12011671,-0.120880127
1355,1.355052,0,-0.0329666138,1,3.12088394,0.0109901428
1356,1.356053,0,0.230770111,1,3.12088394,0.0549468994
1357,1.357050,0,0.230770111,1,3.12011671,0.098903656
1358,1.358051,0,0.098903656,1,3.12011671,0.0329704285
1359,1.359085,0,0.098903656,1,3.12088394,0.0109901428
1360,1.360051,0,0.0329704285,1,3.12088394,0.0769271851
1361,1.361053,0,0.0329704285,1,3.12050056,0.098903656
1362,1.362057,0,-0.120880127,1,3.12050056,0.0769271851
1363,1.363061,0,-0.120880127,1,3.12126732,0.0329704285
1364,1.364050,0,0.0109901428,1,3.1216507,0.0769271851
1365,1.365055,0,0.0109901428,1,3.12126732,0.098903656
1366,1.366051,0,-0.0329666138,1,3.12126732,0.0769271851
1367,1.367052,0,-0.0329666138,1,3.1216507,0.0769271851
1368,1.368056,0,0.120880127,1,3.12203455,0.098903656
1369,1.369049,0,0.120880127,1,3.1216507,0.120880127
1370,1.370064,0,-0.186813354,1,3.12126732,0.098903656
1371,1.371053,0,-0.186813354,1,3.12203455,0.0549468994
1372,1.372054,0,-0.0769233704,1,3.1216507,0.0769271851
1373,1.373051,0,-0.0769233704,1,3.12203455,0.0769271851
1374,1.374052,0,-0.0329666138,1,3.12203455,0.0769271851
1375,1.375051,0,-0.0329666138,1,3.12203455,0.0549468994
1376,1.376052,0,-0.142856598,1,3.12241793,0.0769271851
1377,1.377057,0,-0.142856598,1,3.12203455,0.098903656
1378,1.378050,0,-0.164836884,1,3.12241793,0.0769271851
1379,1.379054,0,-0.164836884,1,3.12241793,0.0769271851
1380,1.380080,0,0.252750397,1,3.12241793,0.098903656
1381,1.381060,0,0.252750397,1,3.12241793,0.098903656
1382,1.382057,0,-0.384616852,1,3.1228013,0.098903656
1383,1.383050,0,-0.384616852,1,3.12241793,0.0769271851
1384,1.384054,0,0.098903656,1,3.12241793,0.0549468994
1385,1.385051,0,0.098903656,1,3.12241793,0.0329704285
1386,1.386055,0,-0.0769233704,1,3.12241793,0.0109901428
1387,1.387049,0,-0.0769233704,1,3.1228013,0.0109901428
1388,1.388054,0,-0.164836884,1,3.12203455,0.0329704285
1389,1.389057,0,-0.164836884,1,3.12241793,-0.0109901428
1390,1.390054,0,0.120880127,1,3.12241793,-0.0109901428
1391,1.391056,0,0.120880127,1,3.12241793,-0.0329666138
1392,1.392059,0,0.120880127,1,3.12241793,-0.0329666138
1393,1.393053,0,0.120880127,1,3.12241793,-0.0109901428
1394,1.394050,0,0.098903656,1,3.12241793,-0.0109901428
1395,1.395055,0,0.098903656,1,3.1228013,-0.0109901428
1396,1.396052,0,-0.0769233704,1,3.12241793,0.0109901428
1397,1.397054,0,-0.0769233704,1,1.54105139,0.230770111
1398,1.398052,0,-0.0769233704,1,3.12241793,-0.0109901428
1399,1.399053,0,-0.0769233704,1,3.12241793,-0.0549468994
1400,1.400051,0,-0.0109901428,1,3.12203455,-0.230770111
1401,1.401052,0,-0.0109901428,1,3.12318468,-0.0769233704
1402,1.402073,0,-0.0549468994,1,3.1228013,0.0109901428
1403,1.403059,0,-0.0549468994,1,3.12241793,0.0329704285
1404,1.404054,0,0.252750397,1,3.12241793,0.0329704285
1405,1.405054,0,0.252750397,1,3.12318468,0.0109901428
1406,1.406056,0,-0.142856598,1,3.1228013,0.0549468994
1407,1.407054,0,-0.142856598,1,3.1228013,0.0769271851
1408,1.408055,0,-0.0549468994,1,3.1228013,0.0549468994
1409,1.409053,0,-0.0549468994,1,1.54095554,-0.296703339
1410,1.410054,0,0.120880127,1,3.12318468,0.0769271851
1411,1.411051,0,0.120880127,1,3.12318468,0.0329704285
1412,1.412053,0,-0.0109901428,1,3.12241793,-0.208789825
1413,1.413142,0,-0.0769233704,1,3.12241793,-0.450550079
1414,1.414052,0,-0.0769233704,1,3.1228013,-0.494506836
1415,1.415057,0,-0.0769233704,1,3.12241793,-0.450550079
1416,1.416053,0,-0.164836884,1,3.12126732,-0.450550079
1417,1.417054,0,-0.164836884,1,3.12126732,-0.450550079
1418,1.418049,0,-0.31867981,1,3.1216507,-0.428569794
1419,1.419063,0,-0.31867981,1,3.12126732,-0.362636566
1420,1.420049,0,0.120880127,1,3.12050056,-0.296703339
1421,1.421054,0,0.120880127,1,1.54105139,0.0549468994
1422,1.422055,0,0.252750397,1,3.12088394,-0.252746582
1423,1.423051,0,0.252750397,1,3.12050056,-0.252746582
1424,1.424063,0,-0.31867981,1,3.11934996,-0.428569794
1425,1.425056,0,-0.31867981,1,3.12050056,-0.31867981
1426,1.426050,0,0.120880127,1,3.12011671,-0.208789825
1427,1.427054,0,0.120880127,1,3.11934996,-0.120880127
1428,1.428055,0,0.0109901428,1,3.11934996,-0.120880127
1429,1.429052,0,0.0109901428,1,3.11973333,-0.120880127
1430,1.430052,0,-0.0549468994,1,3.12011671,-0.0549468994
1431,1.431057,0,-0.0549468994,1,3.12011671,0.0329704285
1432,1.432050,0,-0.0549468994,1,3.11973333,0.0549468994
1433,1.433054,0,-0.0549468994,1,3.12050056,0.0769271851
1434,1.434055,0,0.0329704285,1,3.12050056,0.142860413
1435,1.435070,0,0.0329704285,1,3.12050056,0.186817169
1436,1.436051,0,0.164836884,1,3.12011671,0.20879364
1437,1.437053,0,0.164836884,1,3.12050056,0.164836884
1438,1.438050,0,-0.230770111,1,3.12088394,0.186817169
1439,1.439051,0,-0.230770111,1,3.12088394,0.20879364
1440,1.440055,0,-0.142856598,1,3.12050056,0.20879364
1441,1.441056,0,-0.142856598,1,3.12050056,0.186817169
1442,1.442052,0,-0.0988998413,1,3.12088394,0.164836884
1443,1.443053,0,-0.0988998413,1,3.12088394,0.186817169
1444,1.444050,0,0.0769271851,1,3.12088394,0.164836884
1445,1.445054,0,0.0769271851,1,3.12126732,0.164836884
1446,1.446062,0,-0.0109901428,1,3.1216507,0.186817169
1447,1.447055,0,-0.0109901428,1,3.12126732,0.186817169
1448,1.448052,0,-0.274726868,1,3.1216507,0.164836884
1449,1.449053,0,-0.274726868,1,3.1216507,0.142860413
1450,1.450057,0,0.142860413,1,3.12203455,0.142860413
1451,1.451050,0,0.142860413,1,3.12203455,0.164836884
1452,1.452055,0,-0.120880127,1,3.12203455,0.164836884
1453,1.453050,0,-0.120880127,1,3.12203455,0.142860413
1454,1.454055,0,-0.0329666138,1,3.12241793,0.120880127
1455,1.455052,0,-0.0329666138,1,3.12203455,0.142860413
1456,1.456084,0,0.20879364,1,3.12203455,0.142860413
1457,1.457054,0,0.20879364,1,3.1228013,0.120880127
1458,1.458057,0,-0.142856598,1,3.12241793,0.120880127
1459,1.459054,0,-0.142856598,1,3.12241793,0.098903656
1460,1.460056,0,0.0109901428,1,3.12241793,0.0769271851
1461,1.461054,0,0.0109901428,1,3.12241793,0.0549468994
1462,1.462055,0,0.164836884,1,3.1228013,0.0549468994
1463,1.463053,0,0.164836884,1,3.12241793,0.0329704285
1464,1.464054,0,0.0329704285,1,3.1228013,0.0109901428
1465,1.465055,0,0.0329704285,1,3.1228013,0.0109901428
1466,1.466057,0,-0.0109901428,1,3.1228013,0.0109901428
1467,1.467059,0,-0.0109901428,1,1.54133892,0.0549468994
1468,1.468056,0,-0.384616852,1,3.12241793,-0.0329666138
1469,1.469051,0,-0.384616852,1,3.12203455,-0.0988998413
1470,1.470061,0,-0.0549468994,1,3.1216507,-0.340660095
1471,1.471055,0,-0.0549468994,1,3.12126732,-0.560440063
1472,1.472052,0,-0.274726868,1,3.1216507,-0.60439682
1473,1.473054,0,-0.274726868,1,3.12126732,-0.560440063
1474,1.474051,0,-0.0109901428,1,3.12050056,-0.516483307
1475,1.475056,0,-0.0109901428,1,3.11973333,-0.494506836
1476,1.476053,0,-0.0109901428,1,3.12050056,-0.494506836
1477,1.477080,0,-0.0109901428,1,3.11973333,-0.406593323
1478,1.478060,0,-0.0109901428,1,3.11934996,-0.362636566
1479,1.479055,0,-0.0109901428,1,1.54105139,-0.340660095
1480,1.480052,0,0.0109901428,1,3.11934996,-0.296703339
1481,1.481054,0,0.0109901428,1,3.11934996,-0.296703339
1482,1.482049,0,0.0549468994,1,3.11819935,-0.406593323
1483,1.483050,0,0.0549468994,1,3.11896658,-0.252746582
1484,1.484054,0,-0.208789825,1,3.11934996,-0.186813354
1485,1.485050,0,-0.208789825,1,3.11896658,-0.0769233704
1486,1.486054,0,-0.164836884,1,3.11858273,-0.0329666138
1487,1.487055,0,-0.164836884,1,3.11896658,-0.0109901428
1488,1.488164,0,-0.0329666138,1,3.11896658,0.0549468994
1489,1.489052,0,-0.0329666138,1,3.11896658,0.120880127
1490,1.490054,0,0.186817169,1,3.11896658,0.120880127
1491,1.491050,0,0.186817169,1,3.11896658,0.120880127
1492,1.492051,0,-0.0549468994,1,3.11896658,0.142860413
1493,1.493056,0,-0.0549468994,1,3.11934996,0.164836884
1494,1.494057,0,-0.31867981,1,3.11896658,0.164836884
1495,1.495056,0,-0.31867981,1,3.11934996,0.142860413
1496,1.496050,0,-0.0988998413,1,3.11973333,0.142860413
1497,1.497054,0,-0.0988998413,1,3.11973333,0.164836884
1498,1.498055,0,-0.0109901428,1,3.11934996,0.164836884
1499,1.499058,0,-0.0109901428,1,3.11973333,0.164836884
1500,1.500052,0,-0.186813354,1,3.12011671,0.164836884
1501,1.501057,0,-0.186813354,1,3.11973333,0.164836884
1502,1.502050,0,-0.0988998413,1,3.11973333,0.164836884
1503,1.503054,0,-0.0988998413,1,3.12011671,0.142860413
1504,1.504055,0,-0.186813354,1,3.12050056,0.164836884
1505,1.505054,0,-0.186813354,1,3.12011671,0.164836884
1506,1.506055,0,0.0769271851,1,3.12011671,0.142860413
1507,1.507052,0,0.0769271851,1,3.12011671,0.142860413
1508,1.508053,0,-0.0549468994,1,3.12088394,0.142860413
1509,1.509086,0,-0.0549468994,1,3.12088394,0.164836884
1510,1.510053,0,0.0329704285,1,3.12088394,0.142860413
1511,1.511054,0,0.0329704285,1,3.12088394,0.142860413
1512,1.512050,0,0.0769271851,1,3.12126732,0.120880127
1513,1.513051,0,0.0769271851,1,3.12088394,0.120880127
1514,1.514055,0,0.142860413,1,3.12088394,0.098903656
1515,1.515052,0,0.142860413,1,3.12126732,0.0769271851
1516,1.516056,0,0.20879364,1,3.12126732,0.0769271851
1517,1.517050,0,0.20879364,1,3.12088394,0.0769271851
1518,1.518055,0,-0.0329666138,1,3.1216507,0.0769271851
1519,1.519049,0,-0.0329666138,1,3.12126732,0.0549468994
1520,1.520063,0,-0.274726868,1,3.12126732,0.0329704285
1521,1.521053,0,-0.274726868,1,3.12088394,0.0329704285
1522,1.522055,0,0.0109901428,1,3.12126732,-0.0109901428
1523,1.523052,0,0.0109901428,1,3.12088394,-0.0109901428
1524,1.524054,0,0.0109901428,1,3.12126732,-0.0109901428
1525,1.525055,0,0.0109901428,1,1.54105139,-0.384616852
1526,1.526062,0,0.0549468994,1,3.12088394,-0.0109901428
1527,1.527056,0,0.0549468994,1,3.12126732,-0.0769233704
1528,1.528053,0,-0.0329666138,1,3.12050056,-0.31867981
1529,1.529055,0,-0.0329666138,1,3.12088394,-0.208789825
1530,1.530052,0,-0.0109901428,1,3.12088394,-0.142856598
1531,1.531064,0,-0.0109901428,1,3.12050056,-0.0988998413
1532,1.532051,0,0.120880127,1,3.12050056,-0.120880127
1533,1.533056,0,0.120880127,1,3.12088394,-0.120880127
1534,1.534050,0,-0.164836884,1,3.12088394,-0.0769233704
1535,1.535050,0,-0.164836884,1,3.12088394,-0.0329666138
1536,1.536052,0,0.0329704285,1,3.12050056,-0.0329666138
1537,1.537049,0,0.0329704285,1,1.54105139,0.274726868
1538,1.538051,0,-0.0329666138,1,3.1216507,0.0109901428
1539,1.539056,0,-0.0329666138,1,3.12088394,0.0109901428
1540,1.540050,0,-0.186813354,1,3.12011671,-0.208789825
1541,1.541084,0,-0.186813354,1,3.12126732,-0.0988998413
1542,1.542053,0,-0.186813354,1,3.12126732,-0.0109901428
1543,1.543055,0,-0.186813354,1,3.12088394,0.0329704285
1544,1.544052,0,0.098903656,1,3.12050056,0.0109901428
1545,1.545057,0,0.098903656,1,3.12088394,-0.0329666138
1546,1.546054,0,0.0769271851,1,3.12126732,-0.0109901428
1547,1.547055,0,0.0769271851,1,3.12050056,0.0549468994
1548,1.548051,0,0.142860413,1,3.12050056,0.0329704285
1549,1.549052,0,0.142860413,1,1.54114723,-0.0109901428
1550,1.550056,0,0.0109901428,1,3.1216507,0.0329704285
1551,1.551057,0,0.0109901428,1,3.12088394,0.0329704285
1552,1.552067,0,0.0109901428,1,3.12011671,-0.142856598
1553,1.553055,0,0.0109901428,1,3.12126732,-0.0329666138
1554,1.554057,0,-0.0109901428,1,3.1216507,0.0329704285
1555,1.555056,0,-0.0109901428,1,3.12088394,0.098903656
1556,1.556050,0,-0.0988998413,1,3.12088394,0.0769271851
1557,1.557054,0,-0.0988998413,1,3.12126732,0.0549468994
1558,1.558055,0,-0.0988998413,1,3.1216507,0.098903656
1559,1.559052,0,-0.0988998413,1,3.12126732,0.142860413
1560,1.560053,0,0.0329704285,1,3.12088394,0.120880127
1561,1.561057,0,0.0329704285,1,3.1216507,0.098903656
1562,1.562050,0,-0.0769233704,1,3.12203455,0.120880127
1563,1.563072,0,-0.0769233704,1,3.1216507,0.164836884
1564,1.564053,0,-0.252746582,1,3.12203455,0.142860413
1565,1.565050,0,-0.252746582,1,3.12241793,0.120880127
1566,1.566054,0,0.0109901428,1,3.12241793,0.120880127
1567,1.567055,0,0.0109901428,1,3.12203455,0.142860413
1568,1.568052,0,0.0769271851,1,3.12203455,0.120880127
1569,1.569052,0,0.0769271851,1,3.12203455,0.0769271851
1570,1.570057,0,-0.274726868,1,3.12241793,0.0769271851
1571,1.571050,0,-0.274726868,1,3.12203455,0.0769271851
1572,1.572054,0,0.296707153,1,3.12241793,0.0549468994
1573,1.573055,0,0.296707153,1,3.12203455,0.0549468994
1574,1.574062,0,-0.0109901428,1,3.12203455,0.0549468994
1575,1.575051,0,-0.0109901428,1,3.12203455,0.0329704285
1576,1.576055,0,-0.230770111,1,3.12241793,0.0109901428
1577,1.577056,0,-0.230770111,1,3.12203455,-0.0109901428
1578,1.578052,0,0.20879364,1,3.12241793,-0.0109901428
1579,1.579053,0,0.20879364,1,3.12241793,0.0109901428
1580,1.580050,0,-0.0549468994,1,3.12241793,0.0109901428
1581,1.581051,0,-0.0549468994,1,3.1228013,0.0109901428
1582,1.582109,0,-0.120880127,1,3.12241793,0.0329704285
1583,1.583149,0,0.142860413,1,3.12241793,0.0109901428
1584,1.584084,0,0.142860413,1,3.12241793,0.0109901428
1585,1.585109,0,0.142860413,1,3.12241793,0.0109901428
1586,1.586245,0,-0.0988998413,1,3.12241793,-0.0109901428
1587,1.587139,0,-0.0988998413,1,3.12241793,-0.0109901428
1588,1.588161,0,-0.0109901428,1,3.12241793,-0.0109901428
1589,1.589080,0,-0.0109901428,1,3.12241793,-0.0109901428
1590,1.590055,0,-0.0988998413,1,3.12241793,-0.0109901428
1591,1.591049,0,-0.0988998413,1,3.1228013,-0.0109901428
1592,1.592054,0,0.0109901428,1,3.12241793,0.0109901428
1593,1.593056,0,0.0109901428,1,3.1228013,0.0109901428
1594,1.594053,0,0.0329704285,1,3.1228013,0.0109901428
1595,1.595059,0,0.0329704285,1,1.54124308,-0.340660095
1596,1.596053,0,0.098903656,1,3.1228013,0.0329704285
1597,1.597054,0,0.098903656,1,3.12241793,-0.0329666138
1598,1.598056,0,-0.0329666138,1,3.12203455,-0.208789825
1599,1.599053,0,-0.0329666138,1,3.1228013,-0.0769233704
1600,1.600055,0,0.20879364,1,3.12241793,-0.0549468994
1601,1.601052,0,0.20879364,1,3.12203455,-0.0109901428
1602,1.602054,0,-0.0549468994,1,3.1216507,-0.0329666138
1603,1.603051,0,-0.0549468994,1,3.12241793,-0.0549468994
1604,1.604053,0,-0.0769233704,1,3.12241793,-0.0329666138
1605,1.605077,0,-0.0769233704,1,3.12203455,0.0109901428
1606,1.606063,0,-0.252746582,1,3.12241793,-0.0109901428
1607,1.607050,0,-0.252746582,1,1.54105139,0.296707153
1608,1.608055,0,0.0329704285,1,3.12241793,0.0329704285
1609,1.609056,0,0.0329704285,1,3.12241793,-0.0109901428
1610,1.610054,0,0.0329704285,1,3.12203455,-0.164836884
1611,1.611056,0,0.0329704285,1,3.1228013,-0.0549468994
1612,1.612053,0,-0.0549468994,1,3.1228013,0.0329704285
1613,1.613054,0,-0.0549468994,1,3.12241793,0.0769271851
1614,1.614049,0,0.098903656,1,3.1228013,0.0769271851
1615,1.615053,0,0.098903656,1,3.12318468,0.0549468994
1616,1.616125,0,-0.0988998413,1,3.12347269,0.120880127
1617,1.617054,0,-0.0988998413,1,3.12318468,0.142860413
1618,1.618056,0,0.0549468994,1,3.12318468,0.142860413
1619,1.619052,0,0.0549468994,1,3.12347269,0.098903656
1620,1.620053,0,0.164836884,1,3.12318468,0.098903656
1621,1.621050,0,0.164836884,1,3.12347269,0.098903656
1622,1.622051,0,0.0549468994,1,3.12318468,0.098903656
1623,1.623055,0,0.0549468994,1,3.12347269,0.0769271851
1624,1.624056,0,-0.142856598,1,3.12347269,0.0549468994
1625,1.625056,0,-0.142856598,1,3.12385607,0.0769271851
1626,1.626057,0,0.098903656,1,3.12318468,0.0769271851
1627,1.627081,0,0.098903656,1,3.12347269,0.0549468994
1628,1.628050,0,0.0109901428,1,3.12347269,0.0329704285
1629,1.629052,0,0.0109901428,1,3.12347269,0.0329704285
1630,1.630056,0,-0.0329666138,1,3.12347269,0.0109901428
1631,1.631057,0,-0.0329666138,1,3.12347269,0.0329704285
1632,1.632053,0,0.120880127,1,3.12385607,0.0109901428
1633,1.633054,0,0.120880127,1,3.12347269,0.0329704285
1634,1.634064,0,-0.0769233704,1,3.12385607,0.0329704285
1635,1.635053,0,-0.0769233704,1,3.12385607,0.0329704285
1636,1.636050,0,-0.142856598,1,3.12385607,0.0549468994
1637,1.637051,0,-0.142856598,1,3.12385607,0.0549468994
1638,1.638151,0,-0.0769233704,1,3.12385607,0.0329704285
1639,1.639054,0,-0.0769233704,1,3.12385607,0.0329704285
1640,1.640056,0,0.0109901428,1,3.12347269,0.0109901428
1641,1.641052,0,0.0109901428,1,3.12385607,0.0109901428
1642,1.642053,0,0.0329704285,1,3.12385607,0.0109901428
1643,1.643050,0,0.0329704285,1,3.12385607,0.0109901428
1644,1.644051,0,0.098903656,1,3.12385607,0.0109901428
1645,1.645051,0,0.098903656,1,3.12423944,0.0109901428
1646,1.646052,0,0.0549468994,1,3.12385607,0.0329704285
1647,1.647056,0,0.0549468994,1,3.12385607,0.0329704285
1648,1.648050,0,-0.142856598,1,3.12385607,0.0329704285
1649,1.649064,0,-0.142856598,1,3.12423944,0.0329704285
1650,1.650051,0,-0.0109901428,1,3.12385607,0.0329704285
1651,1.651051,0,-0.0109901428,1,3.12423944,0.0109901428
1652,1.652053,0,0.186817169,1,3.12423944,0.0329704285
1653,1.653050,0,0.186817169,1,1.54105139,0.186817169
1654,1.654052,0,0.0109901428,1,3.12385607,0.0109901428
1655,1.655052,0,0.0109901428,1,3.12385607,-0.0769233704
1656,1.656054,0,-0.0549468994,1,3.12347269,-0.252746582
1657,1.657051,0,-0.0549468994,1,3.12385607,-0.120880127
1658,1.658053,0,-0.0329666138,1,3.12423944,-0.0769233704
1659,1.659050,0,-0.0329666138,1,3.12347269,-0.0329666138
1660,1.660060,0,0.120880127,1,3.12385607,-0.0549468994
1661,1.661055,0,0.120880127,1,3.12385607,-0.0549468994
1662,1.662052,0,0.296707153,1,3.12423944,-0.0109901428
1663,1.663054,0,0.296707153,1,3.12385607,0.0329704285
1664,1.664051,0,-0.230770111,1,3.12423944,0.0329704285
1665,1.665056,0,-0.230770111,1,1.54133892,-0.0769233704
1666,1.666053,0,-0.0769233704,1,3.12423944,0.0769271851
1667,1.667055,0,-0.0769233704,1,3.12423944,0.0549468994
1668,1.668052,0,0.0549468994,1,3.12385607,-0.186813354
1669,1.669054,0,0.0549468994,1,3.12385607,-0.406593323
1670,1.670093,0,0.0549468994,1,3.12385607,-0.428569794
1671,1.671052,0,0.0549468994,1,3.12385607,-0.406593323
1672,1.672054,0,-0.296703339,1,3.12318468,-0.362636566
1673,1.673051,0,-0.296703339,1,3.1228013,-0.384616852
1674,1.674053,0,0.428573608,1,3.12318468,-0.362636566
1675,1.675053,0,0.428573608,1,3.1228013,-0.296703339
1676,1.676055,0,-0.208789825,1,3.12203455,-0.274726868
1677,1.677053,0,-0.208789825,1,1.54114723,0.0769271851
1678,1.678054,0,0.186817169,1,3.1228013,-0.230770111
1679,1.679050,0,0.186817169,1,3.12203455,-0.186813354
1680,1.680050,0,0.0769271851,1,3.12126732,-0.406593323
1681,1.681076,0,0.0769271851,1,3.12050056,-0.648349762
1682,1.682052,0,-0.0769233704,1,3.12126732,-0.670330048
1683,1.683053,0,-0.0769233704,1,3.12088394,-0.582416534
1684,1.684074,0,-0.0549468994,1,3.11973333,-0.516483307
1685,1.685060,0,-0.0549468994,1,3.11934996,-0.494506836
1686,1.686054,0,-0.0549468994,1,3.11973333,-0.47252655
1687,1.687050,0,-0.0549468994,1,3.11934996,-0.406593323
1688,1.688051,0,-0.0109901428,1,3.11896658,-0.31867981
1689,1.689055,0,-0.0109901428,1,3.11819935,-0.296703339
1690,1.690056,0,0.20879364,1,3.11858273,-0.274726868
1691,1.691053,0,0.20879364,1,3.11858273,-0.208789825
1692,1.692057,0,0.0329704285,1,3.11819935,-0.120880127
1693,1.693052,0,0.0329704285,1,3.11781597,-0.0988998413
1694,1.694056,0,-0.0329666138,1,3.11819935,-0.0769233704
1695,1.695052,0,-0.0329666138,1,3.11819935,0.0109901428
1696,1.696056,0,-0.230770111,1,3.11819935,0.0549468994
1697,1.697050,0,-0.230770111,1,3.11781597,0.098903656
1698,1.698054,0,0.164836884,1,3.11896658,0.098903656
1699,1.699055,0,0.164836884,1,3.11896658,0.164836884
1700,1.700051,0,-0.0988998413,1,3.11819935,0.20879364
1701,1.701052,0,-0.0988998413,1,3.11858273,0.20879364
1702,1.702081,0,-0.0769233704,1,3.11896658,0.230770111
1703,1.703060,0,-0.0769233704,1,3.11934996,0.252750397
1704,1.704056,0,-0.230770111,1,3.11858273,0.252750397
1705,1.705053,0,-0.230770111,1,3.11934996,0.230770111
1706,1.706057,0,0.20879364,1,3.11896658,0.20879364
1707,1.707050,0,0.20879364,1,3.11896658,0.20879364
1708,1.708054,0,0.252750397,1,3.11934996,0.186817169
1709,1.709056,0,0.252750397,1,3.11934996,0.186817169
1710,1.710052,0,-0.0769233704,1,3.11934996,0.164836884
1711,1.711053,0,-0.0769233704,1,3.11934996,0.164836884
1712,1.712050,0,-0.0109901428,1,3.11934996,0.164836884
1713,1.713051,0,-0.0109901428,1,3.11973333,0.164836884
1714,1.714060,0,-0.0549468994,1,3.11973333,0.142860413
1715,1.715052,0,-0.0549468994,1,3.11973333,0.142860413
1716,1.716055,0,0.0549468994,1,3.11973333,0.142860413
1717,1.717052,0,0.0549468994,1,3.11973333,0.120880127
1718,1.718054,0,0.098903656,1,3.12011671,0.120880127
1719,1.719051,0,0.098903656,1,3.12011671,0.120880127
1720,1.720053,0,-0.0988998413,1,3.12011671,0.098903656
1721,1.721050,0,-0.0988998413,1,3.12050056,0.098903656
1722,1.722052,0,0.0329704285,1,3.12050056,0.098903656
1723,1.723057,0,0.0329704285,1,1.54114723,-0.252746582
1724,1.724051,0,0.0769271851,1,3.12050056,0.098903656
1725,1.725059,0,0.0769271851,1,3.12050056,0.0549468994
1726,1.726053,0,-0.208789825,1,3.12011671,-0.120880127
1727,1.727050,0,-0.208789825,1,3.12088394,-0.0109901428
1728,1.728052,0,0.340660095,1,3.12050056,0.0329704285
1729,1.729049,0,0.340660095,1,3.12011671,0.0549468994
1730,1.730051,0,0.20879364,1,3.12011671,0.0109901428
1731,1.731056,0,0.20879364,1,3.12088394,-0.0109901428
1732,1.732050,0,-0.0988998413,1,3.12126732,0.0329704285
1733,1.733056,0,-0.0988998413,1,3.12050056,0.0549468994
1734,1.734050,0,-0.230770111,1,3.12011671,0.0109901428
1735,1.735050,0,-0.230770111,1,1.54133892,-0.340660095
1736,1.736061,0,0.142860413,1,3.12088394,0.0329704285
1737,1.737050,0,0.142860413,1,3.12050056,0.0109901428
1738,1.738052,0,-0.428569794,1,3.12088394,-0.164836884
1739,1.739050,0,-0.428569794,1,3.12126732,-0.0329666138
1740,1.740051,0,0.120880127,1,3.12088394,0.0329704285
1741,1.741060,0,0.120880127,1,3.12050056,0.0769271851
1742,1.742054,0,-0.274726868,1,3.12050056,0.0549468994
1743,1.743051,0,-0.274726868,1,3.12126732,0.0109901428
1744,1.744052,0,0.340660095,1,3.12126732,0.0769271851
1745,1.745050,0,0.340660095,1,3.12126732,0.098903656
1746,1.746051,0,0.120880127,1,3.12126732,0.0769271851
1747,1.747063,0,0.120880127,1,3.1216507,0.0549468994
1748,1.748050,0,-0.296703339,1,3.12203455,0.098903656
1749,1.749054,0,-0.296703339,1,3.12126732,0.142860413
1750,1.750055,0,0.0549468994,1,3.12126732,0.120880127
1751,1.751052,0,0.0549468994,1,3.12203455,0.0769271851
1752,1.752053,0,-0.208789825,1,3.12241793,0.120880127
1753,1.753057,0,-0.208789825,1,3.12203455,0.142860413
1754,1.754050,0,0.098903656,1,3.12203455,0.142860413
1755,1.755049,0,0.098903656,1,3.12203455,0.120880127
1756,1.756051,0,-0.0329666138,1,3.12203455,0.120880127
1757,1.757079,0,-0.0329666138,1,3.12203455,0.098903656
1758,1.758065,0,-0.0988998413,1,3.12241793,0.0769271851
1759,1.759051,0,-0.0988998413,1,3.12241793,0.0769271851
1760,1.760055,0,-0.0769233704,1,3.12241793,0.0769271851
1761,1.761056,0,-0.0769233704,1,3.12241793,0.0549468994
1762,1.762052,0,-0.120880127,1,3.12203455,0.0329704285
1763,1.763053,0,-0.120880127,1,3.12241793,0.0109901428
1764,1.764050,0,0.186817169,1,3.12241793,0.0109901428
1765,1.765054,0,0.186817169,1,3.12203455,0.0109901428
1766,1.766051,0,-0.0988998413,1,3.12241793,-0.0109901428
1767,1.767052,0,-0.0988998413,1,3.12241793,-0.0109901428
1768,1.768128,0,-0.0329666138,1,3.12241793,0.0109901428
1769,1.769051,0,-0.0329666138,1,3.1228013,0.0109901428
1770,1.770052,0,-0.0988998413,1,3.12241793,-0.0109901428
1771,1.771056,0,-0.0988998413,1,3.12241793,-0.0109901428
1772,1.772049,0,-0.0329666138,1,3.12241793,0.0109901428
1773,1.773054,0,-0.0329666138,1,3.12241793,0.0109901428
1774,1.774055,0,-0.186813354,1,3.1228013,0.0109901428
1775,1.775054,0,-0.186813354,1,3.1228013,0.0329704285
1776,1.776055,0,0.296707153,1,3.1228013,0.0549468994
1777,1.777052,0,0.296707153,1,3.12318468,0.0329704285
1778,1.778053,0,0.0549468994,1,3.1228013,0.0329704285
1779,1.779071,0,0.0549468994,1,3.1228013,0.0329704285
1780,1.780053,0,0.0329704285,1,3.1228013,0.0329704285
1781,1.781056,0,0.0329704285,1,1.54105139,0.0329704285
1782,1.782053,0,-0.0549468994,1,3.1228013,0.0109901428
1783,1.783055,0,-0.0549468994,1,3.1228013,-0.0549468994
1784,1.784052,0,0.0109901428,1,3.12241793,-0.208789825
1785,1.785049,0,0.0109901428,1,3.1228013,-0.0769233704
1786,1.786054,0,0.186817169,1,3.1228013,-0.0329666138
1787,1.787056,0,0.186817169,1,3.12241793,-0.0109901428
1788,1.788053,0,0.142860413,1,3.12241793,-0.0329666138
1789,1.789056,0,0.142860413,1,3.1228013,-0.0549468994
1790,1.790104,0,0.120880127,1,3.1228013,-0.0329666138
1791,1.791055,0,0.120880127,1,3.12241793,0.0109901428
1792,1.792049,0,-0.0329666138,1,3.1228013,0.0109901428
1793,1.793054,0,-0.0329666138,1,1.54105139,0.098903656
1794,1.794056,0,-0.0769233704,1,3.12318468,0.0329704285
1795,1.795056,0,-0.0769233704,1,3.1228013,0.0329704285
1796,1.796140,0,0.0329704285,1,3.12241793,-0.142856598
1797,1.797052,0,0.0329704285,1,3.12318468,-0.0329666138
1798,1.798168,0,-0.0549468994,1,3.12347269,0.0329704285
1799,1.799174,0,0.252750397,1,3.1228013,0.0549468994
1800,1.800056,0,0.252750397,1,3.1228013,0.0329704285
1801,1.801050,0,0.252750397,1,3.12318468,0.0109901428
1802,1.802087,0,0.0549468994,1,3.12318468,0.0329704285
1803,1.803079,0,0.0549468994,1,3.12318468,0.0769271851
1804,1.804050,0,0.0109901428,1,3.12318468,0.0549468994
1805,1.805087,0,0.0109901428,1,1.54133892,0.0549468994
1806,1.806056,0,0.0109901428,1,3.12347269,0.098903656
1807,1.807051,0,0.0109901428,1,3.12318468,0.0769271851
1808,1.808056,0,0.164836884,1,3.1228013,-0.186813354
1809,1.809050,0,0.164836884,1,3.1228013,-0.428569794
1810,1.810053,0,-0.120880127,1,3.12318468,-0.47252655
1811,1.811084,0,-0.120880127,1,3.12241793,-0.406593323
1812,1.812056,0,0.0109901428,1,3.1216507,-0.384616852
1813,1.813051,0,0.0109901428,1,3.1216507,-0.428569794
1814,1.814055,0,0.230770111,1,3.1216507,-0.406593323
1815,1.815051,0,0.230770111,1,3.1216507,-0.362636566
1816,1.816055,0,-0.0769233704,1,3.12050056,-0.31867981
1817,1.817056,0,-0.0769233704,1,3.12088394,-0.31867981
1818,1.818053,0,0.0549468994,1,3.12126732,-0.274726868
1819,1.819054,0,0.0549468994,1,3.12088394,-0.208789825
1820,1.820050,0,0.164836884,1,3.12050056,-0.164836884
1821,1.821052,0,0.164836884,1,3.12050056,-0.142856598
1822,1.822061,0,-0.164836884,1,3.12088394,-0.120880127
1823,1.823049,0,-0.164836884,1,3.12050056,-0.0549468994
1824,1.824051,0,-0.0549468994,1,3.12050056,-0.0109901428
1825,1.825050,0,-0.0549468994,1,3.12050056,0.0109901428
1826,1.826051,0,0.20879364,1,3.12088394,0.0549468994
1827,1.827055,0,0.20879364,1,3.12126732,0.098903656
1828,1.828056,0,0.0549468994,1,3.12088394,0.142860413
1829,1.829053,0,0.0549468994,1,3.12088394,0.142860413
1830,1.830054,0,-0.0988998413,1,3.12126732,0.164836884
1831,1.831051,0,-0.0988998413,1,3.12126732,0.20879364
1832,1.832052,0,-0.0769233704,1,3.12126732,0.20879364
1833,1.833060,0,-0.0769233704,1,3.12126732,0.186817169
1834,1.834054,0,-0.186813354,1,3.12203455,0.164836884
1835,1.835054,0,-0.186813354,1,3.1216507,0.186817169
1836,1.836055,0,0.098903656,1,3.1216507,0.186817169
1837,1.837052,0,0.098903656,1,3.1216507,0.164836884
1838,1.838052,0,0.186817169,1,3.1216507,0.164836884
1839,1.839057,0,0.186817169,1,3.12203455,0.164836884
1840,1.840050,0,0.0769271851,1,3.1216507,0.142860413
1841,1.841054,0,0.0769271851,1,3.1216507,0.120880127
1842,1.842055,0,-0.252746582,1,3.12203455,0.098903656
1843,1.843082,0,-0.252746582,1,3.12203455,0.098903656
1844,1.844057,0,0.098903656,1,3.12203455,0.0769271851
1845,1.845055,0,0.098903656,1,3.12203455,0.0769271851
1846,1.846052,0,0.186817169,1,3.12241793,0.0549468994
1847,1.847054,0,0.186817169,1,3.12203455,0.0769271851
1848,1.848051,0,0.164836884,1,3.12203455,0.0549468994
1849,1.849053,0,0.164836884,1,3.12203455,0.0329704285
1850,1.850050,0,0.0769271851,1,3.12203455,0.0329704285
1851,1.851061,0,0.0769271851,1,1.54105139,0.098903656
1852,1.852055,0,-0.0109901428,1,3.12203455,0.0109901428
1853,1.853053,0,-0.0109901428,1,3.12203455,-0.0769233704
1854,1.854079,0,0.0769271851,1,3.1216507,-0.208789825
1855,1.855056,0,0.0769271851,1,3.12241793,-0.0988998413
1856,1.856051,0,0.0109901428,1,3.12203455,-0.0329666138
1857,1.857056,0,0.0109901428,1,3.12203455,-0.0109901428
1858,1.858050,0,0.318683624,1,3.12203455,-0.0109901428
1859,1.859055,0,0.318683624,1,3.12241793,0.0109901428
1860,1.860057,0,-0.120880127,1,3.12241793,0.0549468994
1861,1.861054,0,-0.120880127,1,3.12203455,0.0769271851
1862,1.862056,0,-0.0769233704,1,3.12203455,0.0769271851
1863,1.863053,0,-0.0769233704,1,1.54095554,0.0549468994
1864,1.864055,0,0.142860413,1,3.1228013,0.0549468994
1865,1.865143,0,0.142860413,1,3.12241793,0.0109901428
1866,1.866056,0,-0.142856598,1,3.12126732,-0.230770111
1867,1.867050,0,-0.142856598,1,3.1216507,-0.516483307
1868,1.868055,0,0.142860413,1,3.12203455,-0.538459778
1869,1.869050,0,0.142860413,1,3.12126732,-0.47252655
1870,1.870055,0,0.164836884,1,3.12050056,-0.450550079
1871,1.871056,0,0.164836884,1,3.12011671,-0.47252655
1872,1.872054,0,-0.384616852,1,3.12088394,-0.450550079
1873,1.873056,0,-0.384616852,1,3.12011671,-0.362636566
1874,1.874053,0,0.0769271851,1,3.11973333,-0.31867981
1875,1.875056,0,0.0769271851,1,3.12011671,-0.296703339
1876,1.876060,0,-0.0988998413,1,3.12011671,-0.230770111
1877,1.877054,0,-0.0988998413,1,3.11973333,-0.164836884
1878,1.878050,0,0.0329704285,1,3.11934996,-0.120880127
1879,1.879051,0,0.0329704285,1,3.11973333,-0.120880127
1880,1.880055,0,0.252750397,1,3.11973333,-0.0549468994
1881,1.881056,0,0.252750397,1,3.12011671,0.0109901428
1882,1.882053,0,-0.0109901428,1,3.11973333,0.0769271851
1883,1.883054,0,-0.0109901428,1,3.12011671,0.0769271851
1884,1.884050,0,0.142860413,1,3.12011671,0.098903656
1885,1.885055,0,0.142860413,1,3.12011671,0.142860413
1886,1.886201,0,-0.0549468994,1,3.11973333,0.164836884
1887,1.887051,0,-0.0549468994,1,3.12011671,0.164836884
1888,1.888052,0,-0.142856598,1,3.12050056,0.164836884
1889,1.889056,0,-0.142856598,1,3.12011671,0.186817169
1890,1.890050,0,-0.0109901428,1,3.12050056,0.164836884
1891,1.891054,0,-0.0109901428,1,3.12050056,0.164836884
1892,1.892055,0,-0.0549468994,1,3.12088394,0.164836884
1893,1.893051,0,-0.0549468994,1,3.12050056,0.186817169
1894,1.894052,0,0.0329704285,1,3.12050056,0.164836884
1895,1.895052,0,0.0329704285,1,3.12050056,0.120880127
1896,1.896053,0,-0.0329666138,1,3.12088394,0.120880127
1897,1.897057,0,-0.0329666138,1,3.12050056,0.120880127
1898,1.898054,0,-0.0988998413,1,3.12088394,0.120880127
1899,1.899055,0,-0.0988998413,1,3.12088394,0.120880127
1900,1.900052,0,-0.208789825,1,3.12088394,0.098903656
1901,1.901053,0,-0.208789825,1,3.1216507,0.098903656
1902,1.902061,0,0.164836884,1,3.12126732,0.120880127
1903,1.903055,0,0.164836884,1,3.12126732,0.098903656
1904,1.904051,0,-0.230770111,1,3.12126732,0.0769271851
1905,1.905055,0,-0.230770111,1,3.12126732,0.0769271851
1906,1.906052,0,0.164836884,1,3.12088394,0.0769271851
1907,1.907053,0,0.164836884,1,3.12126732,0.0549468994
1908,1.908059,0,-0.142856598,1,3.12126732,0.0329704285
1909,1.909056,0,-0.142856598,1,1.54057169,-0.296703339
1910,1.910050,0,0.252750397,1,3.12126732,0.0329704285
1911,1.911055,0,0.252750397,1,3.12126732,-0.0329666138
1912,1.912057,0,-0.120880127,1,3.12050056,-0.252746582
1913,1.913054,0,-0.120880127,1,3.1216507,-0.142856598
1914,1.914056,0,-0.0549468994,1,3.1216507,-0.0988998413
1915,1.915056,0,-0.0549468994,1,3.12088394,-0.0549468994
1916,1.916050,0,0.252750397,1,3.12050056,-0.0769233704
1917,1.917056,0,0.252750397,1,3.12088394,-0.0988998413
1918,1.918050,0,0.186817169,1,3.12126732,-0.0549468994
1919,1.919064,0,0.186817169,1,3.12088394,-0.0109901428
1920,1.920051,0,-0.230770111,1,3.12088394,-0.0329666138
1921,1.921056,0,-0.230770111,1,1.54124308,0.296707153
1922,1.922050,0,0.098903656,1,3.12126732,-0.0109901428
1923,1.923055,0,0.098903656,1,3.12088394,-0.0329666138
1924,1.924049,0,0.142860413,1,3.12050056,-0.252746582
1925,1.925050,0,0.142860413,1,3.12126732,-0.164836884
1926,1.926052,0,-0.0549468994,1,3.12126732,-0.0988998413
1927,1.927057,0,-0.0549468994,1,3.12050056,-0.0329666138
1928,1.928051,0,-0.208789825,1,3.12050056,-0.0549468994
1929,1.929056,0,-0.208789825,1,3.12088394,-0.0549468994
1930,1.930059,0,0.0109901428,1,3.1216507,-0.0109901428
1931,1.931057,0,0.0109901428,1,3.12088394,0.0549468994
1932,1.932051,0,-0.0988998413,1,3.12088394,0.0549468994
1933,1.933057,0,-0.0988998413,1,1.54133892,0.0329704285
1934,1.934051,0,-0.142856598,1,3.12126732,0.0769271851
1935,1.935051,0,-0.142856598,1,3.12126732,0.0549468994
1936,1.936053,0,-0.142856598,1,3.12088394,-0.0988998413
1937,1.937050,0,-0.142856598,1,3.1216507,0.0329704285
1938,1.938052,0,-0.0109901428,1,3.12203455,0.098903656
1939,1.939057,0,-0.0109901428,1,3.12126732,0.142860413
1940,1.940051,0,-0.0988998413,1,3.12088394,0.098903656
1941,1.941061,0,-0.0988998413,1,3.12203455,0.0769271851
1942,1.942054,0,0.0329704285,1,3.12203455,0.098903656
1943,1.943051,0,0.0329704285,1,3.12126732,0.142860413
1944,1.944052,0,-0.0549468994,1,3.1216507,0.120880127
1945,1.945051,0,-0.0549468994,1,3.1216507,0.0769271851
1946,1.946052,0,0.0769271851,1,3.12241793,0.098903656
1947,1.947056,0,0.0769271851,1,3.1216507,0.120880127
1948,1.948049,0,-0.384616852,1,3.1216507,0.0769271851
1949,1.949054,0,-0.384616852,1,3.1216507,0.0549468994
1950,1.950055,0,0.0109901428,1,3.12203455,0.0549468994
1951,1.951051,0,0.0109901428,1,3.12203455,0.0769271851
1952,1.952058,0,0.0109901428,1,3.12203455,0.0769271851
1953,1.953051,0,0.0109901428,1,3.12203455,0.0549468994
1954,1.954056,0,-0.31867981,1,3.12241793,0.0549468994
1955,1.955052,0,-0.31867981,1,3.12203455,0.0549468994
1956,1.956056,0,-0.0329666138,1,3.12203455,0.0549468994
1957,1.957060,0,-0.0329666138,1,3.12203455,0.0329704285
1958,1.958054,0,0.0109901428,1,3.12241793,0.0329704285
1959,1.959050,0,0.0109901428,1,3.12203455,0.0329704285
1960,1.960051,0,-0.0769233704,1,3.12203455,0.0329704285
1961,1.961055,0,-0.0769233704,1,3.12203455,0.0109901428
1962,1.962080,0,0.0329704285,1,3.12203455,0.0109901428
1963,1.963064,0,0.0329704285,1,3.12241793,0.0329704285
1964,1.964050,0,-0.0988998413,1,3.1228013,0.0329704285
1965,1.965050,0,-0.0988998413,1,3.1228013,0.0329704285
1966,1.966051,0,-0.208789825,1,3.1228013,0.0549468994
1967,1.967055,0,-0.208789825,1,3.1228013,0.0549468994
1968,1.968056,0,-0.142856598,1,3.12241793,0.0549468994
1969,1.969052,0,-0.142856598,1,3.12241793,0.0329704285
1970,1.970053,0,0.120880127,1,3.12241793,0.0329704285
1971,1.971050,0,0.120880127,1,3.12241793,0.0109901428
1972,1.972051,0,-0.0769233704,1,3.1228013,0.0109901428
1973,1.973123,0,-0.0769233704,1,3.1228013,-0.0109901428
1974,1.974051,0,0.20879364,1,3.12203455,-0.0109901428
1975,1.975056,0,0.20879364,1,3.12241793,-0.0329666138
1976,1.976053,0,-0.0109901428,1,3.12203455,-0.0329666138
1977,1.977055,0,-0.0109901428,1,3.12203455,-0.0549468994
1978,1.978052,0,0.0769271851,1,3.12241793,-0.0549468994
1979,1.979054,0,0.0769271851,1,1.54076385,0.120880127
1980,1.980051,0,-0.120880127,1,3.12241793,-0.0549468994
1981,1.981053,0,-0.120880127,1,3.12203455,-0.0988998413
1982,1.982050,0,0.318683624,1,3.12126732,-0.362636566
1983,1.983052,0,0.318683624,1,3.12088394,-0.582416534
1984,1.984058,0,0.098903656,1,3.1216507,-0.60439682
1985,1.985050,0,0.098903656,1,3.12088394,-0.538459778
1986,1.986052,0,0.0769271851,1,3.12011671,-0.47252655
1987,1.987050,0,0.0769271851,1,3.12050056,-0.47252655
1988,1.988051,0,-0.274726868,1,3.12011671,-0.428569794
1989,1.989057,0,-0.274726868,1,3.12011671,-0.384616852
1990,1.990051,0,0.0769271851,1,3.11934996,-0.296703339
1991,1.991056,0,0.0769271851,1,1.54114723,-0.296703339
1992,1.992050,0,-0.0769233704,1,3.11973333,-0.252746582
1993,1.993055,0,-0.0769233704,1,3.11934996,-0.252746582
1994,1.994057,0,-0.208789825,1,3.11858273,-0.450550079
1995,1.995058,0,-0.208789825,1,3.11819935,-0.648349762
1996,1.996053,0,0.120880127,1,3.11819935,-0.670330048
1997,1.997050,0,0.120880127,1,3.11819935,-0.60439682
1998,1.998052,0,-0.164836884,1,3.11704874,-0.494506836
1999,1.999049,0,-0.164836884,1,3.11666536,-0.47252655
2000,2.000051,0,0.142860413,1,3.11704874,-0.47252655
2001,2.001056,0,0.142860413,1,3.11666536,-0.406593323
2002,2.002050,0,0.098903656,1,3.11599445,-0.31867981
2003,2.003055,0,0.098903656,1,3.1156106,-0.296703339
2004,2.004049,0,0.0549468994,1,3.11599445,-0.274726868
2005,2.005050,0,0.0549468994,1,3.11599445,-0.186813354
2006,2.006059,0,-0.164836884,1,3.11522722,-0.120880127
2007,2.007055,0,-0.164836884,1,3.11522722,-0.0988998413
2008,2.008056,0,0.0329704285,1,3.11522722,-0.0769233704
2009,2.009052,0,0.0329704285,1,3.11522722,-0.0109901428
2010,2.010053,0,0.164836884,1,3.11522722,0.0329704285
2011,2.011050,0,0.164836884,1,3.11522722,0.0549468994
2012,2.012051,0,0.0769271851,1,3.11522722,0.0769271851
2013,2.013056,0,0.0769271851,1,3.1156106,0.120880127
2014,2.014057,0,-0.0109901428,1,3.1156106,0.142860413
2015,2.015099,0,-0.0109901428,1,3.1156106,0.164836884
2016,2.016057,0,0.0329704285,1,3.1156106,0.164836884
2017,2.017064,0,0.0329704285,1,3.11599445,0.186817169
2018,2.018050,0,0.098903656,1,3.1156106,0.230770111
2019,2.019054,0,0.098903656,1,3.11599445,0.230770111
2020,2.020055,0,-0.0109901428,1,3.11628199,0.20879364
2021,2.021052,0,-0.0109901428,1,3.11628199,0.230770111
2022,2.022053,0,-0.230770111,1,3.11628199,0.230770111
2023,2.023057,0,-0.230770111,1,3.11628199,0.230770111
2024,2.024050,0,0.274726868,1,3.11666536,0.20879364
2025,2.025050,0,0.274726868,1,3.11666536,0.20879364
2026,2.026051,0,0.0769271851,1,3.11666536,0.20879364
2027,2.027055,0,0.0769271851,1,3.11666536,0.164836884
2028,2.028063,0,-0.0109901428,1,3.11666536,0.120880127
2029,2.029052,0,-0.0109901428,1,3.11666536,0.142860413
2030,2.030054,0,-0.0329666138,1,3.11666536,0.120880127
2031,2.031050,0,-0.0329666138,1,3.11704874,0.098903656
2032,2.032051,0,-0.31867981,1,3.11666536,0.098903656
2033,2.033055,0,-0.31867981,1,3.11704874,0.0769271851
2034,2.034056,0,-0.142856598,1,3.11704874,0.0769271851
2035,2.035056,0,-0.142856598,1,3.11704874,0.0769271851
2036,2.036057,0,-0.340660095,1,3.11704874,0.0769271851
2037,2.037054,0,-0.340660095,1,1.54114723,0.098903656
2038,2.038055,0,0.0549468994,1,3.11704874,0.0769271851
2039,2.039060,0,0.0549468994,1,3.11704874,0.0329704285
2040,2.040051,0,-0.164836884,1,3.11666536,-0.208789825
2041,2.041124,0,-0.164836884,1,3.11666536,-0.450550079
2042,2.042148,0,0.0769271851,1,3.11666536,-0.494506836
2043,2.043149,0,0.0769271851,1,3.11628199,-0.450550079
2044,2.044155,0,0.0329704285,1,3.1156106,-0.428569794
2045,2.045165,0,0.0329704285,1,3.1156106,-0.450550079
2046,2.046050,0,0.0329704285,1,3.1156106,-0.428569794
2047,2.047052,0,0.0329704285,1,3.11522722,-0.384616852
2048,2.048050,0,-0.0769233704,1,3.11484385,-0.340660095
2049,2.049051,0,-0.0769233704,1,1.54114723,-0.31867981
2050,2.050058,0,0.340660095,1,3.11484385,-0.296703339
2051,2.051053,0,0.340660095,1,3.11446047,-0.274726868
2052,2.052050,0,0.0769271851,1,3.11369324,-0.494506836
2053,2.053052,0,0.0769271851,1,3.11292648,-0.714286804
2054,2.054050,0,0.120880127,1,3.11330986,-0.736263275
2055,2.055054,0,0.120880127,1,3.11292648,-0.648349762
2056,2.056051,0,-0.230770111,1,3.11177588,-0.538459778
2057,2.057053,0,-0.230770111,1,3.1113925,-0.516483307
2058,2.058050,0,0.0109901428,1,3.11177588,-0.494506836
2059,2.059052,0,0.0109901428,1,3.1113925,-0.384616852
2060,2.060074,0,0.0549468994,1,3.11062527,-0.31867981
2061,2.061059,0,0.0549468994,1,1.54105139,-0.296703339
2062,2.062054,0,-0.340660095,1,3.11024189,-0.230770111
2063,2.063051,0,-0.340660095,1,3.11062527,-0.252746582
2064,2.064053,0,-0.120880127,1,3.10947466,-0.428569794
2065,2.065053,0,-0.120880127,1,3.10985851,-0.296703339
2066,2.066055,0,0.230770111,1,3.10985851,-0.208789825
2067,2.067052,0,0.230770111,1,3.10947466,-0.142856598
2068,2.068054,0,-0.252746582,1,3.10909128,-0.0988998413
2069,2.069051,0,-0.252746582,1,3.10909128,-0.0988998413
2070,2.070079,0,0.0109901428,1,3.10985851,-0.0549468994
2071,2.071077,0,0.0109901428,1,3.10947466,0.0329704285
2072,2.072060,0,-0.142856598,1,3.10909128,0.0769271851
2073,2.073053,0,-0.142856598,1,3.10909128,0.0769271851
2074,2.074057,0,0.0769271851,1,3.10985851,0.120880127
2075,2.075053,0,0.0769271851,1,3.10947466,0.164836884
2076,2.076050,0,-0.0988998413,1,3.10947466,0.186817169
2077,2.077051,0,-0.0988998413,1,3.10947466,0.164836884
2078,2.078055,0,-0.142856598,1,3.10985851,0.186817169
2079,2.079057,0,-0.142856598,1,3.10985851,0.186817169
2080,2.080053,0,0.0549468994,1,3.10947466,0.186817169
2081,2.081054,0,0.0549468994,1,3.10985851,0.142860413
2082,2.082075,0,-0.208789825,1,3.11024189,0.164836884
2083,2.083061,0,-0.208789825,1,3.10985851,0.186817169
2084,2.084054,0,0.142860413,1,3.10985851,0.186817169
2085,2.085054,0,0.142860413,1,3.10985851,0.164836884
2086,2.086055,0,-0.0109901428,1,3.11024189,0.142860413
2087,2.087052,0,-0.0109901428,1,3.11024189,0.186817169
2088,2.088053,0,-0.0549468994,1,3.10985851,0.164836884
2089,2.089057,0,-0.0549468994,1,3.11062527,0.142860413
2090,2.090050,0,-0.0988998413,1,3.11062527,0.142860413
2091,2.091054,0,-0.0988998413,1,3.11062527,0.164836884
2092,2.092055,0,-0.0329666138,1,3.11062527,0.142860413
2093,2.093151,0,-0.0329666138,1,3.11100864,0.142860413
2094,2.094056,0,-0.0769233704,1,3.11100864,0.164836884
2095,2.095052,0,-0.0769233704,1,3.11100864,0.142860413
2096,2.096057,0,0.0329704285,1,3.11100864,0.142860413
2097,2.097050,0,0.0329704285,1,3.11100864,0.120880127
2098,2.098054,0,-0.142856598,1,3.1113925,0.120880127
2099,2.099055,0,-0.142856598,1,3.1113925,0.120880127
2100,2.100051,0,0.098903656,1,3.1113925,0.098903656
2101,2.101053,0,0.098903656,1,3.1113925,0.098903656
2102,2.102057,0,0.252750397,1,3.1113925,0.0769271851
2103,2.103050,0,0.252750397,1,3.1113925,0.0549468994
2104,2.104057,0,0.0769271851,1,3.11100864,0.0549468994
2105,2.105057,0,0.0769271851,1,3.1113925,0.0329704285
2106,2.106051,0,-0.0988998413,1,3.1113925,0.0329704285
2107,2.107055,0,-0.0988998413,1,1.5408597,-0.120880127
2108,2.108050,0,0.0329704285,1,1.5408597,-0.0109901428
2109,2.109055,0,0.0329704285,1,3.11100864,-0.0549468994
2110,2.110057,0,-0.0549468994,1,3.11062527,-0.230770111
2111,2.111054,0,-0.0549468994,1,3.11100864,-0.0988998413
2112,2.112056,0,0.186817169,1,3.11100864,-0.0549468994
2113,2.113053,0,0.186817169,1,3.1113925,-0.0109901428
2114,2.114055,0,-0.0549468994,1,3.11100864,-0.0109901428
2115,2.115074,0,-0.0549468994,1,3.1113925,-0.0109901428
2116,2.116051,0,0.0549468994,1,3.1113925,0.0109901428
2117,2.117053,0,0.0549468994,1,3.1113925,0.0329704285
2118,2.118050,0,0.230770111,1,3.1113925,0.0329704285
2119,2.119052,0,0.230770111,1,3.11100864,0.20879364
2120,2.120057,0,0.0109901428,1,3.11177588,0.0329704285
2121,2.121062,0,0.0109901428,1,3.11100864,-0.0109901428
2122,2.122049,0,-0.296703339,1,3.11100864,-0.252746582
2123,2.123054,0,-0.296703339,1,3.11177588,-0.142856598
2124,2.124056,0,0.0769271851,1,3.11177588,-0.0769233704
2125,2.125057,0,0.0769271851,1,3.1113925,0.0109901428
2126,2.126064,0,0.0109901428,1,3.11100864,0.0109901428
2127,2.127051,0,0.0109901428,1,3.11100864,-0.0109901428
2128,2.128056,0,0.120880127,1,3.11177588,0.0109901428
2129,2.129050,0,0.120880127,1,3.11177588,0.0549468994
2130,2.130055,0,-0.120880127,1,3.1113925,0.0329704285
2131,2.131057,0,-0.120880127,1,3.11177588,0.0329704285
2132,2.132054,0,0.0769271851,1,3.11215925,0.0549468994
2133,2.133056,0,0.0769271851,1,3.1113925,0.0769271851
2134,2.134053,0,-0.164836884,1,3.1113925,0.0549468994
2135,2.135050,0,-0.164836884,1,3.1113925,0.0329704285
2136,2.136105,0,-0.208789825,1,3.11177588,0.0549468994
2137,2.137057,0,-0.208789825,1,3.11177588,0.0769271851
2138,2.138050,0,-0.0769233704,1,3.11177588,0.0769271851
2139,2.139053,0,-0.0769233704,1,3.11177588,0.0549468994
2140,2.140054,0,0.340660095,1,3.11215925,0.0549468994
2141,2.141051,0,0.340660095,1,3.11177588,0.098903656
2142,2.142052,0,-0.31867981,1,3.11177588,0.0769271851
2143,2.143056,0,-0.31867981,1,3.11254263,0.0769271851
2144,2.144050,0,0.0329704285,1,3.11254263,0.098903656
2145,2.145057,0,0.0329704285,1,3.11215925,0.098903656
2146,2.146050,0,-0.120880127,1,3.11215925,0.098903656
2147,2.147064,0,-0.120880127,1,3.11254263,0.0769271851
2148,2.148050,0,0.0109901428,1,3.11254263,0.098903656
2149,2.149055,0,0.0109901428,1,3.11254263,0.098903656
2150,2.150056,0,-0.208789825,1,3.11254263,0.098903656
2151,2.151052,0,-0.208789825,1,3.11254263,0.0769271851
2152,2.152053,0,0.0109901428,1,3.11292648,0.0769271851
2153,2.153050,0,0.0109901428,1,3.11292648,0.0769271851
2154,2.154051,0,0.164836884,1,3.11292648,0.0769271851
2155,2.155050,0,0.164836884,1,3.11292648,0.0769271851
2156,2.156051,0,0.120880127,1,3.11292648,0.0549468994
2157,2.157093,0,0.120880127,1,3.11254263,0.0549468994
2158,2.158056,0,-0.0769233704,1,3.11330986,0.0329704285
2159,2.159049,0,-0.0769233704,1,3.11330986,0.0549468994
2160,2.160053,0,-0.0109901428,1,3.11292648,0.0329704285
2161,2.161054,0,-0.0109901428,1,3.11292648,0.0109901428
2162,2.162051,0,0.0549468994,1,3.11292648,0.0109901428
2163,2.163052,0,0.0549468994,1,3.11292648,0.0109901428
2164,2.164056,0,-0.0549468994,1,3.11292648,-0.0109901428
2165,2.165053,0,-0.0549468994,1,3.11292648,0.318683624
2166,2.166057,0,0.142860413,1,3.11292648,0.0109901428
2167,2.167050,0,0.142860413,1,3.11292648,-0.0549468994
2168,2.168069,0,-0.142856598,1,3.11215925,-0.296703339
2169,2.169053,0,-0.142856598,1,3.11330986,-0.208789825
2170,2.170054,0,-0.0988998413,1,3.11330986,-0.142856598
2171,2.171051,0,-0.0988998413,1,3.11330986,-0.0769233704
2172,2.172063,0,-0.164836884,1,3.11254263,-0.120880127
2173,2.173050,0,-0.164836884,1,3.11254263,-0.120880127
2174,2.174055,0,-0.142856598,1,3.11292648,-0.0549468994
2175,2.175052,0,-0.142856598,1,3.11292648,-0.0109901428
2176,2.176050,0,0.164836884,1,3.11254263,-0.0329666138
2177,2.177051,0,0.164836884,1,3.11215925,0.0769271851
2178,2.178056,0,0.230770111,1,3.11330986,0.0329704285
2179,2.179063,0,0.230770111,1,3.11292648,0.0329704285
2180,2.180050,0,0.20879364,1,3.11292648,-0.120880127
2181,2.181055,0,0.20879364,1,3.11330986,-0.0109901428
2182,2.182057,0,-0.0549468994,1,3.11369324,0.0549468994
2183,2.183054,0,-0.0549468994,1,3.11254263,0.120880127
2184,2.184056,0,0.0109901428,1,3.11254263,0.0769271851
2185,2.185056,0,0.0109901428,1,3.11330986,0.0329704285
2186,2.186050,0,-0.0988998413,1,3.11330986,0.0769271851
2187,2.187055,0,-0.0988998413,1,3.11330986,0.120880127
2188,2.188049,0,0.164836884,1,3.11330986,0.098903656
2189,2.189135,0,0.164836884,1,1.5408597,0.0769271851
2190,2.190055,0,-0.0109901428,1,3.11330986,0.098903656
2191,2.191049,0,-0.0109901428,1,3.11330986,0.0329704285
2192,2.192054,0,-0.164836884,1,3.11292648,-0.230770111
2193,2.193056,0,-0.164836884,1,3.11254263,-0.120880127
2194,2.194053,0,-0.208789825,1,3.11369324,-0.0549468994
2195,2.195050,0,-0.208789825,1,3.11407661,0.0329704285
2196,2.196055,0,0.0329704285,1,3.11330986,-0.0109901428
2197,2.197050,0,0.0329704285,1,3.11254263,-0.0329666138
2198,2.198055,0,0.0769271851,1,3.11369324,0.0329704285
2199,2.199057,0,0.0769271851,1,3.11369324,0.0769271851
2200,2.200062,0,-0.0769233704,1,3.11330986,0.0769271851
2201,2.201057,0,-0.0769233704,1,3.11407661,0.0549468994
2202,2.202054,0,-0.208789825,1,3.11407661,0.098903656
2203,2.203054,0,-0.208789825,1,3.11407661,0.142860413
2204,2.204050,0,-0.0329666138,1,3.11446047,0.142860413
2205,2.205054,0,-0.0329666138,1,3.11369324,0.120880127
2206,2.206051,0,0.0329704285,1,3.11407661,0.098903656
2207,2.207052,0,0.0329704285,1,3.11446047,0.120880127
2208,2.208056,0,0.0769271851,1,3.11407661,0.120880127
2209,2.209057,0,0.0769271851,1,3.11407661,0.0769271851
2210,2.210137,0,0.098903656,1,3.11484385,0.0769271851
2211,2.211056,0,0.098903656,1,3.11446047,0.098903656
2212,2.212050,0,-0.208789825,1,3.11446047,0.098903656
2213,2.213054,0,-0.208789825,1,3.11407661,0.0769271851
2214,2.214055,0,0.0549468994,1,3.11407661,0.0549468994
2215,2.215055,0,0.0549468994,1,3.11446047,0.0769271851
2216,2.216056,0,-0.0549468994,1,3.11446047,0.0549468994
2217,2.217052,0,-0.0549468994,1,3.11446047,0.0329704285
2218,2.218053,0,0.186817169,1,3.11484385,0.0329704285
2219,2.219050,0,0.186817169,1,3.11484385,0.0549468994
2220,2.220051,0,0.120880127,1,3.11484385,0.0549468994
2221,2.221062,0,0.120880127,1,3.11484385,0.0549468994
2222,2.222056,0,-0.208789825,1,3.11484385,0.0329704285
2223,2.223052,0,-0.208789825,1,3.11484385,0.0549468994
2224,2.224053,0,-0.230770111,1,3.11484385,0.0329704285
2225,2.225053,0,-0.230770111,1,3.11446047,0.0109901428
2226,2.226054,0,-0.142856598,1,3.11522722,0.0329704285
2227,2.227062,0,-0.142856598,1,3.11484385,0.0109901428
2228,2.228051,0,-0.120880127,1,3.11484385,0.0109901428
2229,2.229053,0,-0.120880127,1,3.11484385,0.0109901428
2230,2.230049,0,0.0549468994,1,3.11522722,0.0109901428
2231,2.231063,0,0.0549468994,1,3.11522722,0.0549468994
2232,2.232049,0,0.0329704285,1,3.11522722,0.0549468994
2233,2.233051,0,0.0329704285,1,3.11522722,0.0769271851
2234,2.234055,0,-0.0109901428,1,3.11522722,0.098903656
2235,2.235051,0,-0.0109901428,1,3.11522722,0.0769271851
2236,2.236055,0,-0.120880127,1,1.54095554,0.0549468994
2237,2.237057,0,-0.120880127,1,3.11522722,-0.0109901428
2238,2.238054,0,-0.164836884,1,3.11484385,-0.296703339
2239,2.239056,0,-0.164836884,1,3.11446047,-0.538459778
2240,2.240053,0,-0.0329666138,1,3.11407661,-0.582416534
2241,2.241055,0,-0.0329666138,1,3.11446047,-0.538459778
2242,2.242060,0,-0.0549468994,1,3.11292648,-0.494506836
2243,2.243054,0,-0.0549468994,1,3.11292648,-0.494506836
2244,2.244056,0,0.0329704285,1,3.11330986,-0.47252655
2245,2.245049,0,0.0329704285,1,3.11330986,-0.384616852
2246,2.246051,0,0.0329704285,1,3.11292648,-0.31867981
2247,2.247056,0,0.0329704285,1,3.11254263,-0.31867981
2248,2.248050,0,0.142860413,1,1.54114723,-0.274726868
2249,2.249055,0,0.142860413,1,3.11215925,-0.252746582
2250,2.250049,0,0.0769271851,1,3.11215925,-0.450550079
2251,2.251054,0,0.0769271851,1,3.1113925,-0.670330048
2252,2.252056,0,-0.142856598,1,3.11100864,-0.670330048
2253,2.253064,0,-0.142856598,1,3.1113925,-0.560440063
2254,2.254053,0,-0.120880127,1,3.1113925,-0.450550079
2255,2.255051,0,-0.120880127,1,3.11024189,-0.428569794
2256,2.256056,0,0.186817169,1,3.11024189,-0.384616852
2257,2.257050,0,0.186817169,1,3.11024189,-0.296703339
2258,2.258054,0,0.0329704285,1,3.10985851,-0.252746582
2259,2.259056,0,0.0329704285,1,3.10880375,-0.230770111
2260,2.260054,0,0.098903656,1,3.10880375,-0.208789825
2261,2.261056,0,0.098903656,1,3.10909128,-0.142856598
2262,2.262053,0,0.0549468994,1,3.10909128,-0.0769233704
2263,2.263055,0,0.0549468994,1,3.10880375,-0.0549468994
2264,2.264058,0,-0.120880127,1,3.10880375,-0.0109901428
2265,2.265055,0,-0.120880127,1,3.10909128,0.0109901428
2266,2.266052,0,0.164836884,1,3.10909128,0.0769271851
2267,2.267054,0,0.164836884,1,3.10880375,0.0769271851
2268,2.268050,0,0.20879364,1,3.10880375,0.098903656
2269,2.269051,0,0.20879364,1,3.10909128,0.142860413
2270,2.270055,0,-0.274726868,1,3.10909128,0.164836884
2271,2.271056,0,-0.274726868,1,3.10909128,0.186817169
2272,2.272052,0,-0.230770111,1,3.10947466,0.20879364
2273,2.273053,0,-0.230770111,1,3.10947466,0.20879364
2274,2.274086,0,-0.120880127,1,3.10947466,0.230770111
2275,2.275055,0,-0.120880127,1,3.10947466,0.20879364
2276,2.276056,0,-0.0109901428,1,3.10947466,0.20879364
2277,2.277053,0,-0.0109901428,1,3.10947466,0.20879364
2278,2.278054,0,0.098903656,1,3.10985851,0.230770111
2279,2.279051,0,0.098903656,1,3.10985851,0.20879364
2280,2.280052,0,0.0769271851,1,3.10985851,0.20879364
2281,2.281056,0,0.0769271851,1,3.11024189,0.20879364
2282,2.282057,0,0.120880127,1,3.11024189,0.186817169
2283,2.283053,0,0.120880127,1,3.11024189,0.20879364
2284,2.284054,0,0.142860413,1,3.11062527,0.20879364
2285,2.285099,0,0.142860413,1,3.11100864,0.20879364
2286,2.286057,0,0.164836884,1,3.11100864,0.20879364
2287,2.287051,0,0.164836884,1,3.11100864,0.20879364
2288,2.288055,0,-0.0329666138,1,3.11100864,0.186817169
2289,2.289056,0,-0.0329666138,1,3.11100864,0.164836884
2290,2.290053,0,0.0109901428,1,3.11100864,0.142860413
2291,2.291054,0,0.0109901428,1,3.11100864,0.120880127
2292,2.292060,0,0.098903656,1,3.1113925,0.120880127
2293,2.293139,0,0.098903656,1,1.54105139,0.098903656
2294,2.294068,0,-0.230770111,1,3.1113925,0.0769271851
2295,2.295052,0,-0.230770111,1,3.11100864,0.0109901428
2296,2.296164,0,0.0769271851,1,3.11100864,-0.164836884
2297,2.297083,0,0.0769271851,1,3.11177588,-0.0329666138
2298,2.298092,0,-0.0769233704,1,3.11177588,0.0109901428
2299,2.299067,0,-0.0769233704,1,3.1113925,0.0329704285
2300,2.300056,0,0.0769271851,1,3.1113925,0.0109901428
2301,2.301050,0,0.0769271851,1,3.1113925,0.0109901428
2302,2.302054,0,0.0329704285,1,3.1113925,0.0549468994
2303,2.303056,0,0.0329704285,1,3.11177588,0.0769271851
2304,2.304053,0,0.0329704285,1,3.11177588,0.0769271851
2305,2.305050,0,0.0329704285,1,3.11177588,0.0549468994
2306,2.306055,0,-0.0109901428,1,1.5408597,0.098903656
2307,2.307123,0,-0.0109901428,1,3.11215925,0.0549468994
2308,2.308054,0,-0.0988998413,1,3.11215925,-0.0988998413
2309,2.309056,0,-0.0988998413,1,3.11177588,0.0329704285
2310,2.310054,0,-0.0988998413,1,3.11292648,0.098903656
2311,2.311055,0,-0.0988998413,1,3.11254263,0.120880127
2312,2.312053,0,-0.0109901428,1,3.11215925,0.098903656
2313,2.313054,0,-0.0109901428,1,3.11215925,0.0769271851
2314,2.314052,0,0.120880127,1,3.11292648,0.098903656
2315,2.315056,0,0.120880127,1,3.11292648,0.120880127
2316,2.316054,0,0.0769271851,1,3.11292648,0.098903656
2317,2.317056,0,0.0769271851,1,3.11254263,0.0549468994
2318,2.318157,0,-0.0769233704,1,3.11330986,0.098903656
2319,2.319056,0,-0.0769233704,1,3.11330986,0.0769271851
2320,2.320050,0,0.0549468994,1,3.11254263,-0.142856598
2321,2.321055,0,0.0549468994,1,3.11215925,-0.0549468994
2322,2.322049,0,0.098903656,1,3.11330986,0.0329704285
2323,2.323054,0,0.098903656,1,3.11330986,0.0769271851
2324,2.324056,0,-0.0549468994,1,3.11254263,0.0549468994
2325,2.325057,0,-0.0549468994,1,3.11254263,0.0329704285
2326,2.326051,0,-0.208789825,1,3.11330986,0.0769271851
2327,2.327056,0,-0.208789825,1,3.11369324,0.120880127
2328,2.328050,0,0.0109901428,1,3.11330986,0.098903656
2329,2.329062,0,0.0109901428,1,3.11369324,0.0769271851
2330,2.330057,0,0.20879364,1,3.11369324,0.098903656
2331,2.331054,0,0.20879364,1,3.11407661,0.142860413
2332,2.332056,0,-0.0549468994,1,3.11330986,0.120880127
2333,2.333053,0,-0.0549468994,1,3.11330986,0.098903656
2334,2.334054,0,0.120880127,1,3.11407661,0.098903656
2335,2.335052,0,0.120880127,1,3.11407661,0.120880127
2336,2.336053,0,0.0549468994,1,3.11407661,0.098903656
2337,2.337049,0,0.0549468994,1,3.11446047,0.098903656
2338,2.338051,0,-0.0988998413,1,3.11446047,0.120880127
2339,2.339106,0,-0.0988998413,1,3.11446047,0.142860413
2340,2.340052,0,0.0549468994,1,3.11446047,0.142860413
2341,2.341054,0,0.0549468994,1,3.11446047,0.120880127
2342,2.342050,0,-0.0329666138,1,3.11484385,0.120880127
2343,2.343051,0,-0.0329666138,1,3.11484385,0.098903656
2344,2.344055,0,0.0549468994,1,3.11484385,0.0769271851
2345,2.345065,0,0.0549468994,1,3.11484385,0.0769271851
2346,2.346053,0,0.120880127,1,3.11484385,0.0549468994
2347,2.347055,0,0.120880127,1,3.11522722,0.0549468994
2348,2.348051,0,0.230770111,1,3.11484385,0.0329704285
2349,2.349053,0,0.230770111,1,3.11484385,0.0109901428
2350,2.350063,0,-0.142856598,1,3.11522722,0.0109901428
2351,2.351052,0,-0.142856598,1,3.11522722,0.0109901428
2352,2.352053,0,-0.208789825,1,3.11522722,0.0109901428
2353,2.353050,0,-0.208789825,1,3.11484385,-0.0109901428
2354,2.354051,0,-0.0109901428,1,3.11522722,0.0109901428
2355,2.355050,0,-0.0109901428,1,3.11522722,0.0329704285
2356,2.356051,0,-0.164836884,1,3.11522722,0.0109901428
2357,2.357056,0,-0.164836884,1,3.11522722,0.0109901428
2358,2.358049,0,-0.120880127,1,3.11522722,0.0109901428
2359,2.359053,0,-0.120880127,1,3.11522722,0.0109901428
2360,2.360054,0,-0.0329666138,1,3.11522722,0.0109901428
2361,2.361059,0,-0.0329666138,1,3.1156106,0.0329704285
2362,2.362053,0,0.20879364,1,3.1156106,0.0549468994
2363,2.363057,0,0.20879364,1,3.11599445,-0.208789825
2364,2.364050,0,0.098903656,1,1.54047585,0.0549468994
2365,2.365050,0,0.098903656,1,3.1156106,-0.0109901428
2366,2.366051,0,-0.31867981,1,3.1156106,-0.274726868
2367,2.367055,0,-0.31867981,1,3.11484385,-0.516483307
2368,2.368056,0,0.0109901428,1,3.11446047,-0.560440063
2369,2.369053,0,0.0109901428,1,3.11484385,-0.516483307
2370,2.370055,0,0.252750397,1,3.11484385,-0.47252655
2371,2.371111,0,0.252750397,1,3.11330986,-0.47252655
2372,2.372051,0,-0.0988998413,1,3.11330986,-0.47252655
2373,2.373053,0,-0.0988998413,1,3.11330986,-0.406593323
2374,2.374051,0,0.0109901428,1,3.11330986,-0.362636566
2375,2.375055,0,0.0109901428,1,3.11254263,0.0109901428
2376,2.376053,0,-0.0769233704,1,1.54114723,-0.296703339
2377,2.377054,0,-0.0769233704,1,3.11254263,-0.296703339
2378,2.378051,0,0.186817169,1,3.11254263,-0.494506836
2379,2.379053,0,0.186817169,1,3.1113925,-0.692306519
2380,2.380050,0,0.120880127,1,3.1113925,-0.692306519
2381,2.381052,0,0.120880127,1,3.11177588,-0.582416534
2382,2.382064,0,0.0329704285,1,3.11024189,-0.494506836
2383,2.383054,0,0.0329704285,1,3.11024189,-0.494506836
2384,2.384056,0,-0.0769233704,1,3.10947466,-0.47252655
2385,2.385056,0,-0.0769233704,1,3.11024189,-0.384616852
2386,2.386050,0,-0.252746582,1,3.11024189,-0.296703339
2387,2.387055,0,-0.252746582,1,3.10909128,-0.252746582
2388,2.388049,0,0.230770111,1,3.10880375,-0.208789825
2389,2.389055,0,0.230770111,1,3.10947466,-0.142856598
2390,2.390057,0,-0.0988998413,1,3.10880375,-0.0988998413
2391,2.391054,0,-0.0988998413,1,3.10909128,-0.0329666138
2392,2.392056,0,-0.0769233704,1,3.10880375,-0.0109901428
2393,2.393059,0,-0.0769233704,1,3.10909128,0.0329704285
2394,2.394054,0,0.0329704285,1,3.10909128,0.098903656
2395,2.395054,0,0.0329704285,1,3.10909128,0.120880127
2396,2.396056,0,0.120880127,1,3.10880375,0.120880127
2397,2.397054,0,0.120880127,1,3.10947466,0.164836884
2398,2.398055,0,-0.164836884,1,3.10947466,0.186817169
2399,2.399052,0,-0.164836884,1,3.10947466,0.20879364
2400,2.400052,0,0.164836884,1,3.10947466,0.186817169
2401,2.401150,0,0.164836884,1,3.10947466,0.20879364
2402,2.402054,0,0.0549468994,1,3.10947466,0.20879364
2403,2.403085,0,0.0549468994,1,3.10947466,0.20879364
2404,2.404054,0,-0.0769233704,1,3.10947466,0.20879364
2405,2.405051,0,-0.0769233704,1,3.10985851,0.230770111
2406,2.406056,0,0.0329704285,1,3.11024189,0.230770111
2407,2.407057,0,0.0329704285,1,3.11024189,0.20879364
2408,2.408053,0,-0.164836884,1,3.11024189,0.20879364
2409,2.409054,0,-0.164836884,1,3.11024189,0.20879364
2410,2.410050,0,0.120880127,1,3.11062527,0.20879364
2411,2.411051,0,0.120880127,1,3.11062527,0.20879364
2412,2.412055,0,-0.0329666138,1,3.11062527,0.186817169
2413,2.413057,0,-0.0329666138,1,3.11100864,0.20879364
2414,2.414058,0,-0.164836884,1,3.1113925,0.230770111
2415,2.415050,0,-0.164836884,1,3.11100864,0.20879364
2416,2.416051,0,-0.0549468994,1,3.1113925,0.186817169
2417,2.417055,0,-0.0549468994,1,3.11177588,0.186817169
2418,2.418056,0,0.0109901428,1,3.1113925,0.164836884
2419,2.419053,0,0.0109901428,1,3.11177588,0.164836884
2420,2.420054,0,0.142860413,1,3.11177588,0.164836884
2421,2.421051,0,0.142860413,1,3.1113925,-0.230770111
2422,2.422052,0,-0.186813354,1,1.54076385,0.120880127
2423,2.423056,0,-0.186813354,1,3.1113925,0.0329704285
2424,2.424049,0,-0.0549468994,1,3.11177588,-0.230770111
2425,2.425058,0,-0.0549468994,1,3.1113925,-0.47252655
2426,2.426052,0,0.142860413,1,3.11100864,-0.516483307
2427,2.427056,0,0.142860413,1,3.1113925,-0.47252655
2428,2.428050,0,0.0109901428,1,3.11062527,-0.450550079
2429,2.429054,0,0.0109901428,1,3.11024189,-0.450550079
2430,2.430055,0,-0.0549468994,1,3.10985851,-0.428569794
2431,2.431052,0,-0.0549468994,1,3.11024189,-0.362636566
2432,2.432053,0,0.098903656,1,3.10985851,-0.31867981
2433,2.433057,0,0.098903656,1,3.10947466,-0.296703339
2434,2.434050,0,0.0769271851,1,1.54124308,-0.252746582
2435,2.435093,0,0.0769271851,1,3.10947466,-0.230770111
2436,2.436056,0,-0.142856598,1,3.10947466,-0.340660095
2437,2.437051,0,-0.142856598,1,3.10842037,-0.186813354
2438,2.438056,0,-0.164836884,1,3.10880375,-0.142856598
2439,2.439050,0,-0.164836884,1,3.10909128,-0.0769233704
2440,2.440055,0,-0.340660095,1,3.10880375,-0.0329666138
2441,2.441049,0,-0.340660095,1,3.10842037,-0.0329666138
2442,2.442054,0,0.0549468994,1,3.10909128,0.0329704285
2443,2.443056,0,0.0549468994,1,3.10909128,0.098903656
2444,2.444053,0,0.20879364,1,3.10947466,0.120880127
2445,2.445051,0,0.20879364,1,3.10909128,0.142860413
2446,2.446063,0,0.098903656,1,3.10985851,0.186817169
2447,2.447053,0,0.098903656,1,3.10985851,0.164836884
2448,2.448055,0,0.098903656,1,3.10985851,0.0109901428
2449,2.449052,0,0.098903656,1,3.10880375,0.098903656
2450,2.450054,0,-0.0769233704,1,3.10985851,0.164836884
2451,2.451051,0,-0.0769233704,1,3.10985851,0.20879364
2452,2.452053,0,-0.120880127,1,3.10909128,0.164836884
2453,2.453051,0,-0.120880127,1,3.10947466,0.142860413
2454,2.454052,0,-0.0109901428,1,3.10985851,0.164836884
2455,2.455053,0,-0.0109901428,1,3.11024189,0.20879364
2456,2.456054,0,-0.0329666138,1,3.10985851,0.186817169
2457,2.457157,0,-0.0329666138,1,3.11062527,0.142860413
2458,2.458054,0,0.186817169,1,3.11062527,0.186817169
2459,2.459056,0,0.186817169,1,3.11062527,0.20879364
2460,2.460053,0,0.0549468994,1,3.11062527,0.20879364
2461,2.461060,0,0.0549468994,1,3.11062527,0.186817169
2462,2.462055,0,-0.0109901428,1,3.11100864,0.20879364
2463,2.463052,0,-0.0109901428,1,3.11100864,0.20879364
2464,2.464054,0,-0.164836884,1,3.11062527,0.164836884
2465,2.465052,0,-0.164836884,1,3.1113925,0.164836884
2466,2.466053,0,-0.0109901428,1,3.1113925,0.164836884
2467,2.467056,0,-0.0109901428,1,3.11177588,0.186817169
2468,2.468064,0,0.0549468994,1,3.11177588,0.186817169
2469,2.469050,0,0.0549468994,1,3.11177588,0.164836884
2470,2.470055,0,-0.252746582,1,3.11215925,0.164836884
2471,2.471056,0,-0.252746582,1,3.11215925,0.142860413
2472,2.472052,0,0.0109901428,1,3.11177588,0.098903656
2473,2.473053,0,0.0109901428,1,3.11177588,0.0769271851
2474,2.474049,0,-0.0549468994,1,3.11215925,0.0769271851
2475,2.475053,0,-0.0549468994,1,3.11215925,0.0549468994
2476,2.476050,0,-0.0329666138,1,3.11215925,0.0549468994
2477,2.477051,0,-0.0329666138,1,3.11177588,0.0329704285
2478,2.478089,0,0.0769271851,1,3.11215925,0.0549468994
2479,2.479049,0,0.0769271851,1,3.11215925,0.0329704285
2480,2.480051,0,-0.186813354,1,3.11177588,0.0109901428
2481,2.481055,0,-0.186813354,1,3.11215925,-0.0109901428
2482,2.482056,0,-0.0329666138,1,3.11215925,0.0109901428
2483,2.483052,0,-0.0329666138,1,3.11215925,-0.0109901428
2484,2.484053,0,-0.296703339,1,3.11215925,-0.0109901428
2485,2.485053,0,-0.296703339,1,3.11215925,0.0109901428
2486,2.486054,0,-0.142856598,1,3.11254263,0.0109901428
2487,2.487050,0,-0.142856598,1,3.11215925,-0.0109901428
2488,2.488051,0,0.186817169,1,3.11215925,-0.0109901428
2489,2.489084,0,0.186817169,1,3.11215925,-0.0109901428
2490,2.490050,0,-0.0769233704,1,3.11215925,-0.0109901428
2491,2.491051,0,-0.0769233704,1,3.11215925,-0.0109901428
2492,2.492055,0,-0.230770111,1,1.54095554,-0.0109901428
2493,2.493049,0,-0.230770111,1,3.11215925,-0.0549468994
2494,2.494053,0,-0.0549468994,1,3.11215925,-0.31867981
2495,2.495050,0,-0.0549468994,1,3.1113925,-0.538459778
2496,2.496054,0,-0.0549468994,1,3.1113925,-0.560440063
2497,2.497055,0,-0.0549468994,1,3.11177588,-0.516483307
2498,2.498051,0,0.384616852,1,3.1113925,-0.450550079
2499,2.499052,0,0.384616852,1,3.11062527,-0.406593323
2500,2.500058,0,-0.0329666138,1,3.11062527,-0.384616852
2501,2.501053,0,-0.0329666138,1,3.11062527,-0.31867981
2502,2.502050,0,0.120880127,1,3.11024189,-0.296703339
2503,2.503052,0,0.120880127,1,3.10985851,-0.274726868
2504,2.504049,0,-0.208789825,1,1.54095554,-0.252746582
2505,2.505054,0,-0.208789825,1,3.10985851,-0.230770111
2506,2.506051,0,0.164836884,1,3.10985851,-0.362636566
2507,2.507053,0,0.164836884,1,3.10842037,-0.230770111
2508,2.508050,0,-0.142856598,1,3.10909128,-0.164836884
2509,2.509052,0,-0.142856598,1,3.10947466,-0.0769233704
2510,2.510087,0,-0.0329666138,1,3.10842037,-0.0329666138
2511,2.511051,0,-0.0329666138,1,3.10842037,-0.0549468994
2512,2.512053,0,-0.0988998413,1,3.10909128,0.0109901428
2513,2.513050,0,-0.0988998413,1,3.10947466,0.0769271851
2514,2.514062,0,0.098903656,1,3.10909128,0.098903656
2515,2.515052,0,0.098903656,1,3.10909128,0.098903656
2516,2.516056,0,0.098903656,1,3.10947466,0.120880127
2517,2.517051,0,0.098903656,1,3.10985851,0.164836884
2518,2.518056,0,-0.384616852,1,3.10947466,0.164836884
2519,2.519050,0,-0.384616852,1,3.10947466,0.186817169
2520,2.520055,0,-0.0988998413,1,3.10985851,0.230770111
2521,2.521159,0,-0.0988998413,1,3.11024189,0.252750397
2522,2.522056,0,0.230770111,1,3.11024189,0.274726868
2523,2.523051,0,0.230770111,1,3.11024189,0.252750397
2524,2.524157,0,-0.0549468994,1,3.11100864,0.252750397
2525,2.525093,0,-0.0549468994,1,3.11062527,0.274726868
2526,2.526054,0,0.120880127,1,3.11062527,0.230770111
2527,2.527157,0,0.120880127,1,3.1113925,0.230770111
2528,2.528052,0,-0.0549468994,1,3.1113925,0.230770111
2529,2.529193,0,-0.0109901428,1,3.11100864,0.20879364
2530,2.530194,0,-0.0109901428,1,3.1113925,0.186817169
2531,2.531050,0,-0.0109901428,1,3.1113925,0.164836884
2532,2.532059,0,-0.0329666138,1,3.11177588,0.164836884
2533,2.533053,0,-0.0329666138,1,3.11177588,0.142860413
2534,2.534049,0,-0.230770111,1,3.11177588,0.120880127
2535,2.535053,0,-0.230770111,1,3.11177588,0.098903656
2536,2.536050,0,0.120880127,1,3.11177588,0.098903656
2537,2.537051,0,0.120880127,1,3.11177588,0.098903656
2538,2.538055,0,0.0329704285,1,3.11215925,0.098903656
2539,2.539056,0,0.0329704285,1,3.11215925,0.098903656
2540,2.540052,0,-0.0549468994,1,3.11215925,0.098903656
2541,2.541054,0,-0.0549468994,1,3.11177588,0.0769271851
2542,2.542071,0,0.164836884,1,3.11215925,0.0549468994
2543,2.543049,0,0.164836884,1,3.11215925,0.0329704285
2544,2.544051,0,0.098903656,1,3.11215925,0.0329704285
2545,2.545050,0,0.098903656,1,3.11215925,0.0109901428
2546,2.546051,0,0.0109901428,1,3.11215925,0.0109901428
2547,2.547055,0,0.0109901428,1,3.11215925,0.0109901428
2548,2.548056,0,-0.142856598,1,3.11254263,0.0109901428
2549,2.549053,0,-0.142856598,1,3.11215925,0.230770111
2550,2.550054,0,-0.0769233704,1,1.54114723,0.0109901428
2551,2.551051,0,-0.0769233704,1,3.11254263,-0.0329666138
2552,2.552052,0,0.0329704285,1,3.11215925,-0.274726868
2553,2.553059,0,0.0329704285,1,3.11177588,-0.516483307
2554,2.554055,0,-0.0109901428,1,3.11177588,-0.516483307
2555,2.555052,0,-0.0109901428,1,3.11177588,-0.494506836
2556,2.556056,0,0.186817169,1,3.1113925,-0.450550079
2557,2.557050,0,0.186817169,1,3.11024189,-0.47252655
2558,2.558054,0,-0.230770111,1,3.11024189,-0.450550079
2559,2.559055,0,-0.230770111,1,3.11024189,-0.406593323
2560,2.560051,0,0.230770111,1,3.10985851,-0.362636566
2561,2.561052,0,0.230770111,1,3.10947466,0.0109901428
2562,2.562056,0,0.20879364,1,1.54105139,-0.31867981
2563,2.563049,0,0.20879364,1,3.10909128,-0.274726868
2564,2.564061,0,-0.0769233704,1,3.10909128,-0.406593323
2565,2.565051,0,-0.0769233704,1,3.10842037,-0.252746582
2566,2.566056,0,-0.0988998413,1,3.10880375,-0.164836884
2567,2.567064,0,-0.0988998413,1,3.10909128,-0.0769233704
2568,2.568051,0,-0.230770111,1,3.10880375,-0.0329666138
2569,2.569055,0,-0.230770111,1,3.10880375,-0.0109901428
2570,2.570050,0,0.296707153,1,3.10909128,0.0329704285
2571,2.571054,0,0.296707153,1,3.10909128,0.098903656
2572,2.572056,0,-0.142856598,1,3.10909128,0.142860413
2573,2.573054,0,-0.142856598,1,3.10909128,0.120880127
2574,2.574088,0,-0.0549468994,1,3.10947466,0.186817169
2575,2.575050,0,-0.0549468994,1,3.10947466,0.164836884
2576,2.576052,0,0.274726868,1,3.10947466,-0.0109901428
2577,2.577049,0,0.274726868,1,3.10947466,0.120880127
2578,2.578051,0,-0.0769233704,1,3.10985851,0.164836884
2579,2.579056,0,-0.0769233704,1,3.11024189,0.230770111
2580,2.580050,0,-0.120880127,1,3.10985851,0.230770111
2581,2.581056,0,-0.120880127,1,3.10947466,0.164836884
2582,2.582050,0,-0.362636566,1,3.11024189,0.20879364
2583,2.583055,0,-0.362636566,1,3.11062527,0.230770111
2584,2.584057,0,0.186817169,1,3.11062527,0.230770111
2585,2.585130,0,0.186817169,1,3.11062527,0.186817169
2586,2.586050,0,0.230770111,1,3.11062527,0.20879364
2587,2.587053,0,0.230770111,1,3.11100864,0.20879364
2588,2.588050,0,-0.142856598,1,3.11062527,0.186817169
2589,2.589052,0,-0.142856598,1,3.11100864,0.164836884
2590,2.590049,0,-0.120880127,1,3.11100864,0.164836884
2591,2.591051,0,-0.120880127,1,3.1113925,0.186817169
2592,2.592056,0,0.164836884,1,3.1113925,0.164836884
2593,2.593050,0,0.164836884,1,3.1113925,0.164836884
2594,2.594055,0,-0.120880127,1,3.1113925,0.164836884
2595,2.595052,0,-0.120880127,1,3.11177588,0.164836884
2596,2.596064,0,-0.0988998413,1,3.11177588,0.142860413
2597,2.597050,0,-0.0988998413,1,3.11177588,0.120880127
2598,2.598054,0,0.0109901428,1,3.11215925,0.120880127
2599,2.599055,0,0.0109901428,1,3.11215925,0.120880127
2600,2.600051,0,-0.0329666138,1,3.11215925,0.098903656
2601,2.601052,0,-0.0329666138,1,3.11215925,0.0769271851
2602,2.602056,0,-0.230770111,1,3.11215925,0.0769271851
2603,2.603049,0,-0.230770111,1,3.11254263,0.0769271851
2604,2.604054,0,0.0329704285,1,3.11254263,0.0769271851
2605,2.605050,0,0.0329704285,1,3.11254263,0.0769271851
2606,2.606080,0,0.0549468994,1,3.11254263,0.098903656
2607,2.607054,0,0.0549468994,1,3.11254263,0.0769271851
2608,2.608056,0,0.296707153,1,3.11254263,0.0769271851
2609,2.609052,0,0.296707153,1,3.11254263,0.0769271851
2610,2.610053,0,0.186817169,1,3.11254263,0.0549468994
2611,2.611049,0,0.186817169,1,3.11292648,0.0549468994
2612,2.612051,0,-0.0549468994,1,3.11292648,0.0329704285
2613,2.613055,0,-0.0549468994,1,3.11254263,0.0109901428
2614,2.614056,0,-0.0988998413,1,3.11254263,-0.0109901428
2615,2.615056,0,-0.0988998413,1,3.11254263,-0.0329666138
2616,2.616049,0,0.142860413,1,3.11254263,-0.0329666138
2617,2.617061,0,0.142860413,1,3.11254263,-0.0109901428
2618,2.618050,0,-0.0549468994,1,3.11254263,-0.0109901428
2619,2.619051,0,-0.0549468994,1,3.11292648,0.340660095
2620,2.620055,0,0.0549468994,1,1.54124308,-0.0109901428
2621,2.621049,0,0.0549468994,1,3.11254263,-0.0769233704
2622,2.622053,0,-0.208789825,1,3.11292648,-0.296703339
2623,2.623054,0,-0.208789825,1,3.11177588,-0.186813354
2624,2.624051,0,0.0549468994,1,3.11292648,-0.120880127
2625,2.625055,0,0.0549468994,1,3.11292648,-0.0769233704
2626,2.626051,0,-0.142856598,1,3.11215925,-0.0769233704
2627,2.627052,0,-0.142856598,1,3.11292648,-0.0549468994
2628,2.628096,0,0.098903656,1,3.11292648,-0.0109901428
2629,2.629054,0,0.098903656,1,3.11292648,0.0329704285
2630,2.630056,0,-0.0769233704,1,3.11254263,0.0329704285
2631,2.631053,0,-0.0769233704,1,3.11254263,0.0329704285
2632,2.632055,0,-0.0109901428,1,1.54095554,0.0769271851
2633,2.633052,0,-0.0109901428,1,3.11292648,0.0329704285
2634,2.634054,0,-0.0769233704,1,3.11292648,-0.120880127
2635,2.635054,0,-0.0769233704,1,3.11254263,-0.0109901428
2636,2.636056,0,0.20879364,1,3.11330986,0.0549468994
2637,2.637054,0,0.20879364,1,3.11369324,0.098903656
2638,2.638055,0,-0.120880127,1,3.11254263,0.0769271851
2639,2.639062,0,-0.120880127,1,3.11292648,0.0329704285
2640,2.640049,0,-0.0109901428,1,3.11330986,0.0769271851
2641,2.641054,0,-0.0109901428,1,3.11369324,0.098903656
2642,2.642056,0,0.0329704285,1,3.11292648,0.0769271851
2643,2.643053,0,0.0329704285,1,3.11330986,0.0769271851
2644,2.644055,0,-0.0329666138,1,3.11369324,0.120880127
2645,2.645056,0,-0.0329666138,1,3.11369324,0.142860413
2646,2.646050,0,-0.0329666138,1,3.11369324,0.142860413
2647,2.647055,0,-0.0329666138,1,3.11369324,0.142860413
2648,2.648057,0,-0.0549468994,1,3.11407661,0.142860413
2649,2.649082,0,-0.0549468994,1,3.11407661,0.142860413
2650,2.650054,0,0.340660095,1,3.11407661,0.142860413
2651,2.651056,0,0.340660095,1,3.11407661,0.120880127
2652,2.652053,0,0.0109901428,1,3.11407661,0.120880127
2653,2.653055,0,0.0109901428,1,3.11446047,0.164836884
2654,2.654053,0,0.0109901428,1,3.11446047,0.142860413
2655,2.655050,0,0.0109901428,1,3.11484385,0.142860413
2656,2.656055,0,-0.0329666138,1,3.11484385,0.120880127
2657,2.657056,0,-0.0329666138,1,3.11522722,0.164836884
2658,2.658054,0,0.20879364,1,3.11484385,0.142860413
2659,2.659056,0,0.20879364,1,3.11484385,0.120880127
2660,2.660065,0,-0.384616852,1,3.1156106,0.142860413
2661,2.661055,0,-0.384616852,1,3.1156106,0.142860413
2662,2.662055,0,0.0329704285,1,3.11522722,0.098903656
2663,2.663051,0,0.0329704285,1,3.11522722,0.0769271851
2664,2.664052,0,-0.252746582,1,3.1156106,0.0549468994
2665,2.665051,0,-0.252746582,1,3.1156106,0.0549468994
2666,2.666052,0,-0.0988998413,1,3.11522722,0.0549468994
2667,2.667056,0,-0.0988998413,1,3.11522722,0.0109901428
2668,2.668049,0,-0.0988998413,1,3.1156106,0.0329704285
2669,2.669054,0,-0.0988998413,1,3.1156106,0.0329704285
2670,2.670055,0,-0.142856598,1,3.11522722,0.0109901428
2671,2.671058,0,-0.142856598,1,3.1156106,0.0109901428
2672,2.672052,0,0.0109901428,1,3.1156106,0.0109901428
2673,2.673055,0,0.0109901428,1,3.1156106,0.0109901428
2674,2.674057,0,-0.0988998413,1,3.1156106,-0.0109901428
2675,2.675056,0,-0.0988998413,1,3.11599445,0.0109901428
2676,2.676049,0,-0.0109901428,1,3.11599445,0.0329704285
2677,2.677054,0,-0.0109901428,1,3.11599445,0.252750397
2678,2.678055,0,0.098903656,1,1.54114723,0.0109901428
2679,2.679051,0,0.098903656,1,3.11599445,-0.0329666138
2680,2.680052,0,-0.0549468994,1,3.11599445,-0.186813354
2681,2.681078,0,-0.0549468994,1,3.11628199,-0.0329666138
2682,2.682060,0,0.274726868,1,3.11628199,0.0109901428
2683,2.683054,0,0.274726868,1,3.11628199,0.0549468994
2684,2.684050,0,0.274726868,1,3.1156106,0.0109901428
2685,2.685055,0,0.274726868,1,3.11599445,0.0109901428
2686,2.686051,0,-0.0769233704,1,3.11666536,0.0549468994
2687,2.687052,0,-0.0769233704,1,3.11628199,0.0549468994
2688,2.688056,0,-0.296703339,1,3.11666536,0.0549468994
2689,2.689049,0,-0.296703339,1,3.11628199,0.0549468994
2690,2.690053,0,-0.0549468994,1,1.54105139,0.0769271851
2691,2.691054,0,-0.0549468994,1,3.11666536,0.0329704285
2692,2.692119,0,0.0769271851,1,3.11599445,-0.142856598
2693,2.693054,0,0.0769271851,1,3.11599445,-0.0329666138
2694,2.694056,0,-0.0988998413,1,3.11704874,0.0329704285
2695,2.695055,0,-0.0988998413,1,3.11704874,0.0769271851
2696,2.696057,0,0.142860413,1,3.11628199,0.0329704285
2697,2.697054,0,0.142860413,1,3.11628199,0.0109901428
2698,2.698056,0,0.0109901428,1,3.11704874,0.0769271851
2699,2.699053,0,0.0109901428,1,3.11743259,0.120880127
2700,2.700055,0,-0.164836884,1,3.11704874,0.120880127
2701,2.701052,0,-0.164836884,1,3.11704874,0.098903656
2702,2.702054,0,0.142860413,1,1.54095554,0.098903656
2703,2.703061,0,0.142860413,1,3.11743259,0.0769271851
2704,2.704056,0,0.0329704285,1,3.11704874,-0.0988998413
2705,2.705056,0,0.0329704285,1,3.11666536,-0.0109901428
2706,2.706050,0,-0.164836884,1,3.11743259,0.0549468994
2707,2.707055,0,-0.164836884,1,3.11781597,0.098903656
2708,2.708057,0,-0.0549468994,1,3.11704874,0.0769271851
2709,2.709054,0,-0.0549468994,1,3.11743259,0.0549468994
2710,2.710056,0,0.164836884,1,3.11781597,0.098903656
2711,2.711053,0,0.164836884,1,3.11819935,0.142860413
2712,2.712055,0,-0.0549468994,1,3.11781597,0.120880127
2713,2.713090,0,-0.0549468994,1,3.11819935,0.120880127
2714,2.714056,0,0.0329704285,1,3.11819935,0.142860413
2715,2.715054,0,0.0329704285,1,3.11819935,0.142860413
2716,2.716051,0,-0.340660095,1,3.11819935,0.120880127
2717,2.717053,0,-0.340660095,1,3.11858273,0.120880127
2718,2.718050,0,0.164836884,1,3.11858273,0.098903656
2719,2.719052,0,0.164836884,1,3.11858273,0.120880127
2720,2.720049,0,-0.0109901428,1,3.11858273,0.098903656
2721,2.721051,0,-0.0109901428,1,3.11858273,0.0769271851
2722,2.722056,0,-0.0988998413,1,3.11858273,0.098903656
2723,2.723050,0,-0.0988998413,1,3.11896658,0.098903656
2724,2.724097,0,0.142860413,1,3.11896658,0.098903656
2725,2.725052,0,0.142860413,1,3.11896658,0.0769271851
2726,2.726054,0,0.0329704285,1,3.11934996,0.098903656
2727,2.727050,0,0.0329704285,1,3.11934996,0.098903656
2728,2.728050,0,0.098903656,1,3.11934996,0.0769271851
2729,2.729054,0,0.098903656,1,3.11934996,0.0769271851
2730,2.730055,0,-0.120880127,1,3.11934996,0.0769271851
2731,2.731051,0,-0.120880127,1,3.11973333,0.0769271851
2732,2.732052,0,-0.142856598,1,3.11934996,0.0549468994
2733,2.733057,0,-0.142856598,1,3.11934996,0.0549468994
2734,2.734050,0,0.0549468994,1,3.11973333,0.0769271851
2735,2.735060,0,0.0549468994,1,3.12011671,0.098903656
2736,2.736054,0,-0.120880127,1,3.11973333,0.098903656
2737,2.737169,0,-0.120880127,1,3.11973333,0.098903656
2738,2.738077,0,-0.296703339,1,3.11973333,0.0769271851
2739,2.739120,0,-0.296703339,1,3.12011671,0.0769271851
2740,2.740156,0,-0.0769233704,1,3.12011671,0.0549468994
2741,2.741157,0,-0.0769233704,1,3.12011671,0.0329704285
2742,2.742157,0,0.0549468994,1,3.12011671,0.0329704285
2743,2.743171,0,0.0549468994,1,3.12011671,0.0329704285
2744,2.744170,0,-0.142856598,1,3.12011671,0.0329704285
2745,2.745143,0,-0.142856598,1,3.12011671,0.0109901428
2746,2.746055,0,-0.208789825,1,3.12011671,0.0109901428
2747,2.747056,0,-0.208789825,1,3.12011671,0.120880127
2748,2.748052,0,-0.0329666138,1,1.54076385,-0.0109901428
2749,2.749054,0,-0.0329666138,1,3.12011671,-0.0549468994
2750,2.750050,0,0.252750397,1,3.12011671,-0.296703339
2751,2.751051,0,0.252750397,1,3.11973333,-0.516483307
2752,2.752055,0,0.0109901428,1,3.11896658,-0.560440063
2753,2.753056,0,0.0109901428,1,3.11973333,-0.516483307
2754,2.754053,0,-0.0988998413,1,3.11934996,-0.47252655
2755,2.755057,0,-0.0988998413,1,3.11858273,-0.47252655
2756,2.756059,0,0.0109901428,1,3.11819935,-0.47252655
2757,2.757053,0,0.0109901428,1,3.11819935,-0.406593323
2758,2.758050,0,0.274726868,1,3.11819935,-0.31867981
2759,2.759051,0,0.274726868,1,3.11781597,0.406597137
2760,2.760055,0,-0.164836884,1,1.54124308,-0.252746582
2761,2.761056,0,-0.164836884,1,3.11781597,-0.274726868
2762,2.762053,0,0.142860413,1,3.11743259,-0.450550079
2763,2.763055,0,0.142860413,1,3.11628199,-0.31867981
2764,2.764052,0,-0.142856598,1,3.11743259,-0.208789825
2765,2.765049,0,-0.142856598,1,3.11743259,-0.0988998413
2766,2.766083,0,0.0549468994,1,3.11666536,-0.0769233704
2767,2.767054,0,0.0549468994,1,3.11666536,-0.0769233704
2768,2.768057,0,0.142860413,1,3.11704874,-0.0109901428
2769,2.769054,0,0.142860413,1,3.11743259,0.0329704285
2770,2.770056,0,-0.0109901428,1,3.11704874,0.0769271851
2771,2.771053,0,-0.0109901428,1,3.11666536,0.0769271851
2772,2.772055,0,-0.0549468994,1,3.11704874,0.120880127
2773,2.773052,0,-0.0549468994,1,3.11743259,0.142860413
2774,2.774054,0,0.098903656,1,3.11704874,0.164836884
2775,2.775054,0,0.098903656,1,3.11704874,0.142860413
2776,2.776056,0,0.142860413,1,3.11743259,0.164836884
2777,2.777062,0,0.142860413,1,3.11743259,0.186817169
2778,2.778055,0,-0.0769233704,1,3.11781597,0.186817169
2779,2.779049,0,-0.0769233704,1,3.11743259,0.186817169
2780,2.780054,0,-0.164836884,1,3.11781597,0.186817169
2781,2.781057,0,-0.164836884,1,3.11819935,0.20879364
2782,2.782054,0,0.0329704285,1,3.11819935,0.20879364
2783,2.783056,0,0.0329704285,1,3.11819935,0.20879364
2784,2.784053,0,0.0549468994,1,3.11819935,0.20879364
2785,2.785050,0,0.0549468994,1,3.11858273,0.20879364
2786,2.786055,0,-0.230770111,1,3.11858273,0.20879364
2787,2.787057,0,-0.230770111,1,3.11896658,0.20879364
2788,2.788070,0,0.0769271851,1,3.11934996,0.20879364
2789,2.789052,0,0.0769271851,1,3.11896658,0.20879364
2790,2.790054,0,-0.0988998413,1,3.11934996,0.186817169
2791,2.791061,0,-0.0988998413,1,3.11896658,0.164836884
2792,2.792055,0,0.0549468994,1,3.11934996,0.142860413
2793,2.793050,0,0.0549468994,1,3.11934996,0.120880127
2794,2.794051,0,-0.274726868,1,3.11934996,0.098903656
2795,2.795050,0,-0.274726868,1,3.11934996,0.098903656
2796,2.796051,0,0.0549468994,1,3.11973333,0.098903656
2797,2.797056,0,0.0549468994,1,3.11973333,0.098903656
2798,2.798057,0,-0.0109901428,1,3.11934996,0.0769271851
2799,2.799064,0,-0.0109901428,1,3.11934996,0.0329704285
2800,2.800051,0,0.142860413,1,3.11934996,0.0329704285
2801,2.801055,0,0.142860413,1,3.11934996,0.0109901428
2802,2.802056,0,0.274726868,1,3.11934996,0.0109901428
2803,2.803052,0,0.274726868,1,3.11973333,0.0109901428
2804,2.804053,0,-0.208789825,1,3.11973333,0.0109901428
2805,2.805053,0,-0.208789825,1,3.11973333,0.0109901428
2806,2.806054,0,0.0549468994,1,1.54124308,0.0109901428
2807,2.807050,0,0.0549468994,1,3.12011671,-0.0109901428
2808,2.808051,0,-0.340660095,1,3.11934996,-0.0109901428
2809,2.809107,0,-0.340660095,1,3.11973333,-0.0769233704
2810,2.810056,0,0.0329704285,1,3.11973333,-0.0329666138
2811,2.811049,0,0.0329704285,1,3.12011671,-0.0329666138
2812,2.812054,0,-0.0549468994,1,3.11934996,-0.0109901428
2813,2.813055,0,-0.0549468994,1,3.11934996,-0.0329666138
2814,2.814052,0,0.0549468994,1,3.11973333,-0.0109901428
2815,2.815055,0,0.0549468994,1,3.12011671,0.0109901428
2816,2.816052,0,-0.230770111,1,3.11973333,0.0109901428
2817,2.817053,0,-0.230770111,1,3.12011671,0.0109901428
2818,2.818057,0,0.098903656,1,1.54076385,0.098903656
2819,2.819050,0,0.098903656,1,3.12011671,0.098903656
2820,2.820139,0,0.20879364,1,3.11973333,-0.208789825
2821,2.821051,0,0.20879364,1,3.11973333,-0.450550079
2822,2.822052,0,-0.0329666138,1,3.11934996,-0.494506836
2823,2.823056,0,-0.0329666138,1,3.11973333,-0.450550079
2824,2.824050,0,-0.0329666138,1,3.11896658,-0.428569794
2825,2.825057,0,-0.0329666138,1,3.11858273,-0.450550079
2826,2.826050,0,-0.0329666138,1,3.11819935,-0.450550079
2827,2.827054,0,-0.0329666138,1,3.11819935,-0.340660095
2828,2.828056,0,-0.0769233704,1,3.11819935,-0.296703339
2829,2.829054,0,-0.0769233704,1,3.11781597,-0.296703339
2830,2.830056,0,0.186817169,1,1.54114723,-0.252746582
2831,2.831063,0,0.186817169,1,3.11781597,-0.252746582
2832,2.832049,0,0.20879364,1,3.11704874,-0.252746582
2833,2.833054,0,0.20879364,1,3.11666536,-0.208789825
2834,2.834056,0,0.120880127,1,3.11743259,-0.0988998413
2835,2.835056,0,0.120880127,1,3.11743259,-0.0109901428
2836,2.836051,0,0.186817169,1,3.11704874,-0.0109901428
2837,2.837056,0,0.186817169,1,3.11704874,0.0109901428
2838,2.838050,0,-0.186813354,1,3.11743259,0.0109901428
2839,2.839055,0,-0.186813354,1,3.11781597,0.120880127
2840,2.840049,0,-0.0329666138,1,3.11743259,0.120880127
2841,2.841084,0,-0.0329666138,1,3.11781597,0.142860413
2842,2.842063,0,-0.120880127,1,3.11781597,0.164836884
2843,2.843050,0,-0.120880127,1,3.11819935,0.164836884
2844,2.844054,0,0.0769271851,1,3.11781597,0.20879364
2845,2.845052,0,0.0769271851,1,3.11819935,0.186817169
2846,2.846049,0,0.142860413,1,3.11819935,0.20879364
2847,2.847051,0,0.142860413,1,3.11819935,0.20879364
2848,2.848056,0,-0.340660095,1,3.11858273,0.20879364
2849,2.849050,0,-0.340660095,1,3.11819935,0.20879364
2850,2.850055,0,0.252750397,1,3.11896658,0.20879364
2851,2.851049,0,0.252750397,1,3.11896658,0.20879364
2852,2.852072,0,0.142860413,1,3.11896658,0.20879364
2853,2.853054,0,0.142860413,1,3.11858273,0.164836884
2854,2.854057,0,-0.0329666138,1,3.11858273,0.142860413
2855,2.855057,0,-0.0329666138,1,3.11934996,0.142860413
2856,2.856051,0,0.0109901428,1,3.11896658,0.142860413
2857,2.857056,0,0.0109901428,1,3.11934996,0.142860413
2858,2.858057,0,-0.0329666138,1,3.11934996,0.120880127
2859,2.859052,0,-0.0329666138,1,3.11934996,0.120880127
2860,2.860053,0,0.0549468994,1,3.11934996,0.120880127
2861,2.861050,0,0.0549468994,1,3.11934996,0.120880127
2862,2.862051,0,-0.0329666138,1,3.11934996,0.098903656
2863,2.863064,0,-0.0329666138,1,3.12011671,0.0769271851
2864,2.864050,0,0.230770111,1,3.11973333,0.0769271851
2865,2.865049,0,0.230770111,1,3.11934996,0.0329704285
2866,2.866050,0,0.098903656,1,3.11934996,0.0329704285
2867,2.867054,0,0.098903656,1,3.11973333,0.0329704285
2868,2.868055,0,-0.296703339,1,3.11934996,0.0329704285
2869,2.869052,0,-0.296703339,1,3.12011671,0.0329704285
2870,2.870053,0,-0.0549468994,1,3.11973333,0.0329704285
2871,2.871050,0,-0.0549468994,1,3.11973333,0.0329704285
2872,2.872051,0,-0.0988998413,1,3.11973333,0.0329704285
2873,2.873082,0,-0.0988998413,1,3.12011671,0.0329704285
2874,2.874056,0,-0.0329666138,1,3.11973333,0.0109901428
2875,2.875053,0,-0.0329666138,1,3.12011671,0.0109901428
2876,2.876057,0,-0.142856598,1,1.5408597,-0.0109901428
2877,2.877051,0,-0.142856598,1,3.12011671,-0.0109901428
2878,2.878055,0,0.186817169,1,3.11973333,-0.230770111
2879,2.879056,0,0.186817169,1,3.11934996,-0.0988998413
2880,2.880052,0,-0.252746582,1,3.11973333,-0.0549468994
2881,2.881053,0,-0.252746582,1,3.12011671,-0.0549468994
2882,2.882050,0,-0.0988998413,1,3.11934996,-0.0109901428
2883,2.883051,0,-0.0988998413,1,3.11934996,-0.0329666138
2884,2.884059,0,-0.0109901428,1,3.12011671,0.0109901428
2885,2.885055,0,-0.0109901428,1,3.12011671,0.0109901428
2886,2.886056,0,0.142860413,1,3.11973333,0.0329704285
2887,2.887052,0,0.142860413,1,3.11973333,0.0329704285
2888,2.888053,0,0.0769271851,1,1.54076385,-0.340660095
2889,2.889050,0,0.0769271851,1,3.12011671,0.0329704285
2890,2.890051,0,0.0329704285,1,3.12011671,0.0109901428
2891,2.891055,0,0.0329704285,1,3.11934996,-0.450550079
2892,2.892056,0,-0.120880127,1,3.11934996,-0.47252655
2893,2.893054,0,-0.120880127,1,3.11973333,-0.47252655
2894,2.894056,0,0.230770111,1,3.11934996,-0.384616852
2895,2.895074,0,0.230770111,1,3.11858273,-0.384616852
2896,2.896053,0,0.186817169,1,3.11819935,-0.384616852
2897,2.897055,0,0.186817169,1,3.11858273,-0.384616852
2898,2.898052,0,-0.142856598,1,3.11819935,-0.274726868
2899,2.899062,0,-0.142856598,1,3.11781597,-0.274726868
2900,2.900056,0,0.0329704285,1,3.11781597,-0.230770111
2901,2.901054,0,0.0329704285,1,3.11781597,-0.230770111
2902,2.902056,0,-0.208789825,1,3.11781597,-0.142856598
2903,2.903053,0,-0.208789825,1,3.11743259,-0.142856598
2904,2.904055,0,0.0769271851,1,3.11704874,-0.0769233704
2905,2.905055,0,0.0769271851,1,3.11781597,-0.0109901428
2906,2.906060,0,-0.0988998413,1,3.11743259,0.0109901428
2907,2.907050,0,-0.0988998413,1,3.11743259,0.0109901428
2908,2.908052,0,0.0329704285,1,3.11743259,0.0329704285
2909,2.909050,0,0.0329704285,1,3.11743259,0.0329704285
2910,2.910051,0,0.142860413,1,3.11781597,0.0769271851
2911,2.911056,0,0.142860413,1,3.11781597,0.120880127
2912,2.912050,0,-0.142856598,1,3.11819935,0.120880127
2913,2.913055,0,-0.142856598,1,3.11819935,0.142860413
2914,2.914049,0,-0.120880127,1,3.11819935,0.142860413
2915,2.915049,0,-0.120880127,1,3.11781597,0.164836884
2916,2.916051,0,-0.0988998413,1,3.11819935,0.142860413
2917,2.917061,0,-0.0988998413,1,3.11858273,0.186817169
2918,2.918055,0,0.186817169,1,3.11858273,0.186817169
2919,2.919053,0,0.186817169,1,3.11819935,0.186817169
2920,2.920054,0,0.0769271851,1,3.11858273,0.164836884
2921,2.921052,0,0.0769271851,1,3.11858273,0.164836884
2922,2.922053,0,0.098903656,1,3.11896658,0.142860413
2923,2.923050,0,0.098903656,1,3.11896658,0.142860413
2924,2.924051,0,0.098903656,1,3.11934996,0.142860413
2925,2.925050,0,0.098903656,1,3.11896658,0.164836884
2926,2.926051,0,0.098903656,1,3.11934996,0.164836884
2927,2.927090,0,0.098903656,1,3.11896658,0.142860413
2928,2.928051,0,0.0769271851,1,3.11896658,0.142860413
2929,2.929052,0,0.0769271851,1,3.11934996,0.120880127
2930,2.930056,0,-0.0109901428,1,3.11934996,0.0769271851
2931,2.931049,0,-0.0109901428,1,3.11896658,0.0769271851
2932,2.932053,0,-0.208789825,1,3.11896658,0.0769271851
2933,2.933055,0,-0.208789825,1,3.11896658,0.0329704285
2934,2.934051,0,0.20879364,1,1.54124308,0.0769271851
2935,2.935055,0,0.20879364,1,3.11934996,0.0109901428
2936,2.936052,0,0.296707153,1,3.11934996,-0.0329666138
2937,2.937053,0,0.296707153,1,3.11858273,-0.208789825
2938,2.938142,0,0.0109901428,1,3.11934996,-0.0549468994
2939,2.939054,0,0.0109901428,1,3.11934996,-0.0549468994
2940,2.940055,0,-0.274726868,1,3.11858273,-0.0109901428
2941,2.941052,0,-0.274726868,1,3.11896658,-0.0549468994
2942,2.942053,0,0.098903656,1,3.11934996,-0.0549468994
2943,2.943049,0,0.098903656,1,3.11934996,-0.0109901428
2944,2.944050,0,0.230770111,1,3.11896658,0.0329704285
2945,2.945050,0,0.230770111,1,3.11896658,0.0329704285
2946,2.946051,0,-0.0549468994,1,1.5408597,-0.0988998413
2947,2.947055,0,-0.0549468994,1,3.11973333,0.0549468994
2948,2.948056,0,0.0109901428,1,3.11934996,0.0549468994
2949,2.949059,0,0.0109901428,1,3.11896658,-0.120880127
2950,2.950053,0,-0.0769233704,1,3.12011671,-0.0109901428
2951,2.951049,0,-0.0769233704,1,3.12011671,0.0549468994
2952,2.952050,0,-0.120880127,1,3.11973333,0.098903656
2953,2.953054,0,-0.120880127,1,3.11934996,0.098903656
2954,2.954117,0,-0.0769233704,1,3.12011671,0.0769271851
2955,2.955055,0,-0.0769233704,1,3.12011671,0.0769271851
2956,2.956057,0,-0.120880127,1,3.11973333,0.0769271851
2957,2.957053,0,-0.120880127,1,3.11973333,0.0769271851
2958,2.958055,0,0.0549468994,1,1.54114723,0.384616852
2959,2.959079,0,0.0549468994,1,3.11973333,0.0329704285
2960,2.960051,0,0.142860413,1,3.11973333,0.0329704285
2961,2.961053,0,0.142860413,1,3.11934996,-0.252746582
2962,2.962050,0,-0.142856598,1,3.11896658,-0.494506836
2963,2.963052,0,-0.142856598,1,3.11973333,-0.538459778
2964,2.964057,0,-0.142856598,1,3.11896658,-0.450550079
2965,2.965054,0,-0.142856598,1,3.11819935,-0.406593323
2966,2.966052,0,0.120880127,1,3.11819935,-0.428569794
2967,2.967053,0,0.120880127,1,3.11819935,-0.406593323
2968,2.968050,0,-0.0109901428,1,3.11781597,-0.340660095
2969,2.969052,0,-0.0109901428,1,3.11743259,-0.296703339
2970,2.970064,0,0.098903656,1,3.11704874,-0.252746582
2971,2.971055,0,0.098903656,1,3.11781597,-0.252746582
2972,2.972050,0,0.098903656,1,3.11743259,-0.208789825
2973,2.973055,0,0.098903656,1,3.11743259,-0.142856598
2974,2.974049,0,-0.0329666138,1,3.11704874,-0.120880127
2975,2.975049,0,-0.0329666138,1,3.11743259,-0.0769233704
2976,2.976051,0,-0.142856598,1,3.11743259,-0.0329666138
2977,2.977056,0,-0.142856598,1,3.11743259,0.0109901428
2978,2.978050,0,0.0109901428,1,3.11743259,0.0549468994
2979,2.979055,0,0.0109901428,1,3.11781597,0.0769271851
2980,2.980049,0,0.120880127,1,3.11781597,0.120880127
2981,2.981094,0,0.120880127,1,3.11743259,0.120880127
2982,2.982107,0,-0.0109901428,1,3.11781597,0.142860413
2983,2.983167,0,-0.0109901428,1,3.11819935,0.164836884
2984,2.984053,0,0.0549468994,1,3.11819935,0.164836884
2985,2.985174,0,0.0549468994,1,3.11781597,0.164836884
2986,2.986057,0,-0.406593323,1,3.11781597,0.142860413
2987,2.987053,0,-0.406593323,1,3.11819935,0.142860413
2988,2.988101,0,0.0769271851,1,3.11819935,0.120880127
2989,2.989055,0,0.0769271851,1,3.11819935,0.120880127
2990,2.990056,0,0.142860413,1,3.11858273,0.120880127
2991,2.991052,0,0.142860413,1,3.11858273,0.142860413
2992,2.992061,0,-0.142856598,1,3.11858273,0.142860413
2993,2.993055,0,-0.142856598,1,3.11819935,0.142860413
2994,2.994052,0,0.0329704285,1,3.11858273,0.120880127
2995,2.995055,0,0.0329704285,1,3.11896658,0.120880127
2996,2.996052,0,-0.0329666138,1,3.11858273,0.142860413
2997,2.997053,0,-0.0329666138,1,3.11896658,0.120880127
2998,2.998050,0,-0.120880127,1,3.11896658,0.098903656
2999,2.999051,0,-0.120880127,1,3.11896658,0.098903656
3000,3.000055,0,0.0329704285,1,3.11858273,0.098903656
3001,3.001056,0,0.0329704285,1,3.11934996,0.0769271851
3002,3.002112,0,0.0109901428,1,3.11934996,0.0769271851
3003,3.003052,0,0.0109901428,1,3.11934996,0.0769271851
3004,3.004054,0,-0.0329666138,1,1.5408597,-0.274726868
3005,3.005054,0,-0.0329666138,1,3.11934996,0.0549468994
3006,3.006055,0,-0.142856598,1,3.11896658,0.0109901428
3007,3.007051,0,-0.142856598,1,3.11896658,-0.164836884
3008,3.008052,0,-0.208789825,1,3.11973333,-0.0329666138
3009,3.009056,0,-0.208789825,1,3.11934996,0.0109901428
3010,3.010049,0,-0.0549468994,1,3.11858273,0.0329704285
3011,3.011053,0,-0.0549468994,1,3.11896658,0.0109901428
3012,3.012059,0,-0.0329666138,1,3.11896658,-0.0329666138
3013,3.013062,0,-0.0329666138,1,3.11934996,0.0109901428
3014,3.014056,0,0.318683624,1,3.11896658,0.0109901428
3015,3.015055,0,0.318683624,1,3.11896658,-0.0109901428
3016,3.016057,0,0.0109901428,1,1.54143476,-0.0109901428
3017,3.017053,0,0.0109901428,1,3.11934996,0.0109901428
3018,3.018054,0,-0.208789825,1,3.11934996,-0.0109901428
3019,3.019050,0,-0.208789825,1,3.11896658,-0.164836884
3020,3.020051,0,0.164836884,1,3.11973333,-0.0329666138
3021,3.021056,0,0.164836884,1,3.11973333,0.0329704285
3022,3.022049,0,-0.0329666138,1,3.11896658,0.0549468994
3023,3.023053,0,-0.0329666138,1,3.11858273,0.0109901428
3024,3.024061,0,-0.208789825,1,3.11973333,0.0549468994
3025,3.025051,0,-0.208789825,1,3.11973333,0.0549468994
3026,3.026056,0,0.0109901428,1,3.11934996,0.0769271851
3027,3.027050,0,0.0109901428,1,3.11934996,0.0769271851
3028,3.028054,0,-0.120880127,1,3.11973333,0.0549468994
3029,3.029057,0,-0.120880127,1,3.12011671,0.0769271851
3030,3.030054,0,-0.0109901428,1,3.12011671,0.120880127
3031,3.031056,0,-0.0109901428,1,3.12011671,0.142860413
3032,3.032053,0,-0.0549468994,1,3.12050056,0.120880127
3033,3.033055,0,-0.0549468994,1,3.12050056,0.120880127
3034,3.034089,0,0.0109901428,1,3.12011671,0.098903656
3035,3.035051,0,0.0109901428,1,3.12011671,0.098903656
3036,3.036053,0,-0.164836884,1,3.12088394,0.0549468994
3037,3.037051,0,-0.164836884,1,3.12050056,0.098903656
3038,3.038053,0,-0.0549468994,1,3.12050056,0.0769271851
3039,3.039050,0,-0.0549468994,1,3.12011671,0.0769271851
3040,3.040052,0,0.274726868,1,3.12050056,0.0329704285
3041,3.041056,0,0.274726868,1,3.12050056,0.0329704285
3042,3.042051,0,0.0329704285,1,3.12011671,0.0329704285
3043,3.043056,0,0.0329704285,1,3.12050056,0.0109901428
3044,3.044050,0,-0.142856598,1,3.12088394,0.0109901428
3045,3.045105,0,-0.142856598,1,3.12050056,0.0329704285
3046,3.046056,0,0.0549468994,1,3.12050056,0.0329704285
3047,3.047050,0,0.0549468994,1,3.12088394,0.0109901428
3048,3.048055,0,0.0109901428,1,3.12088394,0.0109901428
3049,3.049057,0,0.0109901428,1,3.12088394,0.0109901428
3050,3.050054,0,-0.0109901428,1,3.12088394,0.0109901428
3051,3.051056,0,-0.0109901428,1,3.12088394,0.0329704285
3052,3.052053,0,-0.0988998413,1,3.12126732,0.0329704285
3053,3.053055,0,-0.0988998413,1,3.12126732,0.0549468994
3054,3.054053,0,-0.0329666138,1,3.12088394,0.0549468994
3055,3.055056,0,-0.0329666138,1,3.12088394,0.0549468994
3056,3.056058,0,0.0109901428,1,3.12126732,0.0549468994
3057,3.057051,0,0.0109901428,1,3.12126732,0.0329704285
3058,3.058055,0,0.0109901428,1,3.12126732,0.0329704285
3059,3.059057,0,0.0109901428,1,3.1216507,0.0329704285
3060,3.060053,0,-0.0109901428,1,3.1216507,0.0549468994
3061,3.061054,0,-0.0109901428,1,3.12126732,0.0549468994
3062,3.062051,0,-0.142856598,1,1.54133892,0.0329704285
3063,3.063063,0,-0.142856598,1,3.12126732,0.0329704285
3064,3.064050,0,-0.120880127,1,3.1216507,-0.0329666138
3065,3.065057,0,-0.120880127,1,3.12088394,-0.186813354
3066,3.066079,0,-0.0988998413,1,3.12126732,-0.0549468994
3067,3.067050,0,-0.0988998413,1,3.1216507,-0.0549468994
3068,3.068052,0,0.142860413,1,3.12088394,-0.0329666138
3069,3.069056,0,0.142860413,1,3.12088394,-0.0549468994
3070,3.070049,0,0.0329704285,1,3.1216507,-0.0549468994
3071,3.071053,0,0.0329704285,1,3.12126732,-0.0109901428
3072,3.072055,0,-0.120880127,1,3.12126732,0.0109901428
3073,3.073051,0,-0.120880127,1,3.12126732,0.0329704285
3074,3.074052,0,0.120880127,1,1.54095554,0.0329704285
3075,3.075051,0,0.120880127,1,3.1216507,0.0549468994
3076,3.076052,0,-0.230770111,1,3.1216507,0.0109901428
3077,3.077059,0,-0.230770111,1,3.12088394,-0.142856598
3078,3.078053,0,0.0329704285,1,3.12203455,-0.0329666138
3079,3.079057,0,0.0329704285,1,3.12241793,0.0329704285
3080,3.080050,0,0.0109901428,1,3.1216507,0.0769271851
3081,3.081054,0,0.0109901428,1,3.12126732,0.0549468994
3082,3.082055,0,-0.0769233704,1,3.12241793,0.0329704285
3083,3.083052,0,-0.0769233704,1,3.12241793,0.0769271851
3084,3.084053,0,-0.0769233704,1,3.1216507,0.120880127
3085,3.085052,0,-0.0769233704,1,3.12203455,0.098903656
3086,3.086054,0,0.120880127,1,1.54066753,0.0769271851
3087,3.087050,0,0.120880127,1,3.1228013,0.120880127
3088,3.088058,0,0.0329704285,1,3.12203455,0.098903656
3089,3.089051,0,0.0329704285,1,3.1216507,-0.186813354
3090,3.090056,0,0.098903656,1,3.1216507,-0.428569794
3091,3.091050,0,0.098903656,1,3.12203455,-0.450550079
3092,3.092055,0,-0.0329666138,1,3.12126732,-0.406593323
3093,3.093050,0,-0.0329666138,1,3.12050056,-0.384616852
3094,3.094055,0,-0.252746582,1,3.12011671,-0.428569794
3095,3.095052,0,-0.252746582,1,3.12088394,-0.428569794
3096,3.096057,0,-0.142856598,1,3.12011671,-0.362636566
3097,3.097051,0,-0.142856598,1,3.11973333,-0.31867981
3098,3.098083,0,0.20879364,1,3.11934996,-0.274726868
3099,3.099049,0,0.20879364,1,3.12011671,-0.274726868
3100,3.100052,0,0.0109901428,1,3.11973333,-0.186813354
3101,3.101057,0,0.0109901428,1,3.11934996,-0.142856598
3102,3.102051,0,-0.31867981,1,3.11934996,-0.120880127
3103,3.103056,0,-0.31867981,1,3.12011671,-0.0769233704
3104,3.104050,0,0.0549468994,1,3.11973333,-0.0329666138
3105,3.105050,0,0.0549468994,1,3.11973333,0.0109901428
3106,3.106052,0,-0.252746582,1,3.12011671,0.0549468994
3107,3.107049,0,-0.252746582,1,3.12011671,0.0769271851
3108,3.108051,0,-0.0769233704,1,3.12011671,0.142860413
3109,3.109064,0,-0.0769233704,1,3.12011671,0.164836884
3110,3.110050,0,0.0109901428,1,3.12050056,0.164836884
3111,3.111052,0,0.0109901428,1,3.12050056,0.164836884
3112,3.112049,0,0.0549468994,1,3.12050056,0.186817169
3113,3.113051,0,0.0549468994,1,3.12088394,0.186817169
3114,3.114056,0,-0.0329666138,1,3.12050056,0.186817169
3115,3.115053,0,-0.0329666138,1,3.12050056,0.164836884
3116,3.116051,0,-0.0329666138,1,3.12088394,0.164836884
3117,3.117053,0,-0.0329666138,1,3.12088394,0.186817169
3118,3.118050,0,-0.120880127,1,3.12088394,0.164836884
3119,3.119052,0,-0.120880127,1,3.12088394,0.142860413
3120,3.120083,0,-0.0769233704,1,3.12088394,0.142860413
3121,3.121055,0,-0.0769233704,1,3.12126732,0.142860413
3122,3.122056,0,0.0329704285,1,3.12126732,0.120880127
3123,3.123063,0,0.0329704285,1,3.12126732,0.098903656
3124,3.124052,0,0.0109901428,1,3.12126732,0.098903656
3125,3.125057,0,0.0109901428,1,3.12126732,0.098903656
3126,3.126053,0,-0.0549468994,1,3.1216507,0.098903656
3127,3.127054,0,-0.0549468994,1,3.12126732,0.0769271851
3128,3.128051,0,0.164836884,1,3.12126732,0.0769271851
3129,3.129052,0,0.164836884,1,3.1216507,0.0549468994
3130,3.130056,0,-0.0769233704,1,3.12126732,0.0549468994
3131,3.131058,0,-0.0769233704,1,3.1216507,0.0549468994
3132,3.132051,0,-0.384616852,1,1.54105139,-0.186813354
3133,3.133056,0,-0.384616852,1,3.12126732,0.0329704285
3134,3.134049,0,0.384616852,1,3.1216507,-0.0329666138
3135,3.135056,0,0.384616852,1,3.12050056,-0.274726868
3136,3.136050,0,0.164836884,1,3.1216507,-0.186813354
3137,3.137054,0,0.164836884,1,3.12203455,-0.0988998413
3138,3.138055,0,0.120880127,1,3.12126732,-0.0329666138
3139,3.139051,0,0.120880127,1,3.12088394,-0.0549468994
3140,3.140052,0,-0.142856598,1,3.12126732,-0.0549468994
3141,3.141157,0,-0.142856598,1,3.12126732,0.0109901428
3142,3.142053,0,0.0549468994,1,3.12126732,0.0109901428
3143,3.143054,0,0.0549468994,1,3.12126732,0.0109901428
3144,3.144051,0,-0.252746582,1,1.54133892,0.340660095
3145,3.145055,0,-0.252746582,1,3.12126732,0.0109901428
3146,3.146051,0,0.340660095,1,3.12126732,-0.0109901428
3147,3.147052,0,0.340660095,1,3.12050056,-0.186813354
3148,3.148056,0,0.0769271851,1,3.12203455,-0.0769233704
3149,3.149050,0,0.0769271851,1,3.12126732,-0.0109901428
3150,3.150054,0,-0.120880127,1,3.12126732,0.0329704285
3151,3.151055,0,-0.120880127,1,3.12088394,0.0329704285
3152,3.152059,0,-0.186813354,1,3.1216507,0.0109901428
3153,3.153055,0,-0.186813354,1,3.1216507,0.0549468994
3154,3.154056,0,0.164836884,1,3.12126732,0.098903656
3155,3.155056,0,0.164836884,1,3.12126732,0.0769271851
3156,3.156050,0,-0.186813354,1,3.12203455,0.0769271851
3157,3.157056,0,-0.186813354,1,3.12203455,0.098903656
3158,3.158050,0,0.0109901428,1,3.12203455,0.120880127
3159,3.159055,0,0.0109901428,1,3.1216507,0.098903656
3160,3.160057,0,0.0769271851,1,3.12241793,0.098903656
3161,3.161054,0,0.0769271851,1,3.1228013,0.120880127
3162,3.162056,0,0.252750397,1,3.12241793,0.142860413
3163,3.163160,0,0.252750397,1,3.12241793,0.120880127
3164,3.164049,0,0.296707153,1,3.12241793,0.120880127
3165,3.165055,0,0.296707153,1,3.1228013,0.098903656
3166,3.166052,0,-0.0329666138,1,3.1228013,0.120880127
3167,3.167054,0,-0.0329666138,1,3.1228013,0.120880127
3168,3.168051,0,0.0329704285,1,3.1228013,0.098903656
3169,3.169053,0,0.0329704285,1,3.12318468,0.098903656
3170,3.170050,0,-0.142856598,1,3.1228013,0.098903656
3171,3.171052,0,-0.142856598,1,3.12318468,0.0769271851
3172,3.172049,0,0.186817169,1,3.1228013,0.0769271851
3173,3.173052,0,0.186817169,1,3.12318468,0.0549468994
3174,3.174062,0,-0.142856598,1,3.12241793,0.0329704285
3175,3.175052,0,-0.142856598,1,3.1228013,0.0109901428
3176,3.176056,0,-0.120880127,1,3.1228013,-0.0109901428
3177,3.177050,0,-0.120880127,1,3.1228013,-0.0109901428
3178,3.178055,0,0.142860413,1,3.1228013,0.0109901428
3179,3.179049,0,0.142860413,1,3.1228013,0.0109901428
3180,3.180054,0,-0.142856598,1,3.12318468,-0.0109901428
3181,3.181057,0,-0.142856598,1,3.1228013,0.0109901428
3182,3.182054,0,0.0109901428,1,3.1228013,-0.0109901428
3183,3.183080,0,0.0109901428,1,3.1228013,-0.0109901428
3184,3.184082,0,-0.0549468994,1,3.1228013,-0.0109901428
3185,3.185063,0,-0.0549468994,1,3.12318468,-0.0109901428
3186,3.186056,0,-0.0329666138,1,3.1228013,0.0109901428
3187,3.187051,0,-0.0329666138,1,3.1228013,-0.0109901428
3188,3.188052,0,0.142860413,1,3.12318468,0.0109901428
3189,3.189057,0,0.142860413,1,3.12318468,0.0109901428
3190,3.190050,0,-0.0769233704,1,1.54105139,-0.274726868
3191,3.191054,0,-0.0769233704,1,3.12318468,0.0329704285
3192,3.192055,0,-0.362636566,1,3.12318468,-0.0109901428
3193,3.193052,0,-0.362636566,1,3.12318468,-0.186813354
3194,3.194053,0,0.0329704285,1,3.12318468,-0.0329666138
3195,3.195090,0,0.0329704285,1,3.1228013,0.0109901428
3196,3.196052,0,-0.296703339,1,3.1228013,0.0109901428
3197,3.197054,0,-0.296703339,1,3.1228013,0.0109901428
3198,3.198050,0,0.0549468994,1,3.12347269,-0.0329666138
3199,3.199051,0,0.0549468994,1,3.12347269,0.0109901428
3200,3.200055,0,0.164836884,1,3.1228013,0.0329704285
3201,3.201056,0,0.164836884,1,3.12318468,0.0109901428
3202,3.202054,0,-0.142856598,1,1.54133892,-0.0109901428
3203,3.203127,0,-0.142856598,1,3.12318468,-0.0109901428
3204,3.204161,0,0.0769271851,1,3.12241793,-0.252746582
3205,3.205182,0,0.0769271851,1,3.12241793,-0.47252655
3206,3.206138,0,-0.0549468994,1,3.12318468,-0.516483307
3207,3.207167,0,-0.0549468994,1,3.1228013,-0.450550079
3208,3.208170,0,-0.0549468994,1,3.12203455,-0.406593323
3209,3.209197,0,-0.0549468994,1,3.1216507,-0.406593323
3210,3.210054,0,0.0549468994,1,3.1216507,-0.406593323
3211,3.211056,0,0.0549468994,1,3.12203455,-0.384616852
3212,3.212052,0,0.0109901428,1,3.1216507,-0.340660095
3213,3.213054,0,0.0109901428,1,3.12126732,-0.274726868
3214,3.214050,0,0.0549468994,1,1.54133892,-0.274726868
3215,3.215054,0,0.0549468994,1,3.12126732,-0.230770111
3216,3.216050,0,-0.164836884,1,3.12126732,-0.208789825
3217,3.217064,0,-0.164836884,1,3.12011671,-0.296703339
3218,3.218050,0,0.0769271851,1,3.12088394,-0.164836884
3219,3.219054,0,0.0769271851,1,3.12088394,-0.0988998413
3220,3.220055,0,0.186817169,1,3.12088394,-0.0109901428
3221,3.221053,0,0.186817169,1,3.12050056,0.0109901428
3222,3.222055,0,-0.0329666138,1,3.12088394,0.0109901428
3223,3.223052,0,-0.0329666138,1,3.12088394,0.0769271851
3224,3.224054,0,-0.120880127,1,3.12088394,0.098903656
3225,3.225054,0,-0.120880127,1,3.12011671,0.120880127
3226,3.226056,0,0.0109901428,1,3.12088394,0.0769271851
3227,3.227112,0,0.0109901428,1,3.12088394,0.142860413
3228,3.228055,0,0.164836884,1,3.12088394,0.142860413
3229,3.229050,0,0.164836884,1,3.12126732,0.142860413
3230,3.230055,0,-0.230770111,1,3.12126732,0.142860413
3231,3.231049,0,-0.230770111,1,3.1216507,0.186817169
3232,3.232054,0,0.0549468994,1,3.12203455,0.20879364
3233,3.233056,0,0.0549468994,1,3.12203455,0.20879364
3234,3.234053,0,0.0549468994,1,3.1216507,0.186817169
3235,3.235050,0,0.0549468994,1,3.12241793,0.186817169
3236,3.236061,0,-0.252746582,1,3.12203455,0.20879364
3237,3.237056,0,-0.252746582,1,3.12203455,0.186817169
3238,3.238064,0,-0.0329666138,1,3.12203455,0.164836884
3239,3.239051,0,-0.0329666138,1,3.12203455,0.142860413
3240,3.240056,0,0.296707153,1,3.12203455,0.142860413
3241,3.241050,0,0.296707153,1,3.12241793,0.120880127
3242,3.242055,0,0.0549468994,1,3.12241793,0.120880127
3243,3.243057,0,0.0549468994,1,3.1228013,0.120880127
3244,3.244054,0,-0.340660095,1,3.1228013,0.120880127
3245,3.245052,0,-0.340660095,1,3.1228013,0.142860413
3246,3.246057,0,-0.120880127,1,3.1228013,0.120880127
3247,3.247051,0,-0.120880127,1,3.1228013,0.098903656
3248,3.248098,0,0.296707153,1,3.1228013,0.0769271851
3249,3.249054,0,0.296707153,1,3.1228013,0.0769271851
3250,3.250057,0,0.164836884,1,3.1228013,0.0549468994
3251,3.251053,0,0.164836884,1,3.12318468,0.0329704285
3252,3.252053,0,-0.0988998413,1,3.1228013,0.0329704285
3253,3.253050,0,-0.0988998413,1,3.1228013,0.0329704285
3254,3.254051,0,-0.340660095,1,3.1228013,0.0109901428
3255,3.255050,0,-0.340660095,1,3.1228013,0.0109901428
3256,3.256051,0,0.164836884,1,3.12241793,-0.0109901428
3257,3.257055,0,0.164836884,1,3.1228013,-0.0329666138
3258,3.258056,0,0.0549468994,1,3.1228013,-0.0329666138
3259,3.259060,0,0.0549468994,1,3.1228013,-0.0329666138
3260,3.260055,0,-0.0109901428,1,1.54105139,-0.0329666138
3261,3.261057,0,-0.0109901428,1,3.1228013,-0.0329666138
3262,3.262053,0,-0.0329666138,1,3.12241793,-0.0769233704
3263,3.263054,0,-0.0329666138,1,3.12241793,-0.230770111
3264,3.264050,0,-0.0329666138,1,3.1228013,-0.0988998413
3265,3.265054,0,-0.0329666138,1,3.1228013,-0.0549468994
3266,3.266051,0,-0.164836884,1,3.12241793,-0.0109901428
3267,3.267052,0,-0.164836884,1,3.12241793,-0.0109901428
3268,3.268056,0,0.186817169,1,3.1228013,-0.0109901428
3269,3.269050,0,0.186817169,1,3.12318468,0.0329704285
3270,3.270134,0,-0.252746582,1,3.12318468,0.0549468994
3271,3.271053,0,-0.252746582,1,3.12318468,0.0549468994
3272,3.272055,0,0.0329704285,1,1.54114723,0.0549468994
3273,3.273051,0,0.0329704285,1,3.12318468,0.0769271851
3274,3.274052,0,0.230770111,1,3.1228013,0.0329704285
3275,3.275051,0,0.230770111,1,3.12241793,-0.230770111
3276,3.276052,0,-0.252746582,1,3.12241793,-0.47252655
3277,3.277049,0,-0.252746582,1,3.12241793,-0.516483307
3278,3.278050,0,-0.274726868,1,3.12203455,-0.47252655
3279,3.279054,0,-0.274726868,1,3.1216507,-0.428569794
3280,3.280055,0,-0.120880127,1,3.12126732,-0.450550079
3281,3.281061,0,-0.120880127,1,3.12126732,-0.428569794
3282,3.282055,0,-0.0549468994,1,3.12126732,-0.362636566
3283,3.283051,0,-0.0549468994,1,3.12050056,-0.31867981
3284,3.284052,0,0.0109901428,1,3.12011671,-0.296703339
3285,3.285052,0,0.0109901428,1,3.12050056,-0.274726868
3286,3.286053,0,-0.230770111,1,3.12050056,-0.208789825
3287,3.287050,0,-0.230770111,1,3.12011671,-0.164836884
3288,3.288059,0,-0.0109901428,1,3.11973333,-0.142856598
3289,3.289053,0,-0.0109901428,1,3.12011671,-0.120880127
3290,3.290051,0,-0.120880127,1,3.12050056,-0.0549468994
3291,3.291084,0,-0.120880127,1,3.12011671,0.0329704285
3292,3.292055,0,0.230770111,1,3.12050056,0.0329704285
3293,3.293050,0,0.230770111,1,3.12050056,0.0549468994
3294,3.294055,0,0.0109901428,1,3.12050056,0.0769271851
3295,3.295052,0,0.0109901428,1,3.12050056,0.098903656
3296,3.296049,0,0.20879364,1,3.12050056,0.120880127
3297,3.297051,0,0.20879364,1,3.12088394,0.142860413
3298,3.298056,0,-0.0988998413,1,3.12088394,0.186817169
3299,3.299050,0,-0.0988998413,1,3.12088394,0.186817169
3300,3.300055,0,0.0549468994,1,3.12126732,0.186817169
3301,3.301050,0,0.0549468994,1,3.12126732,0.20879364
3302,3.302084,0,-0.208789825,1,3.12088394,0.186817169
3303,3.303050,0,-0.208789825,1,3.12126732,0.186817169
3304,3.304053,0,0.0769271851,1,3.1216507,0.164836884
3305,3.305053,0,0.0769271851,1,3.12126732,0.164836884
3306,3.306055,0,0.0549468994,1,3.12126732,0.142860413
3307,3.307052,0,0.0549468994,1,3.12126732,0.120880127
3308,3.308054,0,-0.142856598,1,3.1216507,0.098903656
3309,3.309051,0,-0.142856598,1,3.1216507,0.098903656
3310,3.310053,0,-0.186813354,1,3.1216507,0.098903656
3311,3.311050,0,-0.186813354,1,3.1216507,0.098903656
3312,3.312052,0,-0.0988998413,1,3.12203455,0.098903656
3313,3.313059,0,-0.0988998413,1,3.1216507,0.098903656
3314,3.314054,0,0.120880127,1,3.1216507,0.0769271851
3315,3.315054,0,0.120880127,1,3.12203455,0.098903656
3316,3.316056,0,-0.252746582,1,3.12203455,0.0769271851
3317,3.317052,0,-0.252746582,1,3.12203455,0.0769271851
3318,3.318052,0,-0.0329666138,1,1.54095554,-0.274726868
3319,3.319056,0,-0.0329666138,1,3.12241793,0.0549468994
3320,3.320057,0,-0.164836884,1,3.12203455,0.0109901428
3321,3.321053,0,-0.164836884,1,3.12126732,-0.230770111
3322,3.322054,0,-0.0109901428,1,3.12088394,-0.494506836
3323,3.323124,0,-0.0109901428,1,3.12088394,-0.516483307
3324,3.324053,0,0.120880127,1,3.12088394,-0.516483307
3325,3.325050,0,0.120880127,1,3.12011671,-0.47252655
3326,3.326055,0,0.230770111,1,3.11973333,-0.494506836
3327,3.327056,0,0.230770111,1,3.11973333,-0.47252655
3328,3.328052,0,-0.0549468994,1,3.11973333,-0.428569794
3329,3.329053,0,-0.0549468994,1,3.11934996,-0.384616852
3330,3.330050,0,-0.230770111,1,1.54124308,-0.186813354
3331,3.331051,0,-0.230770111,1,3.11896658,-0.31867981
3332,3.332055,0,-0.0109901428,1,3.11858273,-0.296703339
3333,3.333056,0,-0.0109901428,1,3.11819935,-0.406593323
3334,3.334064,0,-0.0549468994,1,3.11896658,-0.142856598
3335,3.335053,0,-0.0549468994,1,3.11858273,-0.142856598
3336,3.336054,0,0.0769271851,1,3.11819935,-0.0769233704
3337,3.337050,0,0.0769271851,1,3.11781597,-0.0549468994
3338,3.338051,0,-0.142856598,1,3.11896658,-0.0549468994
3339,3.339062,0,-0.142856598,1,3.11896658,0.0109901428
3340,3.340055,0,0.098903656,1,3.11858273,0.098903656
3341,3.341052,0,0.098903656,1,3.11819935,0.120880127
3342,3.342053,0,-0.0769233704,1,1.54114723,-0.252746582
3343,3.343050,0,-0.0769233704,1,3.11858273,0.142860413
3344,3.344051,0,0.098903656,1,3.11858273,0.098903656
3345,3.345084,0,0.098903656,1,3.11819935,0.0549468994
3346,3.346049,0,-0.0549468994,1,3.11896658,0.0549468994
3347,3.347051,0,-0.0549468994,1,3.11934996,0.120880127
3348,3.348055,0,-0.142856598,1,3.11858273,0.164836884
3349,3.349056,0,-0.142856598,1,3.11858273,0.142860413
3350,3.350053,0,-0.142856598,1,3.11973333,0.120880127
3351,3.351054,0,-0.142856598,1,3.11973333,0.164836884
3352,3.352051,0,0.0109901428,1,3.11934996,0.230770111
3353,3.353053,0,0.0109901428,1,3.11934996,0.20879364
3354,3.354050,0,-0.142856598,1,3.11973333,0.186817169
3355,3.355054,0,-0.142856598,1,3.12011671,0.186817169
3356,3.356081,0,-0.120880127,1,3.11973333,0.186817169
3357,3.357057,0,-0.120880127,1,3.11973333,0.186817169
3358,3.358051,0,0.142860413,1,3.12011671,0.164836884
3359,3.359056,0,0.142860413,1,3.12011671,0.142860413
3360,3.360050,0,-0.120880127,1,3.12011671,0.142860413
3361,3.361055,0,-0.120880127,1,3.12011671,0.120880127
3362,3.362049,0,-0.0329666138,1,3.12011671,0.098903656
3363,3.363054,0,-0.0329666138,1,3.12050056,0.098903656
3364,3.364056,0,-0.120880127,1,3.12011671,0.098903656
3365,3.365057,0,-0.120880127,1,3.12011671,0.0769271851
3366,3.366051,0,-0.252746582,1,3.12011671,0.0549468994
3367,3.367063,0,-0.252746582,1,3.12050056,0.0769271851
3368,3.368052,0,0.186817169,1,3.12050056,0.0769271851
3369,3.369054,0,0.186817169,1,3.12050056,0.0769271851
3370,3.370052,0,-0.142856598,1,3.12050056,0.0549468994
3371,3.371053,0,-0.142856598,1,3.12088394,0.0769271851
3372,3.372051,0,-0.0769233704,1,3.12088394,0.0769271851
3373,3.373053,0,-0.0769233704,1,3.12088394,0.0769271851
3374,3.374050,0,0.0109901428,1,3.12088394,0.0769271851
3375,3.375055,0,0.0109901428,1,3.12088394,0.0549468994
3376,3.376052,0,0.120880127,1,3.12088394,0.0549468994
3377,3.377054,0,0.120880127,1,3.12088394,0.0549468994
3378,3.378061,0,-0.0109901428,1,3.12088394,0.0329704285
3379,3.379056,0,-0.0109901428,1,3.12088394,0.0109901428
3380,3.380053,0,0.0769271851,1,3.12126732,0.0329704285
3381,3.381055,0,0.0769271851,1,3.12088394,0.0329704285
3382,3.382052,0,-0.0988998413,1,3.12126732,0.0109901428
3383,3.383052,0,-0.0988998413,1,3.12050056,0.0329704285
3384,3.384056,0,0.0109901428,1,3.12088394,-0.0109901428
3385,3.385052,0,0.0109901428,1,3.12088394,-0.0329666138
3386,3.386056,0,0.252750397,1,3.12088394,-0.0329666138
3387,3.387049,0,0.252750397,1,3.12088394,-0.0329666138
3388,3.388054,0,-0.120880127,1,1.5408597,-0.252746582
3389,3.389061,0,-0.120880127,1,3.12088394,-0.0109901428
3390,3.390055,0,-0.0549468994,1,3.12088394,-0.0769233704
3391,3.391052,0,-0.0549468994,1,3.12011671,-0.31867981
3392,3.392052,0,-0.142856598,1,3.12088394,-0.208789825
3393,3.393057,0,-0.142856598,1,3.12126732,-0.142856598
3394,3.394050,0,0.0549468994,1,3.12050056,-0.0769233704
3395,3.395064,0,0.0549468994,1,3.12050056,-0.0988998413
3396,3.396050,0,0.098903656,1,3.12050056,-0.120880127
3397,3.397054,0,0.098903656,1,3.12088394,-0.0769233704
3398,3.398056,0,-0.362636566,1,3.12011671,-0.0329666138
3399,3.399052,0,-0.362636566,1,3.12011671,-0.0329666138
3400,3.400058,0,-0.0109901428,1,1.54143476,0.318683624
3401,3.401052,0,-0.0109901428,1,3.12050056,-0.0109901428
3402,3.402056,0,-0.0549468994,1,3.12050056,-0.0329666138
3403,3.403049,0,-0.0549468994,1,3.12011671,-0.186813354
3404,3.404053,0,-0.0109901428,1,3.12088394,-0.0549468994
3405,3.405050,0,-0.0109901428,1,3.12126732,0.0329704285
3406,3.406054,0,0.0329704285,1,3.12050056,0.098903656
3407,3.407055,0,0.0329704285,1,3.12011671,0.0769271851
3408,3.408052,0,0.0549468994,1,3.12088394,0.0329704285
3409,3.409053,0,0.0549468994,1,3.12126732,0.0769271851
3410,3.410148,0,0.274726868,1,3.12050056,0.120880127
3411,3.411054,0,0.274726868,1,3.12050056,0.120880127
3412,3.412056,0,0.0329704285,1,3.12126732,0.0769271851
3413,3.413053,0,0.0329704285,1,3.12126732,0.098903656
3414,3.414054,0,-0.0549468994,1,3.12126732,0.120880127
3415,3.415053,0,-0.0549468994,1,3.12088394,0.120880127
3416,3.416054,0,-0.0549468994,1,3.12126732,0.0769271851
3417,3.417051,0,-0.0549468994,1,3.12203455,0.098903656
3418,3.418052,0,-0.0769233704,1,3.12126732,0.142860413
3419,3.419050,0,-0.0769233704,1,3.1216507,0.120880127
3420,3.420051,0,-0.0549468994,1,3.1216507,0.098903656
3421,3.421062,0,-0.0549468994,1,3.12203455,0.098903656
3422,3.422052,0,-0.0988998413,1,3.12203455,0.098903656
3423,3.423054,0,-0.0988998413,1,3.12203455,0.098903656
3424,3.424051,0,0.0109901428,1,3.12203455,0.098903656
3425,3.425056,0,0.0109901428,1,3.12203455,0.098903656
3426,3.426053,0,-0.120880127,1,3.12203455,0.098903656
3427,3.427055,0,-0.120880127,1,3.12203455,0.098903656
3428,3.428052,0,0.0549468994,1,3.12203455,0.098903656
3429,3.429054,0,0.0549468994,1,3.12241793,0.0769271851
3430,3.430051,0,0.0769271851,1,3.12241793,0.0769271851
3431,3.431053,0,0.0769271851,1,3.12241793,0.0549468994
3432,3.432147,0,0.0329704285,1,3.12241793,0.0329704285
3433,3.433051,0,0.0329704285,1,3.12241793,0.0329704285
3434,3.434053,0,0.098903656,1,3.12241793,0.0329704285
3435,3.435054,0,0.098903656,1,3.12203455,0.0329704285
3436,3.436056,0,-0.0769233704,1,3.12241793,0.0109901428
3437,3.437053,0,-0.0769233704,1,3.12241793,0.0109901428
3438,3.438055,0,0.186817169,1,3.12203455,-0.0109901428
3439,3.439052,0,0.186817169,1,3.12203455,-0.0329666138
3440,3.440054,0,-0.0988998413,1,3.12241793,-0.0549468994
3441,3.441051,0,-0.0988998413,1,3.12241793,-0.0329666138
3442,3.442053,0,0.0769271851,1,3.12203455,-0.0329666138
3443,3.443089,0,0.0769271851,1,3.12241793,-0.0109901428
3444,3.444156,0,0.120880127,1,3.12241793,0.0109901428
3445,3.445156,0,0.120880127,1,1.54114723,-0.0988998413
3446,3.446160,0,-0.0549468994,1,3.12241793,-0.0109901428
3447,3.447121,0,-0.0549468994,1,3.12203455,-0.0549468994
3448,3.448152,0,-0.0988998413,1,3.12126732,-0.31867981
3449,3.449054,0,-0.0988998413,1,3.12126732,-0.31867981
3450,3.450055,0,0.0769271851,1,3.12126732,-0.560440063
3451,3.451051,0,0.0769271851,1,3.12126732,-0.60439682
3452,3.452052,0,-0.208789825,1,3.12088394,-0.560440063
3453,3.453057,0,-0.208789825,1,3.12011671,-0.516483307
3454,3.454115,0,-0.0769233704,1,3.11973333,-0.494506836
3455,3.455052,0,-0.0769233704,1,3.12011671,-0.494506836
3456,3.456054,0,0.0769271851,1,3.12011671,-0.428569794
3457,3.457050,0,0.0769271851,1,3.11934996,-0.340660095
3458,3.458051,0,0.0329704285,1,1.54124308,0.186817169
3459,3.459055,0,0.0329704285,1,3.11934996,-0.274726868
3460,3.460056,0,-0.0549468994,1,3.11896658,-0.252746582
3461,3.461053,0,-0.0549468994,1,3.11819935,-0.384616852
3462,3.462054,0,-0.0769233704,1,3.11896658,-0.230770111
3463,3.463051,0,-0.0769233704,1,3.11896658,-0.142856598
3464,3.464052,0,0.164836884,1,3.11858273,-0.0769233704
3465,3.465065,0,0.164836884,1,3.11819935,-0.0329666138
3466,3.466051,0,0.142860413,1,3.11858273,-0.0329666138
3467,3.467055,0,0.142860413,1,3.11896658,-0.0109901428
3468,3.468056,0,-0.0988998413,1,3.11858273,0.0549468994
3469,3.469053,0,-0.0988998413,1,3.11819935,0.0769271851
3470,3.470054,0,-0.208789825,1,1.5408597,0.0769271851
3471,3.471051,0,-0.208789825,1,3.11896658,0.120880127
3472,3.472052,0,-0.0109901428,1,3.11858273,0.0769271851
3473,3.473056,0,-0.0109901428,1,3.11819935,-0.142856598
3474,3.474057,0,-0.0988998413,1,3.11896658,-0.0329666138
3475,3.475099,0,-0.0988998413,1,3.11896658,0.120880127
3476,3.476057,0,0.0549468994,1,3.11896658,0.120880127
3477,3.477051,0,0.0549468994,1,3.11819935,0.120880127
3478,3.478055,0,0.142860413,1,3.11896658,0.0549468994
3479,3.479056,0,0.142860413,1,3.11973333,0.098903656
3480,3.480053,0,0.274726868,1,3.11896658,0.142860413
3481,3.481054,0,0.274726868,1,3.11896658,0.142860413
3482,3.482050,0,-0.0769233704,1,3.11934996,0.098903656
3483,3.483052,0,-0.0769233704,1,3.11973333,0.142860413
3484,3.484057,0,0.0109901428,1,3.11934996,0.186817169
3485,3.485055,0,0.0109901428,1,3.11934996,0.164836884
3486,3.486059,0,0.120880127,1,3.11973333,0.142860413
3487,3.487056,0,0.120880127,1,3.12050056,0.142860413
3488,3.488050,0,-0.142856598,1,3.11973333,0.186817169
3489,3.489055,0,-0.142856598,1,3.11934996,0.164836884
3490,3.490057,0,-0.186813354,1,3.12011671,0.142860413
3491,3.491054,0,-0.186813354,1,3.12011671,0.142860413
3492,3.492056,0,-0.0109901428,1,3.11973333,0.142860413
3493,3.493053,0,-0.0109901428,1,3.11973333,0.098903656
3494,3.494055,0,-0.186813354,1,3.12011671,0.0549468994
3495,3.495056,0,-0.186813354,1,3.12011671,0.0549468994
3496,3.496050,0,-0.230770111,1,3.12011671,0.0769271851
3497,3.497069,0,-0.230770111,1,3.12011671,0.0769271851
3498,3.498051,0,-0.120880127,1,3.12050056,0.0769271851
3499,3.499053,0,-0.120880127,1,3.12050056,0.0769271851
3500,3.500050,0,0.0329704285,1,3.12011671,0.0769271851
3501,3.501052,0,0.0329704285,1,3.12050056,0.0549468994
3502,3.502050,0,-0.0769233704,1,3.12050056,0.0329704285
3503,3.503051,0,-0.0769233704,1,3.12088394,0.0549468994
3504,3.504056,0,0.296707153,1,3.12011671,0.0549468994
3505,3.505053,0,0.296707153,1,3.12050056,0.0329704285
3506,3.506060,0,-0.120880127,1,3.12050056,0.0329704285
3507,3.507049,0,-0.120880127,1,3.12088394,0.0329704285
3508,3.508064,0,-0.0769233704,1,3.12050056,0.0329704285
3509,3.509052,0,-0.0769233704,1,3.12050056,0.0329704285
3510,3.510057,0,0.142860413,1,3.12088394,0.0329704285
3511,3.511051,0,0.142860413,1,3.12088394,0.0329704285
3512,3.512056,0,-0.252746582,1,3.12050056,0.0549468994
3513,3.513049,0,-0.252746582,1,3.12088394,0.0329704285
3514,3.514053,0,-0.0109901428,1,3.12050056,0.0329704285
3515,3.515056,0,-0.0109901428,1,3.12088394,0.0109901428
3516,3.516052,0,0.0769271851,1,1.54057169,-0.0769233704
3517,3.517054,0,0.0769271851,1,3.12088394,0.0109901428
3518,3.518050,0,-0.0109901428,1,3.12088394,-0.0549468994
3519,3.519062,0,-0.0109901428,1,3.12011671,-0.274726868
3520,3.520055,0,-0.142856598,1,3.12088394,-0.186813354
3521,3.521052,0,-0.142856598,1,3.12050056,-0.142856598
3522,3.522053,0,-0.296703339,1,3.12011671,-0.120880127
3523,3.523057,0,-0.296703339,1,3.11973333,-0.120880127
3524,3.524050,0,-0.0329666138,1,3.12050056,-0.142856598
3525,3.525050,0,-0.0329666138,1,3.12050056,-0.0988998413
3526,3.526051,0,0.0769271851,1,3.12011671,-0.0329666138
3527,3.527055,0,0.0769271851,1,3.12011671,-0.0329666138
3528,3.528056,0,-0.0329666138,1,1.54095554,0.670333862
3529,3.529053,0,-0.0329666138,1,3.12088394,0.0109901428
3530,3.530057,0,0.0549468994,1,3.12050056,-0.0109901428
3531,3.531051,0,0.0549468994,1,3.12011671,-0.164836884
3532,3.532055,0,0.0329704285,1,3.12126732,-0.0549468994
3533,3.533049,0,0.0329704285,1,3.12088394,0.0329704285
3534,3.534053,0,-0.0329666138,1,3.12050056,0.098903656
3535,3.535050,0,-0.0329666138,1,3.12088394,0.0769271851
3536,3.536054,0,-0.120880127,1,3.12126732,0.0769271851
3537,3.537055,0,-0.120880127,1,3.12126732,0.120880127
3538,3.538051,0,0.120880127,1,3.12088394,0.142860413
3539,3.539052,0,0.120880127,1,3.12050056,0.120880127
3540,3.540086,0,-0.120880127,1,3.12126732,0.098903656
3541,3.541050,0,-0.120880127,1,3.1216507,0.098903656
3542,3.542051,0,-0.230770111,1,3.12126732,0.142860413
3543,3.543055,0,-0.230770111,1,3.12126732,0.120880127
3544,3.544057,0,0.0769271851,1,3.12126732,0.098903656
3545,3.545056,0,0.0769271851,1,3.1216507,0.0769271851
3546,3.546049,0,0.0109901428,1,3.12126732,0.098903656
3547,3.547053,0,0.0109901428,1,3.12126732,0.0769271851
3548,3.548055,0,0.0329704285,1,3.1216507,0.0549468994
3549,3.549052,0,0.0329704285,1,3.12203455,0.0769271851
3550,3.550054,0,0.20879364,1,3.1216507,0.098903656
3551,3.551078,0,0.20879364,1,3.1216507,0.0769271851
3552,3.552052,0,0.230770111,1,3.12203455,0.0549468994
3553,3.553054,0,0.230770111,1,3.12203455,0.0769271851
3554,3.554052,0,0.0109901428,1,3.12203455,0.0769271851
3555,3.555056,0,0.0109901428,1,3.12126732,0.0549468994
3556,3.556054,0,-0.208789825,1,3.1216507,0.0329704285
3557,3.557056,0,-0.208789825,1,3.12203455,0.0329704285
3558,3.558061,0,0.142860413,1,3.1216507,0.0329704285
3559,3.559055,0,0.142860413,1,3.12203455,0.0109901428
3560,3.560053,0,0.098903656,1,3.12203455,-0.0109901428
3561,3.561055,0,0.098903656,1,3.12203455,-0.0109901428
3562,3.562058,0,-0.0329666138,1,3.12241793,-0.0109901428
3563,3.563052,0,-0.0329666138,1,3.12203455,0.0329704285
3564,3.564050,0,0.186817169,1,3.12203455,0.0329704285
3565,3.565055,0,0.186817169,1,3.12203455,0.0329704285
3566,3.566052,0,-0.0988998413,1,3.12241793,0.0549468994
3567,3.567054,0,-0.0988998413,1,3.12241793,0.0329704285
3568,3.568051,0,-0.0549468994,1,3.12203455,0.0329704285
3569,3.569053,0,-0.0549468994,1,3.12241793,0.0109901428
3570,3.570050,0,-0.0988998413,1,3.12203455,0.0329704285
3571,3.571051,0,-0.0988998413,1,3.12241793,0.0109901428
3572,3.572081,0,0.098903656,1,3.12203455,0.0109901428
3573,3.573060,0,0.098903656,1,3.12203455,-0.0329666138
3574,3.574054,0,-0.186813354,1,1.54095554,-0.0109901428
3575,3.575055,0,-0.186813354,1,3.12203455,-0.0329666138
3576,3.576057,0,0.0109901428,1,3.12203455,-0.0769233704
3577,3.577054,0,0.0109901428,1,3.12126732,-0.340660095
3578,3.578056,0,-0.0769233704,1,3.12088394,-0.560440063
3579,3.579051,0,-0.0769233704,1,3.12126732,-0.60439682
3580,3.580052,0,-0.0329666138,1,3.12088394,-0.538459778
3581,3.581056,0,-0.0329666138,1,3.12011671,-0.47252655
3582,3.582057,0,-0.0988998413,1,3.11973333,-0.494506836
3583,3.583053,0,-0.0988998413,1,3.12011671,-0.494506836
3584,3.584059,0,0.0549468994,1,3.11934996,-0.428569794
3585,3.585056,0,0.0549468994,1,3.11896658,-0.362636566
3586,3.586052,0,-0.0109901428,1,1.5408597,0.296707153
3587,3.587053,0,-0.0109901428,1,3.11896658,-0.274726868
3588,3.588050,0,-0.0769233704,1,3.11896658,-0.252746582
3589,3.589051,0,-0.0769233704,1,3.11819935,-0.362636566
3590,3.590055,0,-0.120880127,1,3.11858273,-0.208789825
3591,3.591057,0,-0.120880127,1,3.11896658,-0.142856598
3592,3.592053,0,-0.0988998413,1,3.11819935,-0.0549468994
3593,3.593054,0,-0.0988998413,1,3.11819935,-0.0329666138
3594,3.594084,0,-0.208789825,1,3.11858273,-0.0109901428
3595,3.595051,0,-0.208789825,1,3.11896658,0.0329704285
3596,3.596053,0,0.120880127,1,3.11858273,0.0769271851
3597,3.597050,0,0.120880127,1,3.11858273,0.098903656
3598,3.598051,0,0.340660095,1,1.54095554,-0.252746582
3599,3.599055,0,0.340660095,1,3.11896658,0.120880127
3600,3.600056,0,0.098903656,1,3.11858273,0.098903656
3601,3.601052,0,0.098903656,1,3.11819935,-0.142856598
3602,3.602053,0,0.340660095,1,3.11781597,-0.362636566
3603,3.603050,0,0.340660095,1,3.11858273,-0.406593323
3604,3.604051,0,0.142860413,1,3.11819935,-0.31867981
3605,3.605073,0,0.142860413,1,3.11743259,-0.274726868
3606,3.606054,0,-0.0109901428,1,3.11743259,-0.296703339
3607,3.607055,0,-0.0109901428,1,3.11743259,-0.274726868
3608,3.608052,0,-0.0769233704,1,3.11743259,-0.208789825
3609,3.609053,0,-0.0769233704,1,3.11666536,-0.164836884
3610,3.610057,0,0.098903656,1,3.11666536,-0.164836884
3611,3.611050,0,0.098903656,1,3.11704874,-0.164836884
3612,3.612054,0,-0.274726868,1,3.11666536,-0.0988998413
3613,3.613056,0,-0.274726868,1,3.11666536,-0.0769233704
3614,3.614053,0,0.252750397,1,3.11666536,-0.0329666138
3615,3.615050,0,0.252750397,1,3.11666536,-0.0109901428
3616,3.616065,0,-0.164836884,1,3.11704874,0.0549468994
3617,3.617063,0,-0.164836884,1,3.11666536,0.098903656
3618,3.618050,0,0.098903656,1,3.11704874,0.120880127
3619,3.619054,0,0.098903656,1,3.11704874,0.142860413
3620,3.620056,0,0.164836884,1,3.11704874,0.164836884
3621,3.621054,0,0.164836884,1,3.11704874,0.186817169
3622,3.622056,0,0.0109901428,1,3.11704874,0.164836884
3623,3.623053,0,0.0109901428,1,3.11743259,0.164836884
3624,3.624055,0,-0.252746582,1,3.11743259,0.186817169
3625,3.625055,0,-0.252746582,1,3.11743259,0.164836884
3626,3.626074,0,-0.142856598,1,3.11743259,0.142860413
3627,3.627064,0,-0.142856598,1,3.11743259,0.142860413
3628,3.628051,0,0.120880127,1,3.11743259,0.164836884
3629,3.629056,0,0.120880127,1,3.11743259,0.142860413
3630,3.630050,0,0.164836884,1,3.11743259,0.120880127
3631,3.631055,0,0.164836884,1,3.11781597,0.098903656
3632,3.632049,0,0.098903656,1,3.11781597,0.120880127
3633,3.633054,0,0.098903656,1,3.11819935,0.120880127
3634,3.634056,0,-0.120880127,1,3.11781597,0.120880127
3635,3.635056,0,-0.120880127,1,3.11819935,0.098903656
3636,3.636050,0,-0.0988998413,1,3.11819935,0.120880127
3637,3.637056,0,-0.0988998413,1,3.11819935,0.120880127
3638,3.638061,0,-0.0769233704,1,3.11819935,0.120880127
3639,3.639055,0,-0.0769233704,1,3.11819935,0.120880127
3640,3.640052,0,0.164836884,1,3.11819935,0.120880127
3641,3.641054,0,0.164836884,1,3.11819935,0.098903656
3642,3.642051,0,0.120880127,1,3.11819935,0.098903656
3643,3.643053,0,0.120880127,1,3.11896658,0.0769271851
3644,3.644050,0,-0.208789825,1,1.54153061,0.296707153
3645,3.645054,0,-0.208789825,1,3.11819935,0.0549468994
3646,3.646049,0,-0.0109901428,1,3.11858273,-0.0109901428
3647,3.647050,0,-0.0109901428,1,3.11819935,-0.186813354
3648,3.648099,0,0.120880127,1,3.11858273,-0.0329666138
3649,3.649055,0,0.120880127,1,3.11896658,-0.0329666138
3650,3.650056,0,-0.120880127,1,3.11781597,0.0109901428
3651,3.651052,0,-0.120880127,1,3.11819935,-0.0109901428
3652,3.652053,0,-0.0109901428,1,3.11858273,-0.0329666138
3653,3.653050,0,-0.0109901428,1,3.11858273,-0.0109901428
3654,3.654051,0,0.120880127,1,3.11819935,0.0109901428
3655,3.655051,0,0.120880127,1,3.11858273,0.0109901428
3656,3.656052,0,0.142860413,1,1.54124308,0.142860413
3657,3.657056,0,0.142860413,1,3.11896658,0.0329704285
3658,3.658057,0,-0.0109901428,1,3.11858273,-0.0109901428
3659,3.659089,0,-0.0109901428,1,3.11781597,-0.230770111
3660,3.660050,0,0.20879364,1,3.11896658,-0.120880127
3661,3.661051,0,0.20879364,1,3.11896658,-0.0549468994
3662,3.662056,0,0.098903656,1,3.11819935,-0.0109901428
3663,3.663057,0,0.098903656,1,3.11819935,-0.0329666138
3664,3.664053,0,-0.120880127,1,3.11858273,-0.0549468994
3665,3.665049,0,-0.120880127,1,3.11858273,-0.0109901428
3666,3.666053,0,-0.208789825,1,3.11858273,0.0329704285
3667,3.667054,0,-0.208789825,1,3.11819935,0.0109901428
3668,3.668051,0,-0.0988998413,1,3.11858273,0.0109901428
3669,3.669052,0,-0.0988998413,1,3.11896658,0.0329704285
3670,3.670061,0,0.0329704285,1,3.11858273,0.0769271851
3671,3.671063,0,0.0329704285,1,3.11819935,0.0769271851
3672,3.672056,0,0.0109901428,1,3.11896658,0.0549468994
3673,3.673053,0,0.0109901428,1,3.11896658,0.0769271851
3674,3.674054,0,-0.406593323,1,3.11896658,0.0769271851
3675,3.675053,0,-0.406593323,1,3.11858273,0.098903656
3676,3.676054,0,-0.0988998413,1,3.11896658,0.0769271851
3677,3.677051,0,-0.0988998413,1,3.11973333,0.098903656
3678,3.678052,0,0.098903656,1,3.11934996,0.120880127
3679,3.679056,0,0.098903656,1,3.11934996,0.098903656
3680,3.680103,0,-0.0549468994,1,3.11934996,0.0769271851
3681,3.681051,0,-0.0549468994,1,3.11973333,0.0769271851
3682,3.682154,0,-0.0329666138,1,3.11934996,0.0769271851
3683,3.683161,0,-0.0329666138,1,3.11973333,0.0549468994
3684,3.684057,0,-0.0988998413,1,3.11973333,0.0549468994
3685,3.685074,0,-0.0988998413,1,3.11973333,0.0549468994
3686,3.686076,0,-0.384616852,1,3.11973333,0.0549468994
3687,3.687077,0,-0.384616852,1,3.11934996,0.0549468994
3688,3.688139,0,0.0109901428,1,3.11973333,0.0329704285
3689,3.689056,0,0.0109901428,1,3.11973333,0.0329704285
3690,3.690051,0,-0.0109901428,1,3.11934996,0.0329704285
3691,3.691064,0,-0.0109901428,1,3.11973333,0.0109901428
3692,3.692054,0,0.0769271851,1,3.12011671,0.0329704285
3693,3.693057,0,0.0769271851,1,3.11973333,0.0329704285
3694,3.694054,0,-0.0549468994,1,3.11973333,0.0549468994
3695,3.695051,0,-0.0549468994,1,3.11973333,0.0549468994
3696,3.696056,0,0.098903656,1,3.11973333,0.0549468994
3697,3.697050,0,0.098903656,1,3.11973333,0.0329704285
3698,3.698055,0,0.230770111,1,3.11973333,0.0109901428
3699,3.699057,0,0.230770111,1,3.11973333,0.0329704285
3700,3.700054,0,0.164836884,1,3.11973333,0.0329704285
3701,3.701081,0,0.164836884,1,3.11973333,0.0109901428
3702,3.702063,0,-0.0988998413,1,1.54066753,0.0109901428
3703,3.703050,0,-0.0988998413,1,3.11973333,0.0109901428
3704,3.704054,0,0.0109901428,1,3.11973333,-0.0549468994
3705,3.705052,0,0.0109901428,1,3.11896658,-0.31867981
3706,3.706056,0,0.296707153,1,3.11858273,-0.582416534
3707,3.707050,0,0.296707153,1,3.11896658,-0.626373291
3708,3.708055,0,0.0329704285,1,3.11896658,-0.582416534
3709,3.709050,0,0.0329704285,1,3.11781597,-0.516483307
3710,3.710054,0,0.0329704285,1,3.11781597,-0.516483307
3711,3.711054,0,0.0329704285,1,3.11781597,-0.47252655
3712,3.712050,0,-0.0329666138,1,3.11743259,-0.406593323
3713,3.713061,0,-0.0329666138,1,3.11704874,-0.362636566
3714,3.714054,0,-0.142856598,1,1.54105139,-0.0988998413
3715,3.715054,0,-0.142856598,1,3.11704874,-0.296703339
3716,3.716055,0,0.0329704285,1,3.11666536,-0.274726868
3717,3.717052,0,0.0329704285,1,3.11599445,-0.384616852
3718,3.718053,0,-0.208789825,1,3.11666536,-0.230770111
3719,3.719057,0,-0.208789825,1,3.11628199,-0.142856598
3720,3.720050,0,0.0549468994,1,3.11628199,-0.0769233704
3721,3.721054,0,0.0549468994,1,3.11599445,-0.0329666138
3722,3.722055,0,0.0769271851,1,3.11666536,-0.0109901428
3723,3.723076,0,0.0769271851,1,3.11666536,0.0549468994
3724,3.724063,0,-0.142856598,1,3.11666536,0.098903656
3725,3.725053,0,-0.142856598,1,3.11628199,0.142860413
3726,3.726049,0,-0.0769233704,1,1.54076385,-0.230770111
3727,3.727050,0,-0.0769233704,1,3.11704874,0.164836884
3728,3.728054,0,0.098903656,1,3.11666536,0.142860413
3729,3.729055,0,0.098903656,1,3.11599445,-0.0988998413
3730,3.730065,0,-0.0769233704,1,3.11628199,-0.362636566
3731,3.731050,0,-0.0769233704,1,3.11666536,-0.384616852
3732,3.732055,0,-0.0109901428,1,3.11599445,-0.340660095
3733,3.733056,0,-0.0109901428,1,3.11522722,-0.31867981
3734,3.734053,0,-0.120880127,1,3.11484385,-0.340660095
3735,3.735058,0,-0.120880127,1,3.11522722,-0.31867981
3736,3.736052,0,-0.0769233704,1,3.11484385,-0.252746582
3737,3.737056,0,-0.0769233704,1,3.11446047,-0.230770111
3738,3.738049,0,-0.208789825,1,3.11446047,-0.208789825
3739,3.739053,0,-0.208789825,1,3.11484385,-0.164836884
3740,3.740055,0,-0.208789825,1,3.11446047,-0.120880127
3741,3.741051,0,-0.208789825,1,3.11446047,-0.0769233704
3742,3.742052,0,-0.0549468994,1,3.11446047,-0.0329666138
3743,3.743056,0,-0.0549468994,1,3.11484385,0.0109901428
3744,3.744050,0,0.0769271851,1,3.11484385,0.0769271851
3745,3.745050,0,0.0769271851,1,3.11484385,0.120880127
3746,3.746064,0,0.252750397,1,3.11484385,0.142860413
3747,3.747051,0,0.252750397,1,3.11484385,0.142860413
3748,3.748056,0,-0.186813354,1,3.11522722,0.164836884
3749,3.749051,0,-0.186813354,1,3.11484385,0.186817169
3750,3.750056,0,-0.296703339,1,3.11484385,0.164836884
3751,3.751050,0,-0.296703339,1,3.11522722,0.142860413
3752,3.752055,0,0.0549468994,1,3.11522722,0.164836884
3753,3.753057,0,0.0549468994,1,3.11522722,0.164836884
3754,3.754054,0,0.120880127,1,3.1156106,0.164836884
3755,3.755051,0,0.120880127,1,3.11522722,0.164836884
3756,3.756056,0,-0.0769233704,1,3.1156106,0.164836884
3757,3.757058,0,-0.0769233704,1,3.1156106,0.164836884
3758,3.758052,0,-0.0549468994,1,3.1156106,0.142860413
3759,3.759049,0,-0.0549468994,1,3.1156106,0.120880127
3760,3.760051,0,0.0549468994,1,3.1156106,0.120880127
3761,3.761056,0,0.0549468994,1,3.1156106,0.120880127
3762,3.762050,0,0.0769271851,1,3.11599445,0.120880127
3763,3.763055,0,0.0769271851,1,3.1156106,0.120880127
3764,3.764049,0,0.0329704285,1,3.11628199,0.098903656
3765,3.765050,0,0.0329704285,1,3.11599445,0.120880127
3766,3.766052,0,0.098903656,1,3.11599445,0.120880127
3767,3.767057,0,0.098903656,1,3.11599445,0.098903656
3768,3.768058,0,0.0329704285,1,3.11599445,0.0769271851
3769,3.769052,0,0.0329704285,1,3.11599445,0.0549468994
3770,3.770049,0,-0.186813354,1,3.11628199,0.0329704285
3771,3.771051,0,-0.186813354,1,3.11599445,0.0329704285
3772,3.772056,0,-0.142856598,1,1.54105139,0.384616852
3773,3.773051,0,-0.142856598,1,3.11599445,0.0109901428
3774,3.774056,0,-0.0549468994,1,3.1156106,-0.0549468994
3775,3.775053,0,-0.0549468994,1,3.1156106,-0.296703339
3776,3.776056,0,0.0329704285,1,3.11628199,-0.164836884
3777,3.777057,0,0.0329704285,1,3.11628199,-0.0988998413
3778,3.778053,0,-0.186813354,1,3.1156106,-0.0549468994
3779,3.779058,0,-0.186813354,1,3.11522722,-0.0769233704
3780,3.780052,0,0.0109901428,1,3.11599445,-0.0988998413
3781,3.781056,0,0.0109901428,1,3.11599445,-0.0549468994
3782,3.782049,0,0.164836884,1,3.1156106,-0.0109901428
3783,3.783053,0,0.164836884,1,3.11522722,-0.0109901428
3784,3.784055,0,0.164836884,1,1.54105139,0.318683624
3785,3.785060,0,0.164836884,1,3.11599445,0.0109901428
3786,3.786054,0,0.098903656,1,3.1156106,-0.0329666138
3787,3.787050,0,0.098903656,1,3.11522722,-0.208789825
3788,3.788051,0,-0.0109901428,1,3.11599445,-0.0769233704
3789,3.789056,0,-0.0109901428,1,3.11628199,0.0109901428
3790,3.790061,0,0.0329704285,1,3.1156106,0.0549468994
3791,3.791054,0,0.0329704285,1,3.11522722,0.0549468994
3792,3.792051,0,0.0329704285,1,3.11599445,0.0329704285
3793,3.793052,0,0.0329704285,1,3.11666536,0.0769271851
3794,3.794056,0,-0.186813354,1,3.11599445,0.142860413
3795,3.795052,0,-0.186813354,1,3.11628199,0.142860413
3796,3.796056,0,-0.208789825,1,3.11628199,0.098903656
3797,3.797050,0,-0.208789825,1,3.11704874,0.120880127
3798,3.798054,0,-0.0109901428,1,3.11666536,0.142860413
3799,3.799055,0,-0.0109901428,1,3.11666536,0.164836884
3800,3.800075,0,-0.0109901428,1,3.11704874,0.142860413
3801,3.801058,0,-0.0109901428,1,3.11704874,0.142860413
3802,3.802052,0,0.0549468994,1,3.11704874,0.164836884
3803,3.803056,0,0.0549468994,1,3.11704874,0.142860413
3804,3.804050,0,-0.0549468994,1,3.11743259,0.120880127
3805,3.805049,0,-0.0549468994,1,3.11704874,0.120880127
3806,3.806051,0,-0.0109901428,1,3.11704874,0.120880127
3807,3.807055,0,-0.0109901428,1,3.11704874,0.0769271851
3808,3.808056,0,0.0549468994,1,3.11743259,0.0549468994
3809,3.809052,0,0.0549468994,1,3.11743259,0.0769271851
3810,3.810053,0,-0.0329666138,1,3.11704874,0.0769271851
3811,3.811058,0,-0.0329666138,1,3.11743259,0.0549468994
3812,3.812063,0,0.098903656,1,3.11743259,0.0549468994
3813,3.813050,0,0.098903656,1,3.11743259,0.0549468994
3814,3.814055,0,-0.0109901428,1,3.11743259,0.0549468994
3815,3.815052,0,-0.0109901428,1,3.11743259,0.0329704285
3816,3.816057,0,0.230770111,1,3.11781597,0.0329704285
3817,3.817051,0,0.230770111,1,3.11743259,0.0329704285
3818,3.818056,0,-0.186813354,1,3.11781597,0.0329704285
3819,3.819050,0,-0.186813354,1,3.11781597,0.0329704285
3820,3.820055,0,-0.0549468994,1,3.11743259,0.0109901428
3821,3.821050,0,-0.0549468994,1,3.11781597,0.0109901428
3822,3.822055,0,-0.186813354,1,3.11743259,0.0109901428
3823,3.823059,0,-0.186813354,1,3.11743259,0.0109901428
3824,3.824054,0,0.098903656,1,3.11743259,-0.0109901428
3825,3.825054,0,0.098903656,1,3.11781597,0.0109901428
3826,3.826056,0,0.0109901428,1,3.11781597,0.0109901428
3827,3.827053,0,0.0109901428,1,3.11743259,0.0109901428
3828,3.828055,0,0.0109901428,1,3.11743259,0.0109901428
3829,3.829053,0,0.0109901428,1,3.11781597,-0.0109901428
3830,3.830055,0,0.098903656,1,1.5408597,0.142860413
3831,3.831052,0,0.098903656,1,3.11819935,0.0329704285
3832,3.832053,0,0.20879364,1,3.11781597,-0.0329666138
3833,3.833075,0,0.20879364,1,3.11704874,-0.274726868
3834,3.834059,0,0.098903656,1,3.11781597,-0.186813354
3835,3.835056,0,0.098903656,1,3.11781597,-0.142856598
3836,3.836054,0,-0.0329666138,1,3.11704874,-0.0769233704
3837,3.837064,0,-0.0329666138,1,3.11704874,-0.0988998413
3838,3.838051,0,-0.0769233704,1,3.11743259,-0.120880127
3839,3.839056,0,-0.0769233704,1,3.11743259,-0.0769233704
3840,3.840050,0,-0.0988998413,1,3.11743259,-0.0329666138
3841,3.841053,0,-0.0988998413,1,3.11704874,-0.0329666138
3842,3.842054,0,0.0549468994,1,1.5408597,-0.274726868
3843,3.843050,0,0.0549468994,1,3.11743259,0.0109901428
3844,3.844076,0,0.230770111,1,3.11743259,-0.0109901428
3845,3.845064,0,0.230770111,1,3.11666536,-0.164836884
3846,3.846050,0,-0.0109901428,1,3.11781597,-0.0329666138
3847,3.847054,0,-0.0109901428,1,3.11819935,0.0329704285
3848,3.848055,0,0.142860413,1,3.11781597,0.098903656
3849,3.849051,0,0.142860413,1,3.11743259,0.0769271851
3850,3.850052,0,-0.186813354,1,3.11781597,0.0769271851
3851,3.851056,0,-0.186813354,1,3.11858273,0.098903656
3852,3.852049,0,-0.0329666138,1,3.11781597,0.142860413
3853,3.853054,0,-0.0329666138,1,3.11781597,0.142860413
3854,3.854055,0,0.120880127,1,1.54143476,-0.0988998413
3855,3.855054,0,0.120880127,1,3.11858273,0.142860413
3856,3.856060,0,0.0549468994,1,3.11819935,0.098903656
3857,3.857054,0,0.0549468994,1,3.11781597,-0.142856598
3858,3.858050,0,-0.0769233704,1,3.11858273,-0.0549468994
3859,3.859051,0,-0.0769233704,1,3.11896658,-0.0109901428
3860,3.860055,0,-0.0988998413,1,3.11819935,0.0549468994
3861,3.861057,0,-0.0988998413,1,3.11743259,0.0109901428
3862,3.862053,0,-0.0329666138,1,3.11819935,-0.0329666138
3863,3.863054,0,-0.0329666138,1,3.11858273,-0.0109901428
3864,3.864051,0,-0.0329666138,1,3.11781597,0.0109901428
3865,3.865055,0,-0.0329666138,1,3.11781597,0.0109901428
3866,3.866051,0,-0.0329666138,1,3.11858273,-0.0329666138
3867,3.867063,0,-0.0329666138,1,3.11858273,0.0109901428
3868,3.868057,0,0.0549468994,1,3.11781597,0.0549468994
3869,3.869054,0,0.0549468994,1,3.11781597,0.0329704285
3870,3.870055,0,0.142860413,1,3.11858273,0.0329704285
3871,3.871051,0,0.142860413,1,3.11858273,0.0549468994
3872,3.872052,0,-0.0109901428,1,3.11858273,0.0769271851
3873,3.873056,0,-0.0109901428,1,3.11819935,0.0769271851
3874,3.874049,0,-0.0329666138,1,3.11858273,0.0769271851
3875,3.875056,0,-0.0329666138,1,3.11896658,0.0769271851
3876,3.876050,0,0.142860413,1,3.11858273,0.098903656
3877,3.877080,0,0.142860413,1,3.11858273,0.0549468994
3878,3.878061,0,-0.0549468994,1,3.11858273,0.0549468994
3879,3.879055,0,-0.0549468994,1,3.11934996,0.0549468994
3880,3.880052,0,-0.164836884,1,3.11896658,0.0769271851
3881,3.881054,0,-0.164836884,1,3.11858273,0.0769271851
3882,3.882051,0,-0.450550079,1,3.11934996,0.0329704285
3883,3.883053,0,-0.450550079,1,3.11896658,0.0549468994
3884,3.884050,0,0.0549468994,1,3.11934996,0.0769271851
3885,3.885055,0,0.0549468994,1,3.11934996,0.0769271851
3886,3.886053,0,0.20879364,1,3.11934996,0.0769271851
3887,3.887054,0,0.20879364,1,3.11934996,0.0769271851
3888,3.888052,0,0.0549468994,1,3.11934996,0.0769271851
3889,3.889062,0,0.0549468994,1,3.11934996,0.0549468994
3890,3.890056,0,-0.0549468994,1,3.11934996,0.0549468994
3891,3.891053,0,-0.0549468994,1,3.11934996,0.0329704285
3892,3.892055,0,-0.0549468994,1,3.11896658,0.0329704285
3893,3.893053,0,-0.0549468994,1,3.11934996,0.0109901428
3894,3.894055,0,-0.362636566,1,3.11934996,-0.0109901428
3895,3.895055,0,-0.362636566,1,3.11896658,-0.0109901428
3896,3.896063,0,0.20879364,1,3.11896658,-0.0329666138
3897,3.897050,0,0.20879364,1,3.11934996,-0.0329666138
3898,3.898055,0,-0.0329666138,1,3.11934996,-0.0329666138
3899,3.899057,0,-0.0329666138,1,3.11896658,-0.0109901428
3900,3.900130,0,0.296707153,1,1.54133892,0.0329704285
3901,3.901051,0,0.296707153,1,3.11934996,0.0329704285
3902,3.902053,0,-0.0329666138,1,3.11934996,-0.0109901428
3903,3.903050,0,-0.0329666138,1,3.11896658,-0.274726868
3904,3.904052,0,-0.0329666138,1,3.11819935,-0.494506836
3905,3.905052,0,-0.0329666138,1,3.11858273,-0.538459778
3906,3.906054,0,0.0769271851,1,3.11819935,-0.494506836
3907,3.907050,0,0.0769271851,1,3.11743259,-0.47252655
3908,3.908050,0,-0.120880127,1,3.11743259,-0.47252655
3909,3.909054,0,-0.120880127,1,3.11743259,-0.450550079
3910,3.910056,0,-0.186813354,1,3.11743259,-0.362636566
3911,3.911064,0,-0.186813354,1,3.11666536,-0.296703339
3912,3.912051,0,0.0549468994,1,1.54105139,-0.296703339
3913,3.913055,0,0.0549468994,1,3.11666536,-0.252746582
3914,3.914056,0,-0.208789825,1,3.11666536,-0.252746582
3915,3.915055,0,-0.208789825,1,3.11599445,-0.340660095
3916,3.916056,0,-0.164836884,1,3.11628199,-0.208789825
3917,3.917053,0,-0.164836884,1,3.11666536,-0.142856598
3918,3.918054,0,-0.0109901428,1,3.11599445,-0.0549468994
3919,3.919051,0,-0.0109901428,1,3.1156106,-0.0329666138
3920,3.920052,0,0.142860413,1,3.11628199,-0.0329666138
3921,3.921056,0,0.142860413,1,3.11628199,0.0109901428
3922,3.922063,0,-0.120880127,1,3.11628199,0.0769271851
3923,3.923056,0,-0.120880127,1,3.11628199,0.098903656
3924,3.924053,0,0.296707153,1,3.11666536,0.098903656
3925,3.925050,0,0.296707153,1,3.11666536,0.142860413
3926,3.926054,0,-0.0549468994,1,3.11628199,0.164836884
3927,3.927055,0,-0.0549468994,1,3.11666536,0.164836884
3928,3.928051,0,-0.120880127,1,3.11666536,0.164836884
3929,3.929052,0,-0.120880127,1,3.11704874,0.186817169
3930,3.930056,0,0.0329704285,1,3.11704874,0.186817169
3931,3.931049,0,0.0329704285,1,3.11704874,0.186817169
3932,3.932085,0,-0.0988998413,1,3.11704874,0.186817169
3933,3.933085,0,-0.0988998413,1,3.11743259,0.186817169
3934,3.934191,0,-0.0109901428,1,3.11781597,0.186817169
3935,3.935060,0,-0.0109901428,1,3.11781597,0.186817169
3936,3.936080,0,0.230770111,1,3.11781597,0.186817169
3937,3.937185,0,0.230770111,1,3.11781597,0.20879364
3938,3.938201,0,-0.230770111,1,3.11781597,0.20879364
3939,3.939051,0,-0.230770111,1,3.11781597,0.20879364
3940,3.940052,0,0.142860413,1,3.11819935,0.186817169
3941,3.941057,0,0.142860413,1,3.11858273,0.164836884
3942,3.942051,0,0.098903656,1,3.11858273,0.164836884
3943,3.943061,0,0.098903656,1,3.11819935,0.142860413
3944,3.944056,0,-0.230770111,1,3.11819935,0.120880127
3945,3.945056,0,-0.230770111,1,3.11819935,0.098903656
3946,3.946050,0,0.0549468994,1,3.11819935,0.0769271851
3947,3.947055,0,0.0549468994,1,3.11858273,0.0549468994
3948,3.948049,0,-0.0109901428,1,3.11858273,0.0549468994
3949,3.949131,0,-0.0109901428,1,3.11858273,0.0329704285
3950,3.950051,0,0.0329704285,1,3.11858273,0.0329704285
3951,3.951053,0,0.0329704285,1,3.11819935,0.0329704285
3952,3.952050,0,-0.142856598,1,3.11858273,0.0109901428
3953,3.953075,0,-0.142856598,1,3.11858273,0.0109901428
3954,3.954059,0,0.120880127,1,3.11858273,0.0109901428
3955,3.955057,0,0.120880127,1,3.11858273,0.0109901428
3956,3.956054,0,-0.0988998413,1,3.11858273,0.0109901428
3957,3.957056,0,-0.0988998413,1,3.11858273,0.0109901428
3958,3.958054,0,0.0109901428,1,1.54105139,-0.0549468994
3959,3.959055,0,0.0109901428,1,3.11896658,0.0549468994
3960,3.960053,0,0.230770111,1,3.11896658,-0.0109901428
3961,3.961054,0,0.230770111,1,3.11819935,-0.252746582
3962,3.962052,0,0.164836884,1,3.11896658,-0.164836884
3963,3.963053,0,0.164836884,1,3.11896658,-0.142856598
3964,3.964085,0,0.0769271851,1,3.11819935,-0.0769233704
3965,3.965054,0,0.0769271851,1,3.11819935,-0.0988998413
3966,3.966056,0,-0.0329666138,1,3.11858273,-0.120880127
3967,3.967053,0,-0.0329666138,1,3.11858273,-0.0769233704
3968,3.968055,0,0.252750397,1,3.11781597,-0.0109901428
3969,3.969052,0,0.252750397,1,3.11819935,-0.0329666138
3970,3.970054,0,-0.208789825,1,1.54162645,-0.0988998413
3971,3.971051,0,-0.208789825,1,3.11858273,-0.0109901428
3972,3.972052,0,0.164836884,1,3.11781597,-0.0329666138
3973,3.973055,0,0.164836884,1,3.11781597,-0.274726868
3974,3.974056,0,-0.120880127,1,3.11858273,-0.164836884
3975,3.975117,0,-0.120880127,1,3.11858273,-0.0109901428
3976,3.976052,0,-0.0109901428,1,3.11781597,-0.0109901428
3977,3.977053,0,-0.0109901428,1,3.11781597,-0.0329666138
3978,3.978050,0,0.120880127,1,3.11819935,-0.0549468994
3979,3.979051,0,0.120880127,1,3.11896658,-0.0109901428
3980,3.980055,0,0.252750397,1,3.11819935,0.0549468994
3981,3.981057,0,0.252750397,1,3.11781597,0.0549468994
3982,3.982053,0,-0.0109901428,1,1.54124308,0.0329704285
3983,3.983054,0,-0.0109901428,1,3.11896658,0.0769271851
3984,3.984050,0,-0.296703339,1,3.11819935,0.0549468994
3985,3.985054,0,-0.296703339,1,3.11781597,-0.186813354
3986,3.986064,0,0.0109901428,1,3.11896658,-0.0988998413
3987,3.987050,0,0.0109901428,1,3.11896658,-0.0549468994
3988,3.988054,0,0.098903656,1,3.11819935,0.0329704285
3989,3.989055,0,0.098903656,1,3.11819935,0.0109901428
3990,3.990052,0,-0.142856598,1,3.11896658,-0.0329666138
3991,3.991053,0,-0.142856598,1,3.11896658,0.0329704285
3992,3.992049,0,0.142860413,1,3.11858273,0.0769271851
3993,3.993050,0,0.142860413,1,3.11781597,0.0769271851
3994,3.994054,0,0.120880127,1,3.11858273,0.0329704285
3995,3.995051,0,0.120880127,1,3.11858273,0.0549468994
3996,3.996055,0,-0.0988998413,1,3.11858273,0.0769271851
3997,3.997058,0,-0.0988998413,1,3.11819935,0.0769271851
3998,3.998052,0,0.142860413,1,3.11896658,0.0549468994
3999,3.999056,0,0.142860413,1,3.11896658,0.0549468994
4000,4.000062,0,-0.120880127,1,3.11896658,0.098903656
4001,4.001055,0,-0.120880127,1,3.11858273,0.0769271851
4002,4.002052,0,0.0769271851,1,3.11858273,0.0769271851
4003,4.003053,0,0.0769271851,1,3.11858273,0.0549468994
4004,4.004049,0,-0.0549468994,1,3.11858273,0.0549468994
4005,4.005054,0,-0.0549468994,1,3.11896658,0.0549468994
4006,4.006050,0,-0.274726868,1,3.11934996,0.0769271851
4007,4.007052,0,-0.274726868,1,3.11934996,0.0769271851
4008,4.008060,0,0.20879364,1,3.11934996,0.098903656
4009,4.009054,0,0.20879364,1,3.11896658,0.098903656
4010,4.010052,0,-0.0549468994,1,3.11934996,0.0549468994
4011,4.011053,0,-0.0549468994,1,3.11934996,0.0549468994
4012,4.012050,0,-0.0109901428,1,3.11934996,0.0769271851
4013,4.013053,0,-0.0109901428,1,3.11934996,0.0549468994
4014,4.014050,0,-0.0329666138,1,3.11973333,0.0549468994
4015,4.015055,0,-0.0329666138,1,3.11973333,0.0549468994
4016,4.016052,0,0.20879364,1,3.11973333,0.0769271851
4017,4.017054,0,0.20879364,1,3.11934996,0.0769271851
4018,4.018051,0,0.274726868,1,3.11973333,0.0549468994
4019,4.019059,0,0.274726868,1,3.11973333,0.0549468994
4020,4.020054,0,0.120880127,1,3.11973333,0.0549468994
4021,4.021051,0,0.120880127,1,3.11973333,0.0549468994
4022,4.022053,0,-0.0549468994,1,3.11973333,0.0329704285
4023,4.023050,0,-0.0549468994,1,3.11973333,0.0329704285
4024,4.024052,0,-0.164836884,1,3.11973333,0.0109901428
4025,4.025052,0,-0.164836884,1,3.11934996,-0.0109901428
4026,4.026054,0,0.252750397,1,3.11973333,-0.0109901428
4027,4.027051,0,0.252750397,1,3.11934996,-0.0109901428
4028,4.028053,0,0.20879364,1,1.5408597,0.120880127
4029,4.029051,0,0.20879364,1,3.11973333,-0.0109901428
4030,4.030059,0,0.142860413,1,3.11934996,-0.0549468994
4031,4.031054,0,0.142860413,1,3.11896658,-0.230770111
4032,4.032051,0,-0.0109901428,1,3.12011671,-0.0988998413
4033,4.033052,0,-0.0109901428,1,3.11973333,-0.0329666138
4034,4.034050,0,0.20879364,1,3.11934996,-0.0109901428
4035,4.035054,0,0.20879364,1,3.11934996,-0.0109901428
4036,4.036051,0,-0.120880127,1,3.11973333,-0.0109901428
4037,4.037054,0,-0.120880127,1,3.11973333,0.0109901428
4038,4.038049,0,-0.0769233704,1,3.11934996,0.0329704285
4039,4.039050,0,-0.0769233704,1,3.11973333,0.0109901428
4040,4.040078,0,0.0769271851,1,1.54095554,0.098903656
4041,4.041059,0,0.0769271851,1,3.11973333,0.0329704285
4042,4.042053,0,0.252750397,1,3.11973333,0.0109901428
4043,4.043049,0,0.252750397,1,3.11896658,-0.230770111
4044,4.044050,0,0.0109901428,1,3.11896658,-0.47252655
4045,4.045050,0,0.0109901428,1,3.11973333,-0.516483307
4046,4.046051,0,-0.0769233704,1,3.11896658,-0.450550079
4047,4.047055,0,-0.0769233704,1,3.11781597,-0.406593323
4048,4.048056,0,0.186817169,1,3.11781597,-0.428569794
4049,4.049053,0,0.186817169,1,3.11819935,-0.406593323
4050,4.050054,0,0.0769271851,1,3.11781597,-0.340660095
4051,4.051074,0,0.0769271851,1,3.11743259,-0.296703339
4052,4.052085,0,0.186817169,1,3.11704874,-0.296703339
4053,4.053063,0,0.186817169,1,3.11743259,-0.274726868
4054,4.054049,0,0.0769271851,1,3.11704874,-0.208789825
4055,4.055057,0,0.0769271851,1,3.11666536,-0.164836884
4056,4.056050,0,-0.120880127,1,3.11704874,-0.120880127
4057,4.057054,0,-0.120880127,1,3.11704874,-0.0769233704
4058,4.058055,0,0.0549468994,1,3.11704874,-0.0109901428
4059,4.059051,0,0.0549468994,1,3.11704874,0.0109901428
4060,4.060052,0,-0.0988998413,1,3.11743259,0.0549468994
4061,4.061057,0,-0.0988998413,1,3.11743259,0.0769271851
4062,4.062050,0,-0.208789825,1,3.11743259,0.120880127
4063,4.063060,0,-0.208789825,1,3.11743259,0.142860413
4064,4.064054,0,-0.230770111,1,3.11743259,0.142860413
4065,4.065053,0,-0.230770111,1,3.11781597,0.164836884
4066,4.066054,0,-0.0549468994,1,3.11781597,0.20879364
4067,4.067051,0,-0.0549468994,1,3.11781597,0.20879364
4068,4.068052,0,-0.0109901428,1,3.11819935,0.20879364
4069,4.069056,0,-0.0109901428,1,3.11819935,0.20879364
4070,4.070050,0,-0.362636566,1,3.11819935,0.20879364
4071,4.071054,0,-0.362636566,1,3.11781597,0.20879364
4072,4.072055,0,-0.0988998413,1,3.11819935,0.164836884
4073,4.073076,0,-0.0988998413,1,3.11858273,0.142860413
4074,4.074064,0,0.098903656,1,3.11858273,0.142860413
4075,4.075054,0,0.098903656,1,3.11858273,0.142860413
4076,4.076052,0,0.186817169,1,3.11858273,0.120880127
4077,4.077054,0,0.186817169,1,3.11858273,0.120880127
4078,4.078051,0,0.0549468994,1,3.11896658,0.098903656
4079,4.079053,0,0.0549468994,1,3.11858273,0.098903656
4080,4.080050,0,0.0109901428,1,3.11858273,0.0769271851
4081,4.081052,0,0.0109901428,1,3.11858273,0.0769271851
4082,4.082057,0,0.0329704285,1,3.11896658,0.0769271851
4083,4.083051,0,0.0329704285,1,3.11858273,0.0769271851
4084,4.084056,0,-0.208789825,1,3.11896658,0.0549468994
4085,4.085059,0,-0.208789825,1,3.11896658,0.0549468994
4086,4.086054,0,0.296707153,1,1.54105139,0.0549468994
4087,4.087051,0,0.296707153,1,3.11896658,0.0329704285
4088,4.088053,0,-0.274726868,1,3.11896658,-0.0549468994
4089,4.089050,0,-0.274726868,1,3.11819935,-0.208789825
4090,4.090052,0,-0.0549468994,1,3.11896658,-0.0769233704
4091,4.091056,0,-0.0549468994,1,3.11896658,-0.0549468994
4092,4.092050,0,-0.186813354,1,3.11858273,-0.0109901428
4093,4.093056,0,-0.186813354,1,3.11858273,-0.0109901428
4094,4.094050,0,0.120880127,1,3.11896658,-0.0109901428
4095,4.095075,0,0.120880127,1,3.11934996,0.0329704285
4096,4.096061,0,0.230770111,1,3.11896658,0.0549468994
4097,4.097056,0,0.230770111,1,3.11896658,0.0549468994
4098,4.098053,0,-0.0769233704,1,1.54066753,0.0769271851
4099,4.099055,0,-0.0769233704,1,3.11896658,0.0769271851
4100,4.100052,0,-0.120880127,1,3.11896658,0.0329704285
4101,4.101054,0,-0.120880127,1,3.11819935,-0.230770111
4102,4.102051,0,-0.208789825,1,3.11858273,-0.47252655
4103,4.103064,0,-0.208789825,1,3.11896658,-0.47252655
4104,4.104050,0,0.0769271851,1,3.11819935,-0.428569794
4105,4.105056,0,0.0769271851,1,3.11743259,-0.406593323
4106,4.106074,0,-0.120880127,1,3.11743259,-0.428569794
4107,4.107064,0,-0.120880127,1,3.11743259,-0.428569794
4108,4.108050,0,-0.0549468994,1,3.11704874,-0.362636566
4109,4.109054,0,-0.0549468994,1,3.11666536,-0.31867981
4110,4.110056,0,-0.0329666138,1,1.54114723,0.0329704285
4111,4.111052,0,-0.0329666138,1,3.11666536,-0.274726868
4112,4.112053,0,-0.0988998413,1,3.11628199,-0.252746582
4113,4.113049,0,-0.0988998413,1,3.1156106,-0.450550079
4114,4.114051,0,-0.230770111,1,3.11522722,-0.670330048
4115,4.115050,0,-0.230770111,1,3.1156106,-0.692306519
4116,4.116051,0,0.0769271851,1,3.1156106,-0.582416534
4117,4.117086,0,0.0769271851,1,3.11446047,-0.47252655
4118,4.118055,0,-0.164836884,1,3.11369324,-0.47252655
4119,4.119056,0,-0.164836884,1,3.11446047,-0.428569794
4120,4.120052,0,-0.186813354,1,3.11407661,-0.340660095
4121,4.121053,0,-0.186813354,1,3.11292648,-0.252746582
4122,4.122050,0,0.0329704285,1,3.11292648,-0.252746582
4123,4.123051,0,0.0329704285,1,3.11330986,-0.230770111
4124,4.124055,0,0.0329704285,1,3.11330986,-0.142856598
4125,4.125052,0,0.0329704285,1,3.11292648,-0.0769233704
4126,4.126056,0,-0.142856598,1,3.11254263,-0.0549468994
4127,4.127049,0,-0.142856598,1,3.11330986,-0.0329666138
4128,4.128119,0,0.318683624,1,3.11330986,0.0769271851
4129,4.129053,0,0.318683624,1,3.11254263,0.0769271851
4130,4.130055,0,-0.142856598,1,3.11254263,0.098903656
4131,4.131051,0,-0.142856598,1,3.11292648,0.098903656
4132,4.132052,0,-0.0329666138,1,3.11292648,0.120880127
4133,4.133057,0,-0.0329666138,1,3.11292648,0.164836884
4134,4.134050,0,0.0109901428,1,3.11330986,0.142860413
4135,4.135049,0,0.0109901428,1,3.11330986,0.164836884
4136,4.136051,0,0.0549468994,1,3.11330986,0.186817169
4137,4.137055,0,0.0549468994,1,3.11369324,0.186817169
4138,4.138056,0,0.340660095,1,3.11369324,0.20879364
4139,4.139060,0,0.340660095,1,3.11369324,0.20879364
4140,4.140055,0,-0.252746582,1,3.11369324,0.20879364
4141,4.141053,0,-0.252746582,1,3.11407661,0.186817169
4142,4.142054,0,-0.164836884,1,3.11369324,0.186817169
4143,4.143052,0,-0.164836884,1,3.11446047,0.164836884
4144,4.144053,0,-0.252746582,1,3.11407661,0.186817169
4145,4.145054,0,-0.252746582,1,3.11407661,0.186817169
4146,4.146056,0,-0.0329666138,1,3.11446047,0.164836884
4147,4.147053,0,-0.0329666138,1,3.11484385,0.186817169
4148,4.148055,0,-0.0549468994,1,3.11484385,0.186817169
4149,4.149052,0,-0.0549468994,1,3.11484385,0.186817169
4150,4.150064,0,-0.142856598,1,3.11484385,0.186817169
4151,4.151051,0,-0.142856598,1,3.11484385,0.164836884
4152,4.152056,0,-0.0549468994,1,3.11484385,0.164836884
4153,4.153050,0,-0.0549468994,1,3.11484385,0.142860413
4154,4.154055,0,0.098903656,1,3.11484385,0.120880127
4155,4.155052,0,0.098903656,1,3.11522722,0.098903656
4156,4.156057,0,-0.0988998413,1,1.54114723,-0.274726868
4157,4.157051,0,-0.0988998413,1,3.11484385,0.0769271851
4158,4.158055,0,-0.0769233704,1,3.11484385,0.0109901428
4159,4.159126,0,-0.0769233704,1,3.11446047,-0.494506836
4160,4.160172,0,0.098903656,1,3.11446047,-0.560440063
4161,4.161163,0,0.098903656,1,3.11369324,-0.516483307
4162,4.162156,0,-0.186813354,1,3.11330986,-0.494506836
4163,4.163160,0,-0.186813354,1,3.11254263,-0.47252655
4164,4.164115,0,-0.0329666138,1,3.11254263,-0.47252655
4165,4.165050,0,-0.0329666138,1,3.11292648,-0.47252655
4166,4.166052,0,0.0549468994,1,3.11292648,-0.406593323
4167,4.167056,0,0.0549468994,1,3.11215925,-0.31867981
4168,4.168050,0,-0.0549468994,1,1.5408597,-0.296703339
4169,4.169054,0,-0.0549468994,1,3.11215925,-0.274726868
4170,4.170054,0,0.0769271851,1,3.11177588,-0.252746582
4171,4.171050,0,0.0769271851,1,3.11177588,-0.384616852
4172,4.172051,0,0.098903656,1,3.11215925,-0.186813354
4173,4.173056,0,0.098903656,1,3.11254263,-0.0988998413
4174,4.174098,0,0.0109901428,1,3.11177588,0.0109901428
4175,4.175057,0,0.0109901428,1,3.11177588,0.0109901428
4176,4.176050,0,0.0769271851,1,3.11215925,0.0109901428
4177,4.177054,0,0.0769271851,1,3.11215925,0.0549468994
4178,4.178055,0,-0.0109901428,1,3.11177588,0.120880127
4179,4.179052,0,-0.0109901428,1,3.11177588,0.120880127
4180,4.180053,0,0.20879364,1,3.11215925,0.120880127
4181,4.181050,0,0.20879364,1,3.11215925,0.142860413
4182,4.182051,0,0.164836884,1,3.11215925,0.186817169
4183,4.183055,0,0.164836884,1,3.11215925,0.164836884
4184,4.184056,0,-0.0988998413,1,3.11254263,0.164836884
4185,4.185070,0,-0.0988998413,1,3.11292648,0.142860413
4186,4.186051,0,-0.120880127,1,3.11254263,0.164836884
4187,4.187052,0,-0.120880127,1,3.11254263,0.164836884
4188,4.188056,0,0.296707153,1,3.11330986,0.164836884
4189,4.189050,0,0.296707153,1,3.11292648,0.186817169
4190,4.190054,0,-0.340660095,1,3.11330986,0.186817169
4191,4.191055,0,-0.340660095,1,3.11292648,0.20879364
4192,4.192052,0,-0.0329666138,1,3.11369324,0.164836884
4193,4.193053,0,-0.0329666138,1,3.11330986,0.186817169
4194,4.194057,0,-0.120880127,1,3.11330986,0.186817169
4195,4.195053,0,-0.120880127,1,3.11369324,0.164836884
4196,4.196060,0,0.0769271851,1,3.11369324,0.142860413
4197,4.197054,0,0.0769271851,1,3.11369324,0.142860413
4198,4.198051,0,-0.0549468994,1,3.11369324,0.142860413
4199,4.199052,0,-0.0549468994,1,3.11407661,0.120880127
4200,4.200056,0,-0.230770111,1,3.11407661,0.120880127
4201,4.201057,0,-0.230770111,1,3.11446047,0.120880127
4202,4.202053,0,-0.0769233704,1,3.11407661,0.142860413
4203,4.203054,0,-0.0769233704,1,3.11407661,0.120880127
4204,4.204052,0,-0.0109901428,1,3.11484385,0.098903656
4205,4.205057,0,-0.0109901428,1,3.11446047,0.098903656
4206,4.206085,0,0.0769271851,1,3.11446047,0.098903656
4207,4.207051,0,0.0769271851,1,3.11446047,0.0549468994
4208,4.208053,0,0.120880127,1,3.11484385,0.0329704285
4209,4.209074,0,0.120880127,1,3.11446047,0.0549468994
4210,4.210061,0,0.0329704285,1,3.11446047,0.0549468994
4211,4.211056,0,0.0329704285,1,3.11484385,0.0329704285
4212,4.212053,0,-0.230770111,1,3.11446047,0.0109901428
4213,4.213055,0,-0.230770111,1,3.11446047,0.0109901428
4214,4.214053,0,0.0769271851,1,1.54124308,-0.0109901428
4215,4.215050,0,0.0769271851,1,3.11446047,-0.0109901428
4216,4.216055,0,-0.0988998413,1,3.11446047,-0.0769233704
4217,4.217059,0,-0.0988998413,1,3.11407661,-0.230770111
4218,4.218054,0,-0.0549468994,1,3.11446047,-0.120880127
4219,4.219051,0,-0.0549468994,1,3.11446047,-0.0549468994
4220,4.220053,0,0.120880127,1,3.11407661,-0.0329666138
4221,4.221050,0,0.120880127,1,3.11446047,-0.0329666138
4222,4.222052,0,0.098903656,1,3.11446047,-0.0329666138
4223,4.223049,0,0.098903656,1,3.11484385,0.0109901428
4224,4.224051,0,-0.0769233704,1,3.11484385,0.0549468994
4225,4.225051,0,-0.0769233704,1,3.11484385,0.0769271851
4226,4.226053,0,-0.0988998413,1,1.5408597,0.0769271851
4227,4.227075,0,-0.0988998413,1,3.11522722,0.0769271851
4228,4.228061,0,-0.164836884,1,3.11484385,0.0549468994
4229,4.229056,0,-0.164836884,1,3.11407661,-0.120880127
4230,4.230054,0,-0.0769233704,1,3.11522722,-0.0329666138
4231,4.231055,0,-0.0769233704,1,3.11522722,0.0549468994
4232,4.232053,0,0.164836884,1,3.11484385,0.0769271851
4233,4.233054,0,0.164836884,1,3.11446047,0.0549468994
4234,4.234051,0,0.384616852,1,3.1156106,0.0329704285
4235,4.235054,0,0.384616852,1,3.1156106,0.0769271851
4236,4.236050,0,-0.0109901428,1,3.1156106,0.098903656
4237,4.237051,0,-0.0109901428,1,3.11484385,0.0769271851
4238,4.238087,0,-0.142856598,1,1.54076385,0.0549468994
4239,4.239051,0,-0.142856598,1,3.1156106,0.0549468994
4240,4.240052,0,0.230770111,1,3.11484385,0.0329704285
4241,4.241056,0,0.230770111,1,3.11446047,-0.252746582
4242,4.242050,0,0.0769271851,1,3.11446047,-0.47252655
4243,4.243054,0,0.0769271851,1,3.11522722,-0.516483307
4244,4.244055,0,-0.0769233704,1,3.11446047,-0.428569794
4245,4.245055,0,-0.0769233704,1,3.11369324,-0.406593323
4246,4.246056,0,-0.252746582,1,3.11369324,-0.428569794
4247,4.247052,0,-0.252746582,1,3.11369324,-0.406593323
4248,4.248053,0,0.186817169,1,3.11330986,-0.362636566
4249,4.249063,0,0.186817169,1,3.11292648,-0.296703339
4250,4.250055,0,0.20879364,1,3.11254263,-0.274726868
4251,4.251056,0,0.20879364,1,3.11292648,-0.274726868
4252,4.252053,0,-0.142856598,1,3.11254263,-0.208789825
4253,4.253054,0,-0.142856598,1,3.11254263,-0.142856598
4254,4.254051,0,-0.0329666138,1,3.11254263,-0.120880127
4255,4.255055,0,-0.0329666138,1,3.11330986,-0.0769233704
4256,4.256051,0,-0.164836884,1,3.11292648,0.0109901428
4257,4.257052,0,-0.164836884,1,3.11254263,0.0329704285
4258,4.258056,0,0.274726868,1,3.11292648,0.0769271851
4259,4.259049,0,0.274726868,1,3.11292648,0.098903656
4260,4.260122,0,-0.186813354,1,3.11330986,0.164836884
4261,4.261050,0,-0.186813354,1,3.11292648,0.164836884
4262,4.262051,0,0.098903656,1,3.11330986,0.164836884
4263,4.263055,0,0.098903656,1,3.11330986,0.142860413
4264,4.264057,0,0.142860413,1,3.11292648,0.164836884
4265,4.265056,0,0.142860413,1,3.11292648,0.142860413
4266,4.266049,0,-0.186813354,1,3.11292648,0.142860413
4267,4.267053,0,-0.186813354,1,3.11369324,0.120880127
4268,4.268057,0,0.252750397,1,3.11369324,0.164836884
4269,4.269052,0,0.252750397,1,3.11369324,0.164836884
4270,4.270057,0,-0.0549468994,1,3.11369324,0.164836884
4271,4.271060,0,-0.0549468994,1,3.11369324,0.142860413
4272,4.272055,0,0.0329704285,1,3.11407661,0.164836884
4273,4.273052,0,0.0329704285,1,3.11407661,0.142860413
4274,4.274053,0,-0.0769233704,1,3.11407661,0.142860413
4275,4.275054,0,-0.0769233704,1,3.11407661,0.142860413
4276,4.276056,0,-0.0549468994,1,3.11407661,0.120880127
4277,4.277053,0,-0.0549468994,1,3.11446047,0.120880127
4278,4.278055,0,0.0549468994,1,3.11446047,0.120880127
4279,4.279052,0,0.0549468994,1,3.11446047,0.120880127
4280,4.280054,0,-0.208789825,1,3.11446047,0.120880127
4281,4.281051,0,-0.208789825,1,3.11446047,0.098903656
4282,4.282061,0,0.230770111,1,3.11484385,0.098903656
4283,4.283055,0,0.230770111,1,3.11446047,0.098903656
4284,4.284052,0,-0.274726868,1,1.54105139,-0.252746582
4285,4.285050,0,-0.274726868,1,3.11446047,0.098903656
4286,4.286055,0,0.142860413,1,3.11446047,0.0109901428
4287,4.287056,0,0.142860413,1,3.11407661,-0.164836884
4288,4.288054,0,0.142860413,1,3.11484385,-0.0549468994
4289,4.289056,0,0.142860413,1,3.11446047,-0.0109901428
4290,4.290053,0,0.120880127,1,3.11446047,0.0109901428
4291,4.291055,0,0.120880127,1,3.11407661,-0.0109901428
4292,4.292077,0,0.164836884,1,3.11484385,-0.0549468994
4293,4.293057,0,0.164836884,1,3.11522722,-0.0109901428
4294,4.294052,0,-0.428569794,1,3.11446047,0.0329704285
4295,4.295052,0,-0.428569794,1,3.11484385,0.0329704285
4296,4.296054,0,0.164836884,1,1.54133892,0.384616852
4297,4.297051,0,0.164836884,1,3.11522722,0.0769271851
4298,4.298052,0,0.252750397,1,3.11484385,0.0329704285
4299,4.299050,0,0.252750397,1,3.11407661,-0.230770111
4300,4.300050,0,0.0549468994,1,3.11407661,-0.494506836
4301,4.301054,0,0.0549468994,1,3.11446047,-0.516483307
4302,4.302054,0,-0.164836884,1,3.11369324,-0.47252655
4303,4.303088,0,-0.164836884,1,3.11292648,-0.428569794
4304,4.304056,0,0.0769271851,1,3.11254263,-0.450550079
4305,4.305053,0,0.0769271851,1,3.11292648,-0.450550079
4306,4.306049,0,0.0109901428,1,3.11292648,-0.362636566
4307,4.307050,0,0.0109901428,1,3.11215925,-0.31867981
4308,4.308054,0,0.0549468994,1,3.11215925,-0.296703339
4309,4.309056,0,0.0549468994,1,3.11292648,-0.252746582
4310,4.310052,0,0.120880127,1,3.11215925,-0.142856598
4311,4.311053,0,0.120880127,1,3.11215925,-0.0988998413
4312,4.312050,0,0.098903656,1,3.11215925,-0.0769233704
4313,4.313051,0,0.098903656,1,3.11254263,-0.0329666138
4314,4.314063,0,0.0329704285,1,3.11215925,0.0109901428
4315,4.315050,0,0.0329704285,1,3.11215925,0.0109901428
4316,4.316051,0,-0.0549468994,1,3.11215925,0.0329704285
4317,4.317056,0,-0.0549468994,1,3.11215925,0.0549468994
4318,4.318057,0,-0.230770111,1,3.11292648,0.098903656
4319,4.319053,0,-0.230770111,1,3.11215925,0.120880127
4320,4.320054,0,-0.252746582,1,3.11254263,0.098903656
4321,4.321051,0,-0.252746582,1,3.11254263,0.120880127
4322,4.322052,0,-0.186813354,1,3.11254263,0.164836884
4323,4.323056,0,-0.186813354,1,3.11254263,0.164836884
4324,4.324057,0,-0.0769233704,1,3.11292648,0.164836884
4325,4.325064,0,-0.0769233704,1,3.11330986,0.164836884
4326,4.326050,0,0.0109901428,1,3.11292648,0.186817169
4327,4.327059,0,0.0109901428,1,3.11330986,0.186817169
4328,4.328053,0,-0.0769233704,1,3.11292648,0.164836884
4329,4.329057,0,-0.0769233704,1,3.11330986,0.164836884
4330,4.330050,0,-0.208789825,1,3.11330986,0.164836884
4331,4.331054,0,-0.208789825,1,3.11369324,0.164836884
4332,4.332055,0,0.20879364,1,3.11369324,0.164836884
4333,4.333052,0,0.20879364,1,3.11407661,0.164836884
4334,4.334053,0,0.0549468994,1,3.11407661,0.186817169
4335,4.335260,0,0.0549468994,1,3.11407661,0.142860413
4336,4.336057,0,0.0109901428,1,3.11407661,0.142860413
4337,4.337051,0,0.0109901428,1,3.11446047,0.142860413
4338,4.338056,0,-0.230770111,1,3.11407661,0.142860413
4339,4.339050,0,-0.230770111,1,3.11446047,0.098903656
4340,4.340055,0,0.0329704285,1,3.11446047,0.098903656
4341,4.341050,0,0.0329704285,1,3.11407661,0.0769271851
4342,4.342055,0,-0.31867981,1,1.54133892,-0.296703339
4343,4.343057,0,-0.31867981,1,3.11446047,0.0549468994
4344,4.344054,0,-0.0988998413,1,3.11407661,-0.0109901428
4345,4.345051,0,-0.0988998413,1,3.11330986,-0.274726868
4346,4.346061,0,-0.0109901428,1,3.11330986,-0.538459778
4347,4.347055,0,-0.0109901428,1,3.11369324,-0.582416534
4348,4.348053,0,-0.0109901428,1,3.11330986,-0.538459778
4349,4.349055,0,-0.0109901428,1,3.11215925,-0.47252655
4350,4.350052,0,0.142860413,1,3.11215925,-0.494506836
4351,4.351054,0,0.142860413,1,3.11215925,-0.450550079
4352,4.352051,0,0.0329704285,1,3.11177588,-0.384616852
4353,4.353053,0,0.0329704285,1,3.11177588,-0.340660095
4354,4.354050,0,-0.142856598,1,1.54095554,0.0549468994
4355,4.355055,0,-0.142856598,1,3.11177588,-0.274726868
4356,4.356084,0,-0.0109901428,1,3.1113925,-0.252746582
4357,4.357049,0,-0.0109901428,1,3.11062527,-0.47252655
4358,4.358052,0,-0.0988998413,1,3.10985851,-0.648349762
4359,4.359056,0,-0.0988998413,1,3.11062527,-0.648349762
4360,4.360050,0,0.120880127,1,3.11024189,-0.560440063
4361,4.361055,0,0.120880127,1,3.10947466,-0.47252655
4362,4.362049,0,0.0329704285,1,3.10880375,-0.450550079
4363,4.363054,0,0.0329704285,1,3.10909128,-0.428569794
4364,4.364056,0,-0.0109901428,1,3.10880375,-0.340660095
4365,4.365056,0,-0.0109901428,1,3.10803699,-0.252746582
4366,4.366057,0,-0.0549468994,1,1.54105139,0.098903656
4367,4.367106,0,-0.0549468994,1,3.10803699,-0.208789825
4368,4.368057,0,-0.0549468994,1,3.10765314,-0.230770111
4369,4.369050,0,-0.0549468994,1,3.10688639,-0.406593323
4370,4.370054,0,-0.0109901428,1,3.10726976,-0.274726868
4371,4.371055,0,-0.0109901428,1,3.10726976,-0.230770111
4372,4.372052,0,-0.0329666138,1,3.10688639,-0.142856598
4373,4.373053,0,-0.0329666138,1,3.10650301,-0.0988998413
4374,4.374050,0,-0.0549468994,1,3.10688639,-0.0988998413
4375,4.375054,0,-0.0549468994,1,3.10726976,-0.0549468994
4376,4.376050,0,0.098903656,1,3.10688639,0.0329704285
4377,4.377051,0,0.098903656,1,3.10650301,0.0769271851
4378,4.378060,0,-0.0549468994,1,3.10688639,0.0769271851
4379,4.379054,0,-0.0549468994,1,3.10726976,0.120880127
4380,4.380050,0,0.0549468994,1,3.10726976,0.164836884
4381,4.381060,0,0.0549468994,1,3.10688639,0.186817169
4382,4.382188,0,-0.142856598,1,3.10765314,0.186817169
4383,4.383203,0,-0.142856598,1,3.10803699,0.230770111
4384,4.384135,0,-0.0109901428,1,3.10803699,0.252750397
4385,4.385124,0,-0.0109901428,1,3.10765314,0.252750397
4386,4.386101,0,0.164836884,1,3.10765314,0.252750397
4387,4.387170,0,0.164836884,1,3.10803699,0.252750397
4388,4.388101,0,-0.120880127,1,3.10803699,0.230770111
4389,4.389054,0,-0.120880127,1,3.10803699,0.230770111
4390,4.390056,0,0.252750397,1,3.10803699,0.230770111
4391,4.391052,0,0.252750397,1,3.10880375,0.20879364
4392,4.392053,0,0.0109901428,1,3.10842037,0.230770111
4393,4.393049,0,0.0109901428,1,3.10803699,0.20879364
4394,4.394051,0,0.0549468994,1,3.10842037,0.164836884
4395,4.395050,0,0.0549468994,1,3.10880375,0.164836884
4396,4.396051,0,-0.0329666138,1,3.10842037,0.142860413
4397,4.397056,0,-0.0329666138,1,3.10880375,0.120880127
4398,4.398057,0,-0.0769233704,1,3.10842037,0.098903656
4399,4.399058,0,-0.0769233704,1,3.10880375,0.0769271851
4400,4.400052,0,-0.186813354,1,3.10880375,0.0769271851
4401,4.401049,0,-0.186813354,1,3.10880375,0.098903656
4402,4.402051,0,0.0329704285,1,3.10880375,0.098903656
4403,4.403056,0,0.0329704285,1,3.10909128,0.098903656
4404,4.404050,0,0.186817169,1,3.10909128,0.098903656
4405,4.405051,0,0.186817169,1,3.10909128,0.098903656
4406,4.406053,0,0.120880127,1,3.10909128,0.0769271851
4407,4.407050,0,0.120880127,1,3.10909128,0.0769271851
4408,4.408052,0,-0.142856598,1,3.10909128,0.0549468994
4409,4.409095,0,-0.142856598,1,3.10909128,0.0329704285
4410,4.410055,0,-0.0109901428,1,3.10909128,0.0329704285
4411,4.411050,0,-0.0109901428,1,3.10909128,0.0549468994
4412,4.412055,0,0.230770111,1,1.5408597,0.186817169
4413,4.413057,0,0.230770111,1,3.10909128,0.0109901428
4414,4.414054,0,0.0549468994,1,3.10947466,-0.0329666138
4415,4.415051,0,0.0549468994,1,3.10909128,-0.186813354
4416,4.416056,0,0.20879364,1,3.11024189,-0.0329666138
4417,4.417050,0,0.20879364,1,3.10985851,0.0329704285
4418,4.418055,0,-0.0329666138,1,3.10909128,0.0769271851
4419,4.419049,0,-0.0329666138,1,3.10909128,0.0549468994
4420,4.420064,0,-0.186813354,1,3.10985851,0.0329704285
4421,4.421054,0,-0.186813354,1,3.10985851,0.0769271851
4422,4.422057,0,-0.142856598,1,3.10947466,0.120880127
4423,4.423054,0,-0.142856598,1,3.10947466,0.0769271851
4424,4.424056,0,-0.120880127,1,1.54133892,0.186817169
4425,4.425056,0,-0.120880127,1,3.11024189,0.0549468994
4426,4.426050,0,0.0769271851,1,3.10985851,0.0109901428
4427,4.427055,0,0.0769271851,1,3.10947466,-0.164836884
4428,4.428057,0,0.120880127,1,3.11024189,-0.0329666138
4429,4.429054,0,0.120880127,1,3.11024189,0.0109901428
4430,4.430081,0,0.0329704285,1,3.10985851,0.0549468994
4431,4.431064,0,0.0329704285,1,3.10947466,0.0329704285
4432,4.432057,0,-0.0329666138,1,3.11024189,0.0109901428
4433,4.433053,0,-0.0329666138,1,3.11062527,0.0549468994
4434,4.434054,0,-0.186813354,1,3.11024189,0.098903656
4435,4.435053,0,-0.186813354,1,3.10985851,0.098903656
4436,4.436054,0,0.0109901428,1,3.11062527,0.0769271851
4437,4.437076,0,0.0109901428,1,3.11062527,0.098903656
4438,4.438062,0,0.098903656,1,3.11062527,0.142860413
4439,4.439056,0,0.098903656,1,3.11062527,0.120880127
4440,4.440052,0,-0.0549468994,1,3.11100864,0.120880127
4441,4.441167,0,-0.0549468994,1,3.11100864,0.120880127
4442,4.442055,0,-0.0549468994,1,3.11100864,0.120880127
4443,4.443056,0,-0.0549468994,1,3.11100864,0.120880127
4444,4.444053,0,0.0109901428,1,3.1113925,0.098903656
4445,4.445050,0,0.0109901428,1,3.11177588,0.098903656
4446,4.446054,0,-0.120880127,1,3.1113925,0.120880127
4447,4.447055,0,-0.120880127,1,3.1113925,0.098903656
4448,4.448051,0,0.120880127,1,3.1113925,0.0769271851
4449,4.449052,0,0.120880127,1,3.1113925,0.0769271851
4450,4.450056,0,-0.0769233704,1,3.1113925,0.0769271851
4451,4.451049,0,-0.0769233704,1,3.1113925,0.0549468994
4452,4.452065,0,-0.186813354,1,3.1113925,0.0329704285
4453,4.453051,0,-0.186813354,1,3.1113925,0.0329704285
4454,4.454055,0,-0.120880127,1,3.11177588,0.0329704285
4455,4.455052,0,-0.120880127,1,3.11177588,0.0329704285
4456,4.456056,0,0.142860413,1,3.11177588,0.0329704285
4457,4.457057,0,0.142860413,1,3.11177588,0.0329704285
4458,4.458053,0,0.362640381,1,3.11177588,0.0329704285
4459,4.459054,0,0.362640381,1,3.11177588,0.0549468994
4460,4.460051,0,-0.0988998413,1,3.11177588,0.0329704285
4461,4.461052,0,-0.0988998413,1,3.11177588,0.0109901428
4462,4.462105,0,0.0769271851,1,3.11177588,0.0109901428
4463,4.463055,0,0.0769271851,1,3.11177588,0.0109901428
4464,4.464056,0,-0.0109901428,1,3.11177588,0.0109901428
4465,4.465056,0,-0.0109901428,1,3.11215925,0.0109901428
4466,4.466050,0,-0.208789825,1,3.11177588,0.0109901428
4467,4.467055,0,-0.208789825,1,3.11215925,0.0109901428
4468,4.468057,0,-0.0988998413,1,3.11215925,0.0329704285
4469,4.469054,0,-0.0988998413,1,3.11215925,0.0329704285
4470,4.470056,0,0.230770111,1,1.54114723,-0.142856598
4471,4.471053,0,0.230770111,1,3.11254263,0.0549468994
4472,4.472055,0,-0.0109901428,1,3.11177588,0.0109901428
4473,4.473059,0,-0.0109901428,1,3.1113925,-0.274726868
4474,4.474054,0,0.0329704285,1,3.11100864,-0.516483307
4475,4.475054,0,0.0329704285,1,3.11177588,-0.560440063
4476,4.476056,0,0.0329704285,1,3.11100864,-0.494506836
4477,4.477054,0,0.0329704285,1,3.11024189,-0.47252655
4478,4.478055,0,0.0109901428,1,3.10985851,-0.47252655
4479,4.479053,0,0.0109901428,1,3.10985851,-0.47252655
4480,4.480054,0,0.142860413,1,3.10985851,-0.406593323
4481,4.481052,0,0.142860413,1,3.10909128,-0.340660095
4482,4.482053,0,0.0549468994,1,1.54076385,-0.31867981
4483,4.483085,0,0.0549468994,1,3.10947466,-0.274726868
4484,4.484052,0,-0.0988998413,1,3.10880375,-0.274726868
4485,4.485049,0,-0.0988998413,1,3.10842037,-0.47252655
4486,4.486054,0,0.164836884,1,3.10803699,-0.670330048
4487,4.487056,0,0.164836884,1,3.10880375,-0.670330048
4488,4.488053,0,0.164836884,1,3.10842037,-0.582416534
4489,4.489055,0,0.164836884,1,3.10726976,-0.494506836
4490,4.490052,0,-0.0109901428,1,3.10650301,-0.47252655
4491,4.491054,0,-0.0109901428,1,3.10726976,-0.450550079
4492,4.492051,0,-0.208789825,1,3.10688639,-0.340660095
4493,4.493058,0,-0.208789825,1,3.10611916,-0.252746582
4494,4.494058,0,0.142860413,1,1.54124308,0.120880127
4495,4.495055,0,0.142860413,1,3.10611916,-0.208789825
4496,4.496052,0,0.0109901428,1,3.10573578,-0.208789825
4497,4.497052,0,0.0109901428,1,3.10496902,-0.384616852
4498,4.498056,0,-0.0769233704,1,3.10573578,-0.230770111
4499,4.499057,0,-0.0769233704,1,3.10573578,-0.164836884
4500,4.500053,0,0.230770111,1,3.1053524,-0.0769233704
4501,4.501055,0,0.230770111,1,3.10458517,-0.0549468994
4502,4.502051,0,0.0109901428,1,3.10496902,-0.0549468994
4503,4.503052,0,0.0109901428,1,3.1053524,0.0109901428
4504,4.504086,0,-0.230770111,1,3.10496902,0.0769271851
4505,4.505052,0,-0.230770111,1,3.10496902,0.098903656
4506,4.506053,0,-0.186813354,1,3.1053524,0.120880127
4507,4.507050,0,-0.186813354,1,3.10573578,0.142860413
4508,4.508051,0,0.0769271851,1,3.1053524,0.186817169
4509,4.509055,0,0.0769271851,1,3.1053524,0.20879364
4510,4.510056,0,-0.0549468994,1,3.10573578,0.20879364
4511,4.511053,0,-0.0549468994,1,3.10611916,0.230770111
4512,4.512054,0,-0.186813354,1,3.10573578,0.252750397
4513,4.513050,0,-0.186813354,1,3.10611916,0.252750397
4514,4.514051,0,0.186817169,1,3.10573578,0.230770111
4515,4.515106,0,0.186817169,1,3.10611916,0.20879364
4516,4.516056,0,-0.230770111,1,3.10611916,0.230770111
4517,4.517050,0,-0.230770111,1,3.10611916,0.230770111
4518,4.518054,0,0.098903656,1,3.10611916,0.20879364
4519,4.519055,0,0.098903656,1,3.10688639,0.20879364
4520,4.520051,0,-0.142856598,1,3.10650301,0.20879364
4521,4.521052,0,-0.142856598,1,3.10688639,0.20879364
4522,4.522056,0,0.098903656,1,3.10726976,0.186817169
4523,4.523050,0,0.098903656,1,3.10765314,0.20879364
4524,4.524054,0,-0.142856598,1,3.10726976,0.230770111
4525,4.525050,0,-0.142856598,1,3.10726976,0.20879364
4526,4.526061,0,0.20879364,1,3.10765314,0.164836884
4527,4.527055,0,0.20879364,1,3.10765314,0.164836884
4528,4.528051,0,0.230770111,1,3.10765314,0.164836884
4529,4.529052,0,0.230770111,1,3.10765314,0.142860413
4530,4.530056,0,-0.142856598,1,3.10765314,0.142860413
4531,4.531050,0,-0.142856598,1,3.10765314,0.120880127
4532,4.532055,0,0.0769271851,1,3.10765314,0.098903656
4533,4.533049,0,0.0769271851,1,3.10803699,0.0769271851
4534,4.534054,0,0.120880127,1,3.10803699,0.0769271851
4535,4.535051,0,0.120880127,1,3.10803699,0.0769271851
4536,4.536056,0,0.120880127,1,3.10803699,0.098903656
4537,4.537062,0,0.120880127,1,3.10803699,0.0769271851
4538,4.538056,0,-0.0109901428,1,3.10842037,0.0549468994
4539,4.539054,0,-0.0109901428,1,3.10842037,0.0769271851
4540,4.540055,0,-0.0109901428,1,1.54095554,-0.274726868
4541,4.541053,0,-0.0109901428,1,3.10842037,0.0549468994
4542,4.542055,0,0.0549468994,1,3.10842037,0.0109901428
4543,4.543052,0,0.0549468994,1,3.10803699,-0.142856598
4544,4.544054,0,-0.0109901428,1,3.10880375,-0.0329666138
4545,4.545058,0,-0.0109901428,1,3.10909128,0.0329704285
4546,4.546052,0,-0.120880127,1,3.10880375,0.0769271851
4547,4.547076,0,-0.120880127,1,3.10880375,0.0549468994
4548,4.548055,0,0.120880127,1,3.10880375,0.0549468994
4549,4.549050,0,0.120880127,1,3.10909128,0.0549468994
4550,4.550055,0,-0.0769233704,1,3.10880375,0.098903656
4551,4.551057,0,-0.0769233704,1,3.10842037,0.0769271851
4552,4.552054,0,-0.164836884,1,1.54114723,0.0549468994
4553,4.553056,0,-0.164836884,1,3.10909128,0.0769271851
4554,4.554053,0,-0.0329666138,1,3.10880375,0.0549468994
4555,4.555050,0,-0.0329666138,1,3.10880375,-0.230770111
4556,4.556055,0,0.0329704285,1,3.10842037,-0.47252655
4557,4.557050,0,0.0329704285,1,3.10880375,-0.494506836
4558,4.558105,0,-0.0329666138,1,3.10842037,-0.47252655
4559,4.559056,0,-0.0329666138,1,3.10726976,-0.428569794
4560,4.560050,0,0.0549468994,1,3.10726976,-0.450550079
4561,4.561055,0,0.0549468994,1,3.10765314,-0.406593323
4562,4.562055,0,0.0769271851,1,3.10726976,-0.31867981
4563,4.563051,0,0.0769271851,1,3.10688639,-0.296703339
4564,4.564051,0,-0.0329666138,1,3.10688639,-0.274726868
4565,4.565051,0,-0.0329666138,1,3.10688639,-0.230770111
4566,4.566052,0,0.0329704285,1,3.10688639,-0.164836884
4567,4.567056,0,0.0329704285,1,3.10650301,-0.120880127
4568,4.568050,0,-0.142856598,1,3.10650301,-0.120880127
4569,4.569062,0,-0.142856598,1,3.10688639,-0.0769233704
4570,4.570055,0,-0.0109901428,1,3.10688639,-0.0109901428
4571,4.571052,0,-0.0109901428,1,3.10650301,0.0329704285
4572,4.572053,0,0.0549468994,1,3.10650301,0.0549468994
4573,4.573049,0,0.0549468994,1,3.10726976,0.0549468994
4574,4.574051,0,-0.120880127,1,3.10688639,0.098903656
4575,4.575050,0,-0.120880127,1,3.10726976,0.142860413
4576,4.576051,0,0.0549468994,1,3.10726976,0.142860413
4577,4.577055,0,0.0549468994,1,3.10726976,0.164836884
4578,4.578056,0,0.0769271851,1,3.10726976,0.186817169
4579,4.579053,0,0.0769271851,1,3.10726976,0.20879364
4580,4.580063,0,-0.230770111,1,3.10726976,0.186817169
4581,4.581050,0,-0.230770111,1,3.10765314,0.164836884
4582,4.582054,0,0.0109901428,1,3.10765314,0.186817169
4583,4.583055,0,0.0109901428,1,3.10765314,0.186817169
4584,4.584051,0,0.20879364,1,3.10765314,0.164836884
4585,4.585055,0,0.20879364,1,3.10765314,0.164836884
4586,4.586051,0,-0.186813354,1,3.10803699,0.142860413
4587,4.587052,0,-0.186813354,1,3.10803699,0.142860413
4588,4.588056,0,-0.0988998413,1,3.10803699,0.120880127
4589,4.589050,0,-0.0988998413,1,3.10803699,0.120880127
4590,4.590054,0,0.0549468994,1,3.10842037,0.142860413
4591,4.591063,0,0.0549468994,1,3.10803699,0.142860413
4592,4.592050,0,0.0769271851,1,3.10842037,0.120880127
4593,4.593054,0,0.0769271851,1,3.10842037,0.120880127
4594,4.594055,0,-0.0109901428,1,3.10842037,0.120880127
4595,4.595054,0,-0.0109901428,1,3.10880375,0.098903656
4596,4.596055,0,0.164836884,1,3.10880375,0.098903656
4597,4.597053,0,0.164836884,1,3.10909128,0.098903656
4598,4.598055,0,0.0109901428,1,1.5408597,0.098903656
4599,4.599061,0,0.0109901428,1,3.10880375,0.098903656
4600,4.600056,0,0.0769271851,1,3.10909128,0.0329704285
4601,4.601113,0,0.0769271851,1,3.10842037,-0.142856598
4602,4.602050,0,-0.208789825,1,3.10909128,-0.0329666138
4603,4.603052,0,-0.208789825,1,3.10909128,0.0109901428
4604,4.604057,0,-0.0769233704,1,3.10842037,0.0549468994
4605,4.605055,0,-0.0769233704,1,3.10842037,0.0109901428
4606,4.606052,0,0.120880127,1,3.10909128,-0.0109901428
4607,4.607054,0,0.120880127,1,3.10909128,0.0109901428
4608,4.608051,0,0.142860413,1,3.10880375,0.0329704285
4609,4.609052,0,0.142860413,1,3.10909128,0.0329704285
4610,4.610128,0,0.0549468994,1,1.5408597,0.0549468994
4611,4.611165,0,0.0549468994,1,3.10909128,0.0329704285
4612,4.612134,0,0.186817169,1,3.10880375,0.0329704285
4613,4.613078,0,0.186817169,1,3.10880375,-0.164836884
4614,4.614049,0,0.252750397,1,3.10947466,-0.0329666138
4615,4.615049,0,0.252750397,1,3.10985851,0.0549468994
4616,4.616090,0,-0.47252655,1,3.10880375,0.098903656
4617,4.617055,0,-0.47252655,1,3.10909128,0.0549468994
4618,4.618049,0,-0.0329666138,1,3.10947466,0.0549468994
4619,4.619054,0,-0.0329666138,1,3.10985851,0.0769271851
4620,4.620056,0,-0.120880127,1,3.10947466,0.098903656
4621,4.621054,0,-0.120880127,1,3.10947466,0.098903656
4622,4.622055,0,0.120880127,1,1.54133892,-0.274726868
4623,4.623063,0,0.120880127,1,3.11024189,0.098903656
4624,4.624052,0,-0.0109901428,1,3.10947466,0.0769271851
4625,4.625050,0,-0.0109901428,1,3.10909128,-0.120880127
4626,4.626055,0,0.0769271851,1,3.11024189,-0.0329666138
4627,4.627056,0,0.0769271851,1,3.11062527,0.0549468994
4628,4.628052,0,-0.142856598,1,3.11024189,0.120880127
4629,4.629053,0,-0.142856598,1,3.10985851,0.120880127
4630,4.630057,0,-0.0988998413,1,3.11062527,0.0769271851
4631,4.631050,0,-0.0988998413,1,3.11100864,0.120880127
4632,4.632054,0,0.0769271851,1,3.11024189,0.164836884
4633,4.633055,0,0.0769271851,1,3.11024189,0.142860413
4634,4.634064,0,-0.230770111,1,3.11100864,0.098903656
4635,4.635053,0,-0.230770111,1,3.11100864,0.120880127
4636,4.636057,0,0.318683624,1,3.11100864,0.142860413
4637,4.637051,0,0.318683624,1,3.11062527,0.120880127
4638,4.638055,0,0.0109901428,1,3.11100864,0.098903656
4639,4.639056,0,0.0109901428,1,3.1113925,0.098903656
4640,4.640052,0,-0.0329666138,1,3.1113925,0.120880127
4641,4.641053,0,-0.0329666138,1,3.1113925,0.120880127
4642,4.642050,0,0.120880127,1,3.11177588,0.098903656
4643,4.643051,0,0.120880127,1,3.11177588,0.098903656
4644,4.644271,0,0.098903656,1,3.11177588,0.098903656
4645,4.645055,0,0.098903656,1,3.11177588,0.098903656
4646,4.646057,0,0.0109901428,1,3.11177588,0.098903656
4647,4.647053,0,0.0109901428,1,3.11177588,0.0769271851
4648,4.648054,0,0.120880127,1,3.11177588,0.0769271851
4649,4.649050,0,0.120880127,1,3.11215925,0.0549468994
4650,4.650051,0,0.428573608,1,3.11215925,0.0769271851
4651,4.651055,0,0.428573608,1,3.11254263,0.0769271851
4652,4.652057,0,0.20879364,1,3.11215925,0.098903656
4653,4.653053,0,0.20879364,1,3.11215925,0.0769271851
4654,4.654079,0,0.120880127,1,3.11254263,0.0549468994
4655,4.655111,0,0.120880127,1,3.11292648,0.0769271851
4656,4.656053,0,0.0549468994,1,3.11215925,0.0769271851
4657,4.657054,0,0.0549468994,1,3.11254263,0.0549468994
4658,4.658051,0,0.098903656,1,3.11254263,0.0549468994
4659,4.659052,0,0.098903656,1,3.11254263,0.0329704285
4660,4.660056,0,0.0769271851,1,3.11292648,0.0329704285
4661,4.661050,0,0.0769271851,1,3.11254263,0.0329704285
4662,4.662054,0,0.098903656,1,3.11292648,0.0329704285
4663,4.663056,0,0.098903656,1,3.11254263,0.0329704285
4664,4.664053,0,0.0329704285,1,3.11292648,0.0109901428
4665,4.665050,0,0.0329704285,1,3.11254263,0.0109901428
4666,4.666058,0,0.0769271851,1,3.11292648,0.0109901428
4667,4.667053,0,0.0769271851,1,3.11292648,0.0109901428
4668,4.668050,0,-0.186813354,1,1.54095554,-0.208789825
4669,4.669052,0,-0.186813354,1,3.11292648,0.0329704285
4670,4.670049,0,-0.164836884,1,3.11254263,-0.0329666138
4671,4.671051,0,-0.164836884,1,3.11215925,-0.186813354
4672,4.672056,0,0.120880127,1,3.11292648,-0.0549468994
4673,4.673050,0,0.120880127,1,3.11292648,-0.0109901428
4674,4.674055,0,0.164836884,1,3.11254263,0.0329704285
4675,4.675052,0,0.164836884,1,3.11254263,0.0109901428
4676,4.676074,0,0.318683624,1,3.11292648,0.0109901428
4677,4.677058,0,0.318683624,1,3.11330986,0.0329704285
4678,4.678053,0,-0.0549468994,1,3.11292648,0.0549468994
4679,4.679050,0,-0.0549468994,1,3.11292648,0.0549468994
4680,4.680052,0,0.0769271851,1,1.54095554,0.0329704285
4681,4.681056,0,0.0769271851,1,3.11330986,0.0769271851
4682,4.682050,0,-0.208789825,1,3.11330986,0.0549468994
4683,4.683055,0,-0.208789825,1,3.11292648,-0.120880127
4684,4.684049,0,-0.186813354,1,3.11407661,0.0109901428
4685,4.685050,0,-0.186813354,1,3.11369324,0.0769271851
4686,4.686052,0,-0.0109901428,1,3.11292648,0.120880127
4687,4.687170,0,-0.0109901428,1,3.11369324,0.0549468994
4688,4.688051,0,0.0109901428,1,3.11446047,0.0549468994
4689,4.689053,0,0.0109901428,1,3.11369324,0.120880127
4690,4.690050,0,-0.120880127,1,3.11407661,0.120880127
4691,4.691052,0,-0.120880127,1,3.11369324,0.120880127
4692,4.692049,0,-0.428569794,1,3.11446047,0.0769271851
4693,4.693051,0,-0.428569794,1,3.11446047,0.098903656
4694,4.694054,0,-0.384616852,1,3.11407661,0.120880127
4695,4.695050,0,-0.384616852,1,3.11407661,0.120880127
4696,4.696054,0,-0.0109901428,1,3.11446047,0.0769271851
4697,4.697055,0,-0.0109901428,1,3.11484385,0.120880127
4698,4.698061,0,-0.0549468994,1,3.11484385,0.120880127
4699,4.699050,0,-0.0549468994,1,3.11484385,0.120880127
4700,4.700051,0,-0.0549468994,1,3.1156106,0.120880127
4701,4.701056,0,-0.0549468994,1,3.11522722,0.142860413
4702,4.702049,0,0.0109901428,1,3.11522722,0.142860413
4703,4.703053,0,0.0109901428,1,3.11522722,0.120880127
4704,4.704054,0,0.0549468994,1,3.1156106,0.120880127
4705,4.705078,0,0.0549468994,1,3.11599445,0.142860413
4706,4.706061,0,-0.252746582,1,3.1156106,0.142860413
4707,4.707054,0,-0.252746582,1,3.11599445,0.120880127
4708,4.708051,0,-0.31867981,1,3.1156106,0.098903656
4709,4.709061,0,-0.31867981,1,3.1156106,0.098903656
4710,4.710055,0,0.098903656,1,3.1156106,0.0769271851
4711,4.711051,0,0.098903656,1,3.11599445,0.0769271851
4712,4.712052,0,0.0769271851,1,3.11599445,0.0549468994
4713,4.713056,0,0.0769271851,1,3.11628199,0.0549468994
4714,4.714049,0,0.20879364,1,3.11628199,0.0549468994
4715,4.715056,0,0.20879364,1,3.11599445,0.0549468994
4716,4.716050,0,0.0109901428,1,3.11599445,0.0549468994
4717,4.717054,0,0.0109901428,1,3.11628199,0.0329704285
4718,4.718055,0,-0.0109901428,1,3.11599445,0.0329704285
4719,4.719052,0,-0.0109901428,1,3.11628199,0.0329704285
4720,4.720062,0,0.098903656,1,3.11628199,0.0329704285
4721,4.721051,0,0.098903656,1,3.11628199,0.0109901428
4722,4.722052,0,0.164836884,1,3.11666536,0.0109901428
4723,4.723056,0,0.164836884,1,3.11666536,0.0329704285
4724,4.724049,0,-0.0549468994,1,3.11628199,0.0329704285
4725,4.725049,0,-0.0549468994,1,3.11628199,0.0329704285
4726,4.726050,0,0.252750397,1,1.54105139,0.0329704285
4727,4.727054,0,0.252750397,1,3.11666536,0.0329704285
4728,4.728056,0,0.362640381,1,3.11666536,-0.0329666138
4729,4.729053,0,0.362640381,1,3.11599445,-0.186813354
4730,4.730055,0,0.0329704285,1,3.11666536,-0.0769233704
4731,4.731060,0,0.0329704285,1,3.11628199,-0.0109901428
4732,4.732054,0,0.0329704285,1,3.11628199,0.0109901428
4733,4.733052,0,0.0329704285,1,3.11666536,-0.0109901428
4734,4.734054,0,0.0109901428,1,3.11704874,-0.0109901428
4735,4.735054,0,0.0109901428,1,3.11704874,0.0549468994
4736,4.736056,0,0.0329704285,1,3.11704874,0.098903656
4737,4.737053,0,0.0329704285,1,3.11704874,0.0769271851
4738,4.738055,0,-0.0109901428,1,1.54124308,0.0769271851
4739,4.739052,0,-0.0109901428,1,3.11704874,0.120880127
4740,4.740054,0,-0.0769233704,1,3.11704874,0.0769271851
4741,4.741134,0,-0.0769233704,1,3.11704874,0.0329704285
4742,4.742054,0,0.164836884,1,3.11781597,0.0329704285
4743,4.743057,0,0.164836884,1,3.11781597,0.098903656
4744,4.744054,0,-0.0329666138,1,3.11743259,0.120880127
4745,4.745051,0,-0.0329666138,1,3.11704874,0.0769271851
4746,4.746056,0,0.0769271851,1,3.11781597,0.0549468994
4747,4.747050,0,0.0769271851,1,3.11781597,0.0769271851
4748,4.748055,0,0.230770111,1,3.11743259,0.120880127
4749,4.749049,0,0.230770111,1,3.11781597,0.0769271851
4750,4.750054,0,-0.230770111,1,1.54124308,0.428573608
4751,4.751056,0,-0.230770111,1,3.11858273,0.120880127
4752,4.752081,0,0.0109901428,1,3.11819935,0.0769271851
4753,4.753055,0,0.0109901428,1,3.11743259,-0.164836884
4754,4.754050,0,-0.230770111,1,3.11858273,-0.0769233704
4755,4.755050,0,-0.230770111,1,3.11896658,-0.0109901428
4756,4.756052,0,0.230770111,1,3.11819935,0.0769271851
4757,4.757049,0,0.230770111,1,3.11781597,0.0549468994
4758,4.758051,0,0.0329704285,1,3.11896658,0.0329704285
4759,4.759054,0,0.0329704285,1,3.11896658,0.0769271851
4760,4.760055,0,-0.274726868,1,3.11858273,0.120880127
4761,4.761051,0,-0.274726868,1,3.11858273,0.120880127
4762,4.762052,0,0.0329704285,1,3.11896658,0.0769271851
4763,4.763083,0,0.0329704285,1,3.11934996,0.098903656
4764,4.764081,0,-0.208789825,1,3.11896658,0.120880127
4765,4.765059,0,-0.208789825,1,3.11896658,0.120880127
4766,4.766053,0,0.252750397,1,3.11934996,0.098903656
4767,4.767057,0,0.252750397,1,3.11973333,0.098903656
4768,4.768050,0,0.120880127,1,3.11934996,0.142860413
4769,4.769054,0,0.120880127,1,3.11934996,0.120880127
4770,4.770055,0,-0.0988998413,1,3.11973333,0.098903656
4771,4.771052,0,-0.0988998413,1,3.11973333,0.098903656
4772,4.772053,0,-0.0109901428,1,3.11973333,0.098903656
4773,4.773050,0,-0.0109901428,1,3.11973333,0.098903656
4774,4.774062,0,0.0109901428,1,3.11973333,0.0769271851
4775,4.775056,0,0.0109901428,1,3.11973333,0.0769271851
4776,4.776050,0,0.296707153,1,3.11973333,0.0769271851
4777,4.777054,0,0.296707153,1,3.11973333,0.0549468994
4778,4.778055,0,-0.186813354,1,3.12011671,0.0549468994
4779,4.779051,0,-0.186813354,1,3.11973333,0.0549468994
4780,4.780052,0,0.142860413,1,3.12011671,0.0549468994
4781,4.781057,0,0.142860413,1,3.12011671,0.0549468994
4782,4.782050,0,0.230770111,1,3.12050056,0.0549468994
4783,4.783054,0,0.230770111,1,3.12050056,0.0769271851
4784,4.784055,0,0.20879364,1,3.12050056,0.0769271851
4785,4.785082,0,0.20879364,1,3.12011671,0.0769271851
4786,4.786056,0,-0.406593323,1,3.12050056,0.0769271851
4787,4.787050,0,-0.406593323,1,3.12088394,0.0549468994
4788,4.788054,0,0.186817169,1,3.12088394,0.0769271851
4789,4.789055,0,0.186817169,1,3.12088394,0.0769271851
4790,4.790052,0,0.098903656,1,3.12126732,0.0769271851
4791,4.791052,0,0.098903656,1,3.12126732,0.098903656
4792,4.792057,0,-0.164836884,1,3.12088394,0.0769271851
4793,4.793050,0,-0.164836884,1,3.12088394,0.0549468994
4794,4.794055,0,0.0549468994,1,3.12126732,0.0329704285
4795,4.795052,0,0.0549468994,1,3.12126732,0.0329704285
4796,4.796116,0,-0.31867981,1,1.54143476,0.0549468994
4797,4.797052,0,-0.31867981,1,3.12088394,0.0329704285
4798,4.798054,0,0.142860413,1,3.12088394,-0.0549468994
4799,4.799051,0,0.142860413,1,3.12050056,-0.274726868
4800,4.800053,0,-0.120880127,1,3.12126732,-0.186813354
4801,4.801050,0,-0.120880127,1,3.12126732,-0.0988998413
4802,4.802052,0,-0.230770111,1,3.12088394,-0.0549468994
4803,4.803056,0,-0.230770111,1,3.12050056,-0.0549468994
4804,4.804051,0,-0.0988998413,1,3.12126732,-0.0769233704
4805,4.805051,0,-0.0988998413,1,3.12126732,-0.0329666138
4806,4.806053,0,0.142860413,1,3.12088394,0.0109901428
4807,4.807064,0,0.142860413,1,3.12088394,0.0109901428
4808,4.808051,0,0.0329704285,1,1.54095554,0.0109901428
4809,4.809056,0,0.0329704285,1,3.1216507,0.0329704285
4810,4.810050,0,0.186817169,1,3.1216507,0.0329704285
4811,4.811054,0,0.186817169,1,3.12088394,-0.120880127
4812,4.812056,0,0.230770111,1,3.12203455,0.0109901428
4813,4.813054,0,0.230770111,1,3.12241793,0.098903656
4814,4.814056,0,0.164836884,1,3.12126732,0.142860413
4815,4.815056,0,0.164836884,1,3.1216507,0.120880127
4816,4.816060,0,-0.0329666138,1,3.12203455,0.0769271851
4817,4.817054,0,-0.0329666138,1,3.12241793,0.120880127
4818,4.818058,0,-0.120880127,1,3.1216507,0.164836884
4819,4.819055,0,-0.120880127,1,3.12203455,0.142860413
4820,4.820049,0,-0.0769233704,1,3.12241793,0.120880127
4821,4.821055,0,-0.0769233704,1,3.12241793,0.142860413
4822,4.822057,0,-0.0988998413,1,3.12241793,0.142860413
4823,4.823054,0,-0.0988998413,1,3.12241793,0.142860413
4824,4.824055,0,0.0769271851,1,3.12241793,0.098903656
4825,4.825053,0,0.0769271851,1,3.1228013,0.098903656
4826,4.826054,0,0.164836884,1,3.1228013,0.120880127
4827,4.827050,0,0.164836884,1,3.1228013,0.120880127
4828,4.828051,0,0.274726868,1,3.12318468,0.098903656
4829,4.829058,0,0.274726868,1,3.12318468,0.120880127
4830,4.830052,0,-0.0109901428,1,3.12347269,0.142860413
4831,4.831056,0,-0.0109901428,1,3.12347269,0.142860413
4832,4.832149,0,0.0329704285,1,3.12347269,0.098903656
4833,4.833150,0,0.0329704285,1,3.12347269,0.098903656
4834,4.834108,0,-0.0549468994,1,3.12347269,0.098903656
4835,4.835079,0,-0.0549468994,1,3.12318468,0.098903656
4836,4.836068,0,0.230770111,1,3.12385607,0.0769271851
4837,4.837173,0,0.230770111,1,3.12347269,0.0549468994
4838,4.838057,0,-0.0549468994,1,3.12347269,0.0549468994
4839,4.839053,0,-0.0549468994,1,3.12347269,0.0549468994
4840,4.840065,0,0.098903656,1,3.12423944,0.0549468994
4841,4.841051,0,0.098903656,1,3.12385607,0.0769271851
4842,4.842055,0,0.120880127,1,3.12423944,0.0769271851
4843,4.843056,0,0.120880127,1,3.12385607,0.0769271851
4844,4.844052,0,-0.0988998413,1,3.12423944,0.0769271851
4845,4.845057,0,-0.0988998413,1,3.12423944,0.0549468994
4846,4.846053,0,-0.0769233704,1,3.12423944,0.0549468994
4847,4.847054,0,-0.0769233704,1,3.12423944,0.0549468994
4848,4.848050,0,0.340660095,1,3.12423944,0.0549468994
4849,4.849051,0,0.340660095,1,3.12423944,0.0329704285
4850,4.850055,0,0.098903656,1,3.12423944,0.0329704285
4851,4.851058,0,0.098903656,1,3.12423944,0.0109901428
4852,4.852052,0,0.0109901428,1,3.12423944,0.0109901428
4853,4.853056,0,0.0109901428,1,3.12423944,0.0109901428
4854,4.854049,0,0.164836884,1,1.54143476,0.142860413
4855,4.855057,0,0.164836884,1,3.12423944,0.0109901428
4856,4.856050,0,0.186817169,1,3.12423944,-0.0549468994
4857,4.857054,0,0.186817169,1,3.12385607,-0.208789825
4858,4.858055,0,0.0769271851,1,3.12462282,-0.0769233704
4859,4.859052,0,0.0769271851,1,3.12462282,-0.0109901428
4860,4.860054,0,-0.120880127,1,3.12462282,0.0109901428
4861,4.861103,0,-0.120880127,1,3.12423944,0.0109901428
4862,4.862053,0,-0.0988998413,1,3.12462282,0.0109901428
4863,4.863055,0,-0.0988998413,1,3.1250062,0.0549468994
4864,4.864052,0,0.0549468994,1,3.12462282,0.0769271851
4865,4.865049,0,0.0549468994,1,3.1250062,0.0769271851
4866,4.866054,0,0.274726868,1,1.54095554,-0.0109901428
4867,4.867057,0,0.274726868,1,3.12539005,0.120880127
4868,4.868057,0,-0.0109901428,1,3.12462282,0.0769271851
4869,4.869052,0,-0.0109901428,1,3.12462282,-0.0988998413
4870,4.870049,0,-0.186813354,1,3.12577343,0.0109901428
4871,4.871051,0,-0.186813354,1,3.12539005,0.098903656
4872,4.872060,0,0.0109901428,1,3.1250062,0.098903656
4873,4.873049,0,0.0109901428,1,3.1250062,0.0769271851
4874,4.874052,0,0.120880127,1,3.12577343,0.0329704285
4875,4.875052,0,0.120880127,1,3.12615681,0.0769271851
4876,4.876054,0,-0.0769233704,1,3.12577343,0.120880127
4877,4.877051,0,-0.0769233704,1,3.12539005,0.098903656
4878,4.878053,0,0.0109901428,1,1.54124308,-0.274726868
4879,4.879050,0,0.0109901428,1,3.12615681,0.0769271851
4880,4.880052,0,0.098903656,1,3.12615681,0.0329704285
4881,4.881057,0,0.098903656,1,3.1250062,-0.186813354
4882,4.882051,0,0.0549468994,1,3.12615681,-0.0769233704
4883,4.883059,0,0.0549468994,1,3.12692404,-0.0329666138
4884,4.884053,0,-0.362636566,1,3.12577343,0.0329704285
4885,4.885054,0,-0.362636566,1,3.12539005,0.0329704285
4886,4.886056,0,0.0109901428,1,3.12615681,-0.0109901428
4887,4.887053,0,0.0109901428,1,3.12654018,0.0329704285
4888,4.888055,0,0.0109901428,1,3.12577343,0.0769271851
4889,4.889052,0,0.0109901428,1,3.12615681,0.0549468994
4890,4.890052,0,-0.0769233704,1,3.12654018,0.0329704285
4891,4.891055,0,-0.0769233704,1,3.12654018,0.0549468994
4892,4.892057,0,0.0109901428,1,3.12654018,0.0769271851
4893,4.893145,0,0.0109901428,1,3.12615681,0.0769271851
4894,4.894053,0,0.0769271851,1,3.12730742,0.0769271851
4895,4.895049,0,0.0769271851,1,3.12730742,0.120880127
4896,4.896054,0,0.186817169,1,3.12692404,0.164836884
4897,4.897055,0,0.186817169,1,3.12654018,0.142860413
4898,4.898051,0,0.0549468994,1,3.12730742,0.120880127
4899,4.899052,0,0.0549468994,1,3.12730742,0.120880127
4900,4.900056,0,-0.0109901428,1,3.12730742,0.142860413
4901,4.901050,0,-0.0109901428,1,3.12730742,0.120880127
4902,4.902054,0,-0.0549468994,1,3.12730742,0.098903656
4903,4.903055,0,-0.0549468994,1,3.12769079,0.0549468994
4904,4.904061,0,-0.164836884,1,3.12730742,0.0549468994
4905,4.905051,0,-0.164836884,1,3.12730742,0.0549468994
4906,4.906052,0,0.0549468994,1,3.12769079,0.0109901428
4907,4.907057,0,0.0549468994,1,3.12730742,0.0329704285
4908,4.908050,0,-0.0329666138,1,3.12769079,0.0329704285
4909,4.909054,0,-0.0329666138,1,3.12730742,0.0329704285
4910,4.910056,0,-0.230770111,1,3.12769079,0.0109901428
4911,4.911052,0,-0.230770111,1,3.12769079,0.0109901428
4912,4.912053,0,-0.0109901428,1,3.12769079,0.0329704285
4913,4.913049,0,-0.0109901428,1,3.12769079,0.0329704285
4914,4.914050,0,0.098903656,1,3.12769079,0.0329704285
4915,4.915262,0,0.098903656,1,3.12769079,0.0329704285
4916,4.916050,0,-0.0769233704,1,3.12769079,0.0329704285
4917,4.917052,0,-0.0769233704,1,3.12845802,0.0549468994
4918,4.918056,0,-0.450550079,1,3.12807417,0.0769271851
4919,4.919049,0,-0.450550079,1,3.12807417,0.0769271851
4920,4.920054,0,-0.0769233704,1,3.12769079,0.0769271851
4921,4.921055,0,-0.0769233704,1,3.12807417,0.0549468994
4922,4.922051,0,-0.186813354,1,3.12845802,0.0549468994
4923,4.923052,0,-0.186813354,1,3.12807417,0.0549468994
4924,4.924056,0,0.0329704285,1,1.54066753,-0.120880127
4925,4.925064,0,0.0329704285,1,3.12845802,0.0109901428
4926,4.926060,0,-0.120880127,1,3.12807417,-0.0329666138
4927,4.927055,0,-0.120880127,1,3.12769079,-0.186813354
4928,4.928052,0,0.098903656,1,3.12845802,-0.0769233704
4929,4.929054,0,0.098903656,1,3.12845802,-0.0329666138
4930,4.930051,0,-0.208789825,1,3.12769079,-0.0109901428
4931,4.931053,0,-0.208789825,1,3.12769079,-0.0549468994
4932,4.932050,0,0.098903656,1,3.12845802,-0.0769233704
4933,4.933052,0,0.098903656,1,3.12807417,-0.0329666138
4934,4.934049,0,-0.274726868,1,3.12807417,0.0109901428
4935,4.935054,0,-0.274726868,1,3.12845802,0.0329704285
4936,4.936059,0,-0.0109901428,1,1.54105139,0.0329704285
4937,4.937061,0,-0.0109901428,1,3.12845802,0.0329704285
4938,4.938055,0,-0.208789825,1,3.12807417,-0.0109901428
4939,4.939053,0,-0.208789825,1,3.12769079,-0.230770111
4940,4.940054,0,0.0109901428,1,3.12845802,-0.120880127
4941,4.941052,0,0.0109901428,1,3.1288414,-0.0769233704
4942,4.942054,0,-0.0109901428,1,3.12807417,-0.0109901428
4943,4.943051,0,-0.0109901428,1,3.12769079,-0.0109901428
4944,4.944053,0,-0.164836884,1,3.12845802,-0.0549468994
4945,4.945053,0,-0.164836884,1,3.1288414,-0.0109901428
4946,4.946055,0,0.120880127,1,3.12807417,0.0549468994
4947,4.947111,0,0.120880127,1,3.12845802,0.0329704285
4948,4.948049,0,0.0109901428,1,3.1288414,0.0329704285
4949,4.949052,0,0.0109901428,1,3.12922478,0.0769271851
4950,4.950049,0,0.0109901428,1,3.12845802,0.120880127
4951,4.951051,0,0.0109901428,1,3.12845802,0.098903656
4952,4.952056,0,0.120880127,1,3.1288414,0.0769271851
4953,4.953050,0,0.120880127,1,3.12922478,0.098903656
4954,4.954055,0,0.164836884,1,3.1288414,0.120880127
4955,4.955052,0,0.164836884,1,3.1288414,0.098903656
4956,4.956055,0,0.0769271851,1,3.12922478,0.0769271851
4957,4.957056,0,0.0769271851,1,3.12922478,0.0769271851
4958,4.958064,0,0.120880127,1,3.12922478,0.0769271851
4959,4.959050,0,0.120880127,1,3.1288414,0.0549468994
4960,4.960054,0,-0.208789825,1,3.12922478,0.0329704285
4961,4.961055,0,-0.208789825,1,3.12960863,0.0549468994
4962,4.962051,0,-0.296703339,1,3.12922478,0.0549468994
4963,4.963052,0,-0.296703339,1,3.12922478,0.0549468994
4964,4.964056,0,0.252750397,1,3.12922478,0.0549468994
4965,4.965053,0,0.252750397,1,3.12960863,0.0549468994
4966,4.966049,0,-0.208789825,1,3.12960863,0.0549468994
4967,4.967050,0,-0.208789825,1,3.12960863,0.0769271851
4968,4.968079,0,-0.142856598,1,3.12999249,0.0549468994
4969,4.969059,0,-0.142856598,1,3.12960863,0.0769271851
4970,4.970053,0,-0.0988998413,1,3.12960863,0.0549468994
4971,4.971049,0,-0.0988998413,1,3.12960863,0.0329704285
4972,4.972050,0,-0.230770111,1,3.12999249,0.0329704285
4973,4.973055,0,-0.230770111,1,3.12999249,0.0329704285
4974,4.974056,0,-0.0329666138,1,3.12960863,0.0549468994
4975,4.975055,0,-0.0329666138,1,3.12999249,0.0329704285
4976,4.976057,0,-0.186813354,1,3.12999249,0.0329704285
4977,4.977053,0,-0.186813354,1,3.12999249,0.0329704285
4978,4.978054,0,-0.0329666138,1,3.12999249,0.0329704285
4979,4.979124,0,-0.0329666138,1,3.12999249,0.0109901428
4980,4.980051,0,-0.0988998413,1,3.12960863,0.0109901428
4981,4.981102,0,-0.0988998413,1,3.12999249,-0.0109901428
4982,4.982052,0,-0.0329666138,1,1.54095554,-0.0549468994
4983,4.983053,0,-0.0329666138,1,3.12960863,-0.0109901428
4984,4.984050,0,0.0769271851,1,3.12960863,-0.0769233704
4985,4.985054,0,0.0769271851,1,3.12922478,-0.340660095
4986,4.986050,0,0.0109901428,1,3.1288414,-0.560440063
4987,4.987051,0,0.0109901428,1,3.12922478,-0.582416534
4988,4.988055,0,-0.186813354,1,3.1288414,-0.538459778
4989,4.989057,0,-0.186813354,1,3.12807417,-0.494506836
4990,4.990064,0,-0.120880127,1,3.12807417,-0.494506836
4991,4.991051,0,-0.120880127,1,3.12807417,-0.47252655
4992,4.992056,0,0.0329704285,1,3.12730742,-0.384616852
4993,4.993050,0,0.0329704285,1,3.12730742,-0.340660095
4994,4.994054,0,0.362640381,1,1.54124308,-0.164836884
4995,4.995052,0,0.362640381,1,3.12692404,-0.274726868
4996,4.996056,0,-0.230770111,1,3.12692404,-0.274726868
4997,4.997051,0,-0.230770111,1,3.12615681,-0.362636566
4998,4.998056,0,-0.0109901428,1,3.12692404,-0.208789825
4999,4.999050,0,-0.0109901428,1,3.12730742,-0.120880127
5000,5.000165,0,0.230770111,1,3.12692404,0.0109901428
5001,5.001054,0,0.230770111,1,3.12654018,0.0109901428
5002,5.002056,0,-0.208789825,1,3.12692404,0.0329704285
5003,5.003053,0,-0.208789825,1,3.12769079,0.0769271851
5004,5.004055,0,0.0549468994,1,3.12730742,0.142860413
5005,5.005056,0,0.0549468994,1,3.12692404,0.142860413
5006,5.006050,0,-0.208789825,1,1.54105139,-0.208789825
5007,5.007055,0,-0.208789825,1,3.12730742,0.164836884
5008,5.008057,0,0.0549468994,1,3.12730742,0.142860413
5009,5.009054,0,0.0549468994,1,3.12692404,-0.0109901428
5010,5.010056,0,0.120880127,1,3.12807417,0.098903656
5011,5.011060,0,0.120880127,1,3.12807417,0.164836884
5012,5.012055,0,0.098903656,1,3.12730742,0.20879364
5013,5.013052,0,0.098903656,1,3.12769079,0.164836884
5014,5.014054,0,0.142860413,1,3.12845802,0.164836884
5015,5.015054,0,0.142860413,1,3.12807417,0.186817169
5016,5.016056,0,-0.0769233704,1,3.12769079,0.20879364
5017,5.017054,0,-0.0769233704,1,3.12807417,0.186817169
5018,5.018055,0,-0.120880127,1,3.12845802,0.164836884
5019,5.019053,0,-0.120880127,1,3.12922478,0.186817169
5020,5.020054,0,0.098903656,1,3.12845802,0.20879364
5021,5.021110,0,0.098903656,1,3.12845802,0.186817169
5022,5.022051,0,0.0769271851,1,3.12922478,0.164836884
5023,5.023052,0,0.0769271851,1,3.12922478,0.142860413
5024,5.024056,0,0.0329704285,1,3.1288414,0.164836884
5025,5.025052,0,0.0329704285,1,3.12922478,0.142860413
5026,5.026057,0,-0.208789825,1,3.12960863,0.142860413
5027,5.027050,0,-0.208789825,1,3.12960863,0.164836884
5028,5.028054,0,0.318683624,1,3.12922478,0.142860413
5029,5.029055,0,0.318683624,1,3.12922478,0.120880127
5030,5.030052,0,0.0549468994,1,3.12960863,0.098903656
5031,5.031053,0,0.0549468994,1,3.12922478,0.098903656
5032,5.032058,0,-0.0549468994,1,3.12960863,0.0769271851
5033,5.033054,0,-0.0549468994,1,3.12922478,0.0329704285
5034,5.034056,0,-0.186813354,1,3.12960863,0.0109901428
5035,5.035055,0,-0.186813354,1,3.12960863,0.0109901428
5036,5.036056,0,-0.0988998413,1,3.12922478,0.0109901428
5037,5.037053,0,-0.0988998413,1,3.12922478,-0.0109901428
5038,5.038054,0,-0.186813354,1,3.12922478,-0.0329666138
5039,5.039050,0,-0.186813354,1,3.12960863,-0.0329666138
5040,5.040063,0,-0.0549468994,1,3.12960863,-0.0109901428
5041,5.041057,0,-0.0549468994,1,3.12922478,-0.0109901428
5042,5.042053,0,-0.274726868,1,3.12960863,-0.0109901428
5043,5.043063,0,-0.274726868,1,3.12960863,-0.0109901428
5044,5.044057,0,0.20879364,1,3.12922478,-0.0109901428
5045,5.045057,0,0.20879364,1,3.12960863,-0.0109901428
5046,5.046050,0,0.098903656,1,3.12960863,-0.0329666138
5047,5.047054,0,0.098903656,1,3.12960863,-0.0329666138
5048,5.048055,0,0.120880127,1,3.12922478,-0.0109901428
5049,5.049052,0,0.120880127,1,3.12922478,-0.0329666138
5050,5.050053,0,-0.406593323,1,3.12960863,-0.0329666138
5051,5.051057,0,-0.406593323,1,3.12960863,-0.0109901428
5052,5.052050,0,0.20879364,1,1.54105139,0.142860413
5053,5.053105,0,0.20879364,1,3.12960863,-0.0109901428
5054,5.054056,0,-0.494506836,1,3.12960863,-0.0549468994
5055,5.055053,0,-0.494506836,1,3.12922478,-0.208789825
5056,5.056050,0,0.230770111,1,3.12960863,-0.0549468994
5057,5.057051,0,0.230770111,1,3.12999249,-0.0109901428
5058,5.058056,0,-0.120880127,1,3.12922478,0.0329704285
5059,5.059050,0,-0.120880127,1,3.12922478,0.0109901428
5060,5.060055,0,-0.0329666138,1,3.12960863,-0.0109901428
5061,5.061050,0,-0.0329666138,1,3.12999249,0.0109901428
5062,5.062050,0,0.120880127,1,3.12999249,0.0329704285
5063,5.063055,0,0.120880127,1,3.12960863,0.0329704285
5064,5.064217,0,0.318683624,1,3.12999249,0.0329704285
5065,5.065070,0,0.318683624,1,3.12999249,0.0329704285
5066,5.066081,0,-0.252746582,1,3.12922478,-0.0109901428
5067,5.067081,0,-0.252746582,1,3.12922478,-0.186813354
5068,5.068083,0,0.186817169,1,3.13028002,-0.0769233704
5069,5.069083,0,0.186817169,1,3.12999249,-0.0109901428
5070,5.070050,0,-0.208789825,1,3.12960863,0.0329704285
5071,5.071052,0,-0.208789825,1,3.12922478,0.0109901428
5072,5.072057,0,0.098903656,1,3.12999249,-0.0109901428
5073,5.073051,0,0.098903656,1,3.13028002,0.0329704285
5074,5.074056,0,-0.0109901428,1,3.12960863,0.0769271851
5075,5.075053,0,-0.0109901428,1,3.12960863,0.0549468994
5076,5.076058,0,-0.120880127,1,3.12999249,0.0329704285
5077,5.077053,0,-0.120880127,1,3.13028002,0.0769271851
5078,5.078050,0,0.0109901428,1,3.12999249,0.120880127
5079,5.079052,0,0.0109901428,1,3.12999249,0.098903656
5080,5.080049,0,0.186817169,1,3.13028002,0.0769271851
5081,5.081051,0,0.186817169,1,3.13066339,0.0769271851
5082,5.082056,0,0.164836884,1,3.13028002,0.0769271851
5083,5.083050,0,0.164836884,1,3.13028002,0.0769271851
5084,5.084055,0,0.0549468994,1,3.13028002,0.0549468994
5085,5.085053,0,0.0549468994,1,3.13066339,0.0549468994
5086,5.086074,0,-0.230770111,1,3.13028002,0.0549468994
5087,5.087059,0,-0.230770111,1,3.13028002,0.0329704285
5088,5.088052,0,0.0329704285,1,3.13066339,0.0329704285
5089,5.089056,0,0.0329704285,1,3.13066339,0.0329704285
5090,5.090057,0,0.0109901428,1,3.13028002,0.0549468994
5091,5.091053,0,0.0109901428,1,3.13028002,0.0549468994
5092,5.092054,0,-0.0769233704,1,3.13066339,0.0109901428
5093,5.093051,0,-0.0769233704,1,3.13066339,0.0109901428
5094,5.094052,0,-0.0109901428,1,3.13066339,0.0109901428
5095,5.095051,0,-0.0109901428,1,3.13028002,0.0109901428
5096,5.096052,0,-0.252746582,1,3.13066339,-0.0109901428
5097,5.097092,0,-0.252746582,1,3.13028002,-0.0109901428
5098,5.098058,0,0.230770111,1,3.13028002,-0.0329666138
5099,5.099051,0,0.230770111,1,3.13066339,-0.0549468994
5100,5.100055,0,0.0549468994,1,3.13066339,-0.0329666138
5101,5.101049,0,0.0549468994,1,3.13066339,-0.0109901428
5102,5.102053,0,-0.0109901428,1,3.13066339,-0.0109901428
5103,5.103054,0,-0.0109901428,1,3.13066339,-0.0109901428
5104,5.104051,0,0.230770111,1,3.13066339,-0.0109901428
5105,5.105055,0,0.230770111,1,3.13066339,-0.0109901428
5106,5.106051,0,-0.0988998413,1,3.13066339,-0.0109901428
5107,5.107052,0,-0.0988998413,1,3.13066339,-0.0109901428
5108,5.108063,0,-0.0549468994,1,3.13104677,0.0109901428
5109,5.109052,0,-0.0549468994,1,3.13066339,0.0329704285
5110,5.110054,0,0.0329704285,1,1.54124308,0.164836884
5111,5.111050,0,0.0329704285,1,3.13066339,0.0109901428
5112,5.112051,0,-0.0109901428,1,3.13066339,-0.0549468994
5113,5.113055,0,-0.0109901428,1,3.13028002,-0.230770111
5114,5.114056,0,-0.0549468994,1,3.13066339,-0.120880127
5115,5.115056,0,-0.0549468994,1,3.13066339,-0.0769233704
5116,5.116057,0,0.164836884,1,3.13028002,-0.0329666138
5117,5.117054,0,0.164836884,1,3.13028002,-0.0329666138
5118,5.118055,0,0.20879364,1,3.13066339,-0.0549468994
5119,5.119058,0,0.20879364,1,3.13066339,-0.0109901428
5120,5.120052,0,0.120880127,1,3.13028002,0.0109901428
5121,5.121056,0,0.120880127,1,3.13028002,0.0109901428
5122,5.122050,0,0.0769271851,1,1.54105139,0.0549468994
5123,5.123055,0,0.0769271851,1,3.13066339,0.0329704285
5124,5.124049,0,-0.0769233704,1,3.13066339,-0.0109901428
5125,5.125050,0,-0.0769233704,1,3.13028002,-0.164836884
5126,5.126052,0,-0.142856598,1,3.13104677,-0.0329666138
5127,5.127057,0,-0.142856598,1,3.13104677,0.0329704285
5128,5.128051,0,-0.274726868,1,3.13028002,0.0769271851
5129,5.129109,0,-0.274726868,1,3.13028002,0.0329704285
5130,5.130056,0,0.164836884,1,3.13104677,0.0329704285
5131,5.131051,0,0.164836884,1,3.13143015,0.0769271851
5132,5.132056,0,0.0549468994,1,3.13066339,0.098903656
5133,5.133050,0,0.0549468994,1,3.13104677,0.0769271851
5134,5.134055,0,0.098903656,1,1.54105139,-0.296703339
5135,5.135052,0,0.098903656,1,3.13143015,0.0769271851
5136,5.136049,0,-0.0988998413,1,3.13104677,0.0549468994
5137,5.137051,0,-0.0988998413,1,3.13028002,-0.142856598
5138,5.138056,0,-0.0549468994,1,3.13143015,-0.0329666138
5139,5.139050,0,-0.0549468994,1,3.131814,0.0109901428
5140,5.140155,0,0.0329704285,1,3.13066339,0.0769271851
5141,5.141052,0,0.0329704285,1,3.13066339,0.0329704285
5142,5.142055,0,-0.0329666138,1,3.13104677,0.0109901428
5143,5.143052,0,-0.0329666138,1,3.131814,0.0329704285
5144,5.144053,0,0.20879364,1,3.13104677,0.0549468994
5145,5.145054,0,0.20879364,1,3.13104677,0.0329704285
5146,5.146056,0,0.164836884,1,3.13143015,-0.0109901428
5147,5.147053,0,0.164836884,1,3.131814,0.0109901428
5148,5.148055,0,-0.0549468994,1,3.13143015,0.0549468994
5149,5.149059,0,-0.0549468994,1,3.13143015,0.0549468994
5150,5.150053,0,-0.0549468994,1,3.131814,0.0329704285
5151,5.151063,0,-0.0549468994,1,3.131814,0.0329704285
5152,5.152056,0,-0.230770111,1,3.131814,0.0549468994
5153,5.153052,0,-0.230770111,1,3.13143015,0.0329704285
5154,5.154052,0,0.098903656,1,3.13143015,0.0109901428
5155,5.155052,0,0.098903656,1,3.13143015,0.0109901428
5156,5.156053,0,-0.0329666138,1,3.13143015,0.0109901428
5157,5.157049,0,-0.0329666138,1,3.13143015,0.0109901428
5158,5.158051,0,0.0549468994,1,3.13143015,-0.0109901428
5159,5.159055,0,0.0549468994,1,3.131814,0.0109901428
5160,5.160056,0,0.0549468994,1,3.131814,0.0109901428
5161,5.161098,0,0.0549468994,1,3.13143015,0.0329704285
5162,5.162052,0,0.0329704285,1,3.131814,0.0109901428
5163,5.163053,0,0.0329704285,1,3.131814,0.0109901428
5164,5.164050,0,0.0109901428,1,3.13143015,0.0329704285
5165,5.165054,0,0.0109901428,1,3.131814,0.0109901428
5166,5.166051,0,0.0329704285,1,3.13143015,0.0109901428
5167,5.167052,0,0.0329704285,1,3.131814,-0.0109901428
5168,5.168056,0,0.0329704285,1,3.13143015,-0.0109901428
5169,5.169057,0,0.0329704285,1,3.131814,-0.0109901428
5170,5.170053,0,0.0549468994,1,3.13143015,-0.0109901428
5171,5.171054,0,0.0549468994,1,3.131814,-0.0329666138
5172,5.172099,0,-0.0769233704,1,3.13143015,-0.0329666138
5173,5.173050,0,-0.0769233704,1,3.13143015,-0.0329666138
5174,5.174051,0,0.0329704285,1,3.13143015,-0.0329666138
5175,5.175051,0,0.0329704285,1,3.13143015,-0.0329666138
5176,5.176052,0,-0.142856598,1,3.13143015,-0.0329666138
5177,5.177056,0,-0.142856598,1,3.13143015,-0.0329666138
5178,5.178057,0,-0.0988998413,1,3.13143015,-0.0109901428
5179,5.179053,0,-0.0988998413,1,3.131814,-0.0109901428
5180,5.180054,0,0.098903656,1,1.5408597,-0.0329666138
5181,5.181051,0,0.098903656,1,3.13143015,0.0109901428
5182,5.182052,0,-0.252746582,1,3.131814,-0.0549468994
5183,5.183062,0,-0.252746582,1,3.13066339,-0.274726868
5184,5.184056,0,0.20879364,1,3.13143015,-0.164836884
5185,5.185056,0,0.20879364,1,3.131814,-0.120880127
5186,5.186057,0,0.0329704285,1,3.13104677,-0.0549468994
5187,5.187054,0,0.0329704285,1,3.13104677,-0.0769233704
5188,5.188056,0,0.0109901428,1,3.13143015,-0.0769233704
5189,5.189053,0,0.0109901428,1,3.13143015,-0.0549468994
5190,5.190055,0,-0.0109901428,1,3.13143015,-0.0109901428
5191,5.191053,0,-0.0109901428,1,3.13104677,-0.0109901428
5192,5.192054,0,-0.120880127,1,1.54124308,-0.0109901428
5193,5.193105,0,-0.120880127,1,3.131814,0.0109901428
5194,5.194056,0,0.0769271851,1,3.13104677,-0.0109901428
5195,5.195053,0,0.0769271851,1,3.13066339,-0.208789825
5196,5.196050,0,-0.31867981,1,3.13104677,-0.274726868
5197,5.197052,0,-0.31867981,1,3.13143015,-0.252746582
5198,5.198050,0,-0.0109901428,1,3.13104677,-0.186813354
5199,5.199051,0,-0.0109901428,1,3.13066339,-0.186813354
5200,5.200056,0,0.164836884,1,3.13028002,-0.208789825
5201,5.201050,0,0.164836884,1,3.13104677,-0.164836884
5202,5.202055,0,0.098903656,1,3.13104677,-0.120880127
5203,5.203049,0,0.098903656,1,3.13028002,-0.0769233704
5204,5.204063,0,0.120880127,1,3.13066339,-0.0549468994
5205,5.205056,0,0.120880127,1,3.13066339,-0.0329666138
5206,5.206051,0,-0.0549468994,1,3.13066339,0.0109901428
5207,5.207056,0,-0.0549468994,1,3.13028002,0.0329704285
5208,5.208050,0,0.0109901428,1,3.13066339,0.0109901428
5209,5.209079,0,0.0109901428,1,3.13104677,0.0329704285
5210,5.210064,0,-0.208789825,1,3.13066339,0.0769271851
5211,5.211051,0,-0.208789825,1,3.13066339,0.0769271851
5212,5.212056,0,-0.0109901428,1,3.13066339,0.0769271851
5213,5.213051,0,-0.0109901428,1,3.13104677,0.0769271851
5214,5.214056,0,-0.296703339,1,3.13104677,0.098903656
5215,5.215059,0,-0.296703339,1,3.13104677,0.120880127
5216,5.216054,0,0.340660095,1,3.13104677,0.120880127
5217,5.217050,0,0.340660095,1,3.13104677,0.120880127
5218,5.218051,0,0.0549468994,1,3.13104677,0.098903656
5219,5.219054,0,0.0549468994,1,3.13143015,0.0769271851
5220,5.220055,0,-0.0109901428,1,3.13104677,0.0769271851
5221,5.221052,0,-0.0109901428,1,3.13143015,0.0769271851
5222,5.222053,0,0.098903656,1,3.13104677,0.0769271851
5223,5.223049,0,0.098903656,1,3.13104677,0.0549468994
5224,5.224051,0,0.0109901428,1,3.13104677,0.0329704285
5225,5.225112,0,0.0109901428,1,3.13104677,0.0329704285
5226,5.226054,0,-0.0769233704,1,3.13143015,0.0329704285
5227,5.227056,0,-0.0769233704,1,3.13066339,0.0329704285
5228,5.228052,0,0.0329704285,1,3.13104677,0.0109901428
5229,5.229054,0,0.0329704285,1,3.13143015,-0.0109901428
5230,5.230050,0,0.20879364,1,3.13104677,-0.0109901428
5231,5.231051,0,0.20879364,1,3.13104677,-0.0109901428
5232,5.232055,0,-0.208789825,1,3.13104677,-0.0109901428
5233,5.233056,0,-0.208789825,1,3.13143015,-0.0109901428
5234,5.234053,0,-0.0769233704,1,3.13104677,0.0109901428
5235,5.235057,0,-0.0769233704,1,3.13104677,0.0109901428
5236,5.236062,0,-0.0109901428,1,3.13104677,0.0109901428
5237,5.237052,0,-0.0109901428,1,3.13104677,0.0109901428
5238,5.238053,0,0.0329704285,1,1.54114723,0.252750397
5239,5.239049,0,0.0329704285,1,3.13104677,0.0329704285
5240,5.240050,0,0.230770111,1,3.13104677,-0.0329666138
5241,5.241054,0,0.230770111,1,3.13066339,-0.274726868
5242,5.242055,0,0.0329704285,1,3.13028002,-0.516483307
5243,5.243052,0,0.0329704285,1,3.13066339,-0.560440063
5244,5.244053,0,-0.142856598,1,3.12999249,-0.516483307
5245,5.245053,0,-0.142856598,1,3.12922478,-0.494506836
5246,5.246054,0,0.142860413,1,3.12922478,-0.494506836
5247,5.247063,0,0.142860413,1,3.12922478,-0.47252655
5248,5.248049,0,-0.0769233704,1,3.12922478,-0.406593323
5249,5.249054,0,-0.0769233704,1,3.12845802,-0.340660095
5250,5.250055,0,-0.0109901428,1,1.54114723,0.098903656
5251,5.251051,0,-0.0109901428,1,3.12845802,-0.274726868
5252,5.252052,0,-0.0329666138,1,3.12845802,-0.274726868
5253,5.253050,0,-0.0329666138,1,3.12769079,-0.384616852
5254,5.254052,0,-0.0769233704,1,3.12845802,-0.208789825
5255,5.255052,0,-0.0769233704,1,3.12845802,-0.120880127
5256,5.256054,0,-0.0988998413,1,3.12807417,-0.0329666138
5257,5.257089,0,-0.0988998413,1,3.12730742,-0.0109901428
5258,5.258053,0,-0.164836884,1,3.12807417,-0.0329666138
5259,5.259055,0,-0.164836884,1,3.12807417,0.0109901428
5260,5.260052,0,0.098903656,1,3.12769079,0.0549468994
5261,5.261054,0,0.098903656,1,3.12807417,0.0769271851
5262,5.262052,0,-0.142856598,1,1.54095554,-0.252746582
5263,5.263053,0,-0.142856598,1,3.12845802,0.120880127
5264,5.264086,0,0.0109901428,1,3.12845802,0.098903656
5265,5.265170,0,0.0109901428,1,3.12769079,-0.0329666138
5266,5.266167,0,0.164836884,1,3.1288414,0.164836884
5267,5.267116,0,0.164836884,1,3.1288414,0.164836884
5268,5.268130,0,-0.274726868,1,3.12807417,0.186817169
5269,5.269081,0,-0.274726868,1,3.12807417,0.164836884
5270,5.270102,0,0.0109901428,1,3.1288414,0.142860413
5271,5.271050,0,0.0109901428,1,3.12922478,0.186817169
5272,5.272053,0,-0.142856598,1,3.1288414,0.20879364
5273,5.273050,0,-0.142856598,1,3.1288414,0.186817169
5274,5.274052,0,-0.142856598,1,3.12922478,0.164836884
5275,5.275052,0,-0.142856598,1,3.12922478,0.164836884
5276,5.276054,0,-0.120880127,1,3.12922478,0.186817169
5277,5.277051,0,-0.120880127,1,3.12922478,0.164836884
5278,5.278053,0,-0.0549468994,1,3.12960863,0.142860413
5279,5.279109,0,-0.0549468994,1,3.12960863,0.142860413
5280,5.280053,0,0.0769271851,1,3.12999249,0.142860413
5281,5.281055,0,0.0769271851,1,3.12960863,0.142860413
5282,5.282052,0,0.0329704285,1,3.12999249,0.120880127
5283,5.283052,0,0.0329704285,1,3.12999249,0.120880127
5284,5.284056,0,0.0109901428,1,3.12960863,0.120880127
5285,5.285052,0,0.0109901428,1,3.12999249,0.0769271851
5286,5.286056,0,-0.0549468994,1,3.12999249,0.0769271851
5287,5.287050,0,-0.0549468994,1,3.12999249,0.0769271851
5288,5.288054,0,0.0549468994,1,3.12999249,0.0769271851
5289,5.289055,0,0.0549468994,1,3.12999249,0.0549468994
5290,5.290084,0,-0.0769233704,1,3.13028002,0.0549468994
5291,5.291050,0,-0.0769233704,1,3.13028002,0.0549468994
5292,5.292051,0,0.0329704285,1,3.13028002,0.0549468994
5293,5.293056,0,0.0329704285,1,3.13028002,0.0329704285
5294,5.294049,0,-0.274726868,1,3.13028002,0.0329704285
5295,5.295056,0,-0.274726868,1,3.13028002,0.0329704285
5296,5.296050,0,-0.120880127,1,3.13028002,0.0109901428
5297,5.297054,0,-0.120880127,1,3.12999249,0.0109901428
5298,5.298055,0,0.0329704285,1,3.13028002,0.0109901428
5299,5.299051,0,0.0329704285,1,3.12999249,0.0109901428
5300,5.300052,0,0.142860413,1,3.12999249,-0.0109901428
5301,5.301060,0,0.142860413,1,3.13028002,-0.0329666138
5302,5.302053,0,-0.296703339,1,3.12999249,-0.0329666138
5303,5.303050,0,-0.296703339,1,3.12999249,-0.0109901428
5304,5.304051,0,0.274726868,1,3.12999249,-0.0329666138
5305,5.305050,0,0.274726868,1,3.12999249,-0.0549468994
5306,5.306051,0,-0.296703339,1,3.12999249,-0.0549468994
5307,5.307055,0,-0.296703339,1,3.13028002,-0.0329666138
5308,5.308056,0,0.120880127,1,1.54095554,-0.186813354
5309,5.309053,0,0.120880127,1,3.12999249,-0.0109901428
5310,5.310055,0,-0.208789825,1,3.12999249,-0.0549468994
5311,5.311089,0,-0.208789825,1,3.12960863,-0.208789825
5312,5.312057,0,-0.186813354,1,3.12999249,-0.0988998413
5313,5.313050,0,-0.186813354,1,3.12999249,-0.0549468994
5314,5.314054,0,0.0329704285,1,3.12960863,-0.0109901428
5315,5.315051,0,0.0329704285,1,3.12960863,-0.0329666138
5316,5.316055,0,0.274726868,1,3.12999249,-0.0329666138
5317,5.317056,0,0.274726868,1,3.13028002,-0.0109901428
5318,5.318053,0,0.0549468994,1,3.12999249,0.0329704285
5319,5.319055,0,0.0549468994,1,3.12999249,0.0109901428
5320,5.320052,0,0.0549468994,1,1.54124308,0.0109901428
5321,5.321054,0,0.0549468994,1,3.13028002,0.0329704285
5322,5.322067,0,-0.230770111,1,3.12999249,-0.0109901428
5323,5.323051,0,-0.230770111,1,3.12960863,-0.252746582
5324,5.324061,0,-0.0329666138,1,3.13028002,-0.120880127
5325,5.325051,0,-0.0329666138,1,3.13028002,-0.0769233704
5326,5.326056,0,-0.120880127,1,3.12960863,-0.0329666138
5327,5.327050,0,-0.120880127,1,3.12960863,-0.0549468994
5328,5.328055,0,-0.120880127,1,3.12999249,-0.0769233704
5329,5.329056,0,-0.120880127,1,3.12999249,-0.0549468994
5330,5.330054,0,0.252750397,1,3.12960863,-0.0109901428
5331,5.331056,0,0.252750397,1,3.12999249,-0.0329666138
5332,5.332053,0,-0.274726868,1,3.12999249,-0.0329666138
5333,5.333061,0,-0.274726868,1,3.13028002,-0.0109901428
5334,5.334056,0,0.098903656,1,3.12999249,0.0329704285
5335,5.335056,0,0.098903656,1,3.12960863,0.0329704285
5336,5.336050,0,-0.230770111,1,3.13028002,0.0109901428
5337,5.337055,0,-0.230770111,1,3.13066339,0.0549468994
5338,5.338049,0,-0.0988998413,1,3.13028002,0.098903656
5339,5.339054,0,-0.0988998413,1,3.12999249,0.098903656
5340,5.340056,0,0.0549468994,1,3.12999249,0.0769271851
5341,5.341054,0,0.0549468994,1,3.13066339,0.0549468994
5342,5.342055,0,-0.120880127,1,3.13066339,0.0769271851
5343,5.343112,0,-0.120880127,1,3.13066339,0.0769271851
5344,5.344052,0,-0.120880127,1,3.13066339,0.0769271851
5345,5.345057,0,-0.120880127,1,3.13066339,0.0769271851
5346,5.346054,0,0.318683624,1,3.13028002,0.0769271851
5347,5.347056,0,0.318683624,1,3.13028002,0.0549468994
5348,5.348053,0,0.120880127,1,3.13028002,0.0109901428
5349,5.349053,0,0.120880127,1,3.13066339,0.0329704285
5350,5.350057,0,0.164836884,1,3.13028002,0.0329704285
5351,5.351050,0,0.164836884,1,3.13028002,0.0329704285
5352,5.352054,0,0.0109901428,1,3.13028002,-0.0109901428
5353,5.353055,0,0.0109901428,1,3.13028002,-0.0109901428
5354,5.354071,0,-0.0549468994,1,3.13028002,0.0109901428
5355,5.355055,0,-0.0549468994,1,3.13028002,-0.0109901428
5356,5.356056,0,0.0329704285,1,3.13066339,-0.0109901428
5357,5.357053,0,0.0329704285,1,3.13066339,0.0109901428
5358,5.358054,0,-0.0549468994,1,3.13028002,0.0109901428
5359,5.359051,0,-0.0549468994,1,3.13066339,-0.0109901428
5360,5.360052,0,0.0329704285,1,3.13066339,-0.0109901428
5361,5.361056,0,0.0329704285,1,3.13066339,0.0109901428
5362,5.362057,0,-0.120880127,1,3.13066339,0.0109901428
5363,5.363053,0,-0.120880127,1,3.13028002,0.0109901428
5364,5.364054,0,-0.120880127,1,3.13066339,-0.0109901428
5365,5.365061,0,-0.120880127,1,3.13066339,0.0109901428
5366,5.366054,0,0.098903656,1,1.5408597,-0.120880127
5367,5.367051,0,0.098903656,1,3.13028002,-0.0109901428
5368,5.368052,0,-0.252746582,1,3.13028002,-0.0769233704
5369,5.369056,0,-0.252746582,1,3.12999249,-0.230770111
5370,5.370057,0,0.0329704285,1,3.13066339,-0.0988998413
5371,5.371053,0,0.0329704285,1,3.13028002,-0.0549468994
5372,5.372054,0,-0.252746582,1,3.12999249,-0.0329666138
5373,5.373051,0,-0.252746582,1,3.13028002,-0.0549468994
5374,5.374052,0,-0.0769233704,1,3.13028002,-0.0329666138
5375,5.375079,0,-0.0769233704,1,3.13066339,0.0109901428
5376,5.376050,0,0.0769271851,1,3.13028002,0.0329704285
5377,5.377052,0,0.0769271851,1,3.13028002,0.0329704285
5378,5.378056,0,0.0769271851,1,1.54114723,0.142860413
5379,5.379064,0,0.0769271851,1,3.13104677,0.0549468994
5380,5.380051,0,-0.186813354,1,3.13066339,0.0329704285
5381,5.381055,0,-0.186813354,1,3.12999249,-0.230770111
5382,5.382056,0,-0.0109901428,1,3.12999249,-0.47252655
5383,5.383053,0,-0.0109901428,1,3.12999249,-0.516483307
5384,5.384055,0,-0.230770111,1,3.12960863,-0.47252655
5385,5.385055,0,-0.230770111,1,3.12845802,-0.450550079
5386,5.386058,0,-0.0988998413,1,3.12845802,-0.47252655
5387,5.387055,0,-0.0988998413,1,3.1288414,-0.47252655
5388,5.388050,0,-0.186813354,1,3.12845802,-0.384616852
5389,5.389055,0,-0.186813354,1,3.12807417,-0.340660095
5390,5.390049,0,-0.0329666138,1,1.54114723,-0.31867981
5391,5.391054,0,-0.0329666138,1,3.12769079,-0.274726868
5392,5.392056,0,0.120880127,1,3.12769079,-0.274726868
5393,5.393053,0,0.120880127,1,3.12654018,-0.47252655
5394,5.394055,0,0.120880127,1,3.12615681,-0.692306519
5395,5.395055,0,0.120880127,1,3.12654018,-0.692306519
5396,5.396074,0,-0.0769233704,1,3.12654018,-0.60439682
5397,5.397060,0,-0.0769233704,1,3.12539005,-0.494506836
5398,5.398055,0,0.164836884,1,3.1250062,-0.494506836
5399,5.399052,0,0.164836884,1,3.1250062,-0.47252655
5400,5.400054,0,-0.0769233704,1,3.12462282,-0.384616852
5401,5.401051,0,-0.0769233704,1,3.12423944,-0.31867981
5402,5.402053,0,0.0329704285,1,3.12385607,-0.296703339
5403,5.403050,0,0.0329704285,1,3.12462282,-0.274726868
5404,5.404052,0,-0.164836884,1,3.12385607,-0.186813354
5405,5.405052,0,-0.164836884,1,3.12318468,-0.120880127
5406,5.406054,0,-0.0769233704,1,3.12347269,-0.0988998413
5407,5.407095,0,-0.0769233704,1,3.12385607,-0.0769233704
5408,5.408056,0,0.0109901428,1,3.12347269,0.0109901428
5409,5.409050,0,0.0109901428,1,3.12347269,0.0549468994
5410,5.410055,0,0.0109901428,1,3.12347269,0.0549468994
5411,5.411049,0,0.0109901428,1,3.12347269,0.0769271851
5412,5.412054,0,-0.0769233704,1,3.12347269,0.098903656
5413,5.413057,0,-0.0769233704,1,3.12347269,0.142860413
5414,5.414053,0,0.0109901428,1,3.12385607,0.164836884
5415,5.415056,0,0.0109901428,1,3.12423944,0.186817169
5416,5.416052,0,0.230770111,1,3.12423944,0.20879364
5417,5.417053,0,0.230770111,1,3.12423944,0.20879364
5418,5.418060,0,-0.0549468994,1,3.12385607,0.20879364
5419,5.419054,0,-0.0549468994,1,3.12423944,0.186817169
5420,5.420050,0,-0.164836884,1,3.12423944,0.186817169
5421,5.421052,0,-0.164836884,1,3.12423944,0.186817169
5422,5.422056,0,-0.186813354,1,3.12462282,0.186817169
5423,5.423057,0,-0.186813354,1,3.12462282,0.186817169
5424,5.424053,0,0.098903656,1,3.12462282,0.186817169
5425,5.425049,0,0.098903656,1,3.12462282,0.186817169
5426,5.426054,0,-0.0988998413,1,3.1250062,0.164836884
5427,5.427055,0,-0.0988998413,1,3.12462282,0.164836884
5428,5.428085,0,-0.0769233704,1,3.12462282,0.142860413
5429,5.429052,0,-0.0769233704,1,3.12462282,0.142860413
5430,5.430053,0,0.0329704285,1,3.1250062,0.120880127
5431,5.431050,0,0.0329704285,1,3.12539005,0.098903656
5432,5.432051,0,0.0329704285,1,3.12539005,0.098903656
5433,5.433055,0,0.0329704285,1,3.1250062,0.098903656
5434,5.434056,0,0.0769271851,1,3.12539005,0.0769271851
5435,5.435055,0,0.0769271851,1,3.1250062,0.0769271851
5436,5.436057,0,-0.0549468994,1,1.54095554,-0.296703339
5437,5.437053,0,-0.0549468994,1,3.1250062,0.0329704285
5438,5.438055,0,-0.120880127,1,3.1250062,-0.0329666138
5439,5.439059,0,-0.120880127,1,3.12462282,-0.274726868
5440,5.440063,0,-0.0988998413,1,3.12385607,-0.516483307
5441,5.441049,0,-0.0988998413,1,3.12462282,-0.560440063
5442,5.442053,0,0.098903656,1,3.12385607,-0.516483307
5443,5.443054,0,0.098903656,1,3.12347269,-0.47252655
5444,5.444051,0,0.20879364,1,3.12318468,-0.47252655
5445,5.445055,0,0.20879364,1,3.12318468,-0.450550079
5446,5.446052,0,-0.186813354,1,3.12318468,-0.384616852
5447,5.447052,0,-0.186813354,1,3.12241793,-0.31867981
5448,5.448057,0,-0.208789825,1,1.54143476,-0.648349762
5449,5.449050,0,-0.208789825,1,3.1228013,-0.274726868
5450,5.450058,0,-0.0988998413,1,3.12203455,-0.252746582
5451,5.451052,0,-0.0988998413,1,3.1216507,-0.384616852
5452,5.452057,0,-0.0769233704,1,3.12203455,-0.208789825
5453,5.453052,0,-0.0769233704,1,3.12241793,-0.142856598
5454,5.454056,0,0.120880127,1,3.1216507,-0.0549468994
5455,5.455053,0,0.120880127,1,3.12126732,-0.0329666138
5456,5.456051,0,-0.0988998413,1,3.12203455,-0.0329666138
5457,5.457052,0,-0.0988998413,1,3.12203455,0.0109901428
5458,5.458050,0,-0.0769233704,1,3.1216507,0.0769271851
5459,5.459051,0,-0.0769233704,1,3.1216507,0.0769271851
5460,5.460108,0,-0.0109901428,1,3.12203455,0.0769271851
5461,5.461052,0,-0.0109901428,1,3.12203455,0.098903656
5462,5.462055,0,-0.120880127,1,3.12203455,0.120880127
5463,5.463052,0,-0.120880127,1,3.12203455,0.120880127
5464,5.464053,0,-0.164836884,1,3.12241793,0.120880127
5465,5.465054,0,-0.164836884,1,3.12241793,0.120880127
5466,5.466056,0,0.0109901428,1,3.12241793,0.142860413
5467,5.467053,0,0.0109901428,1,3.12241793,0.142860413
5468,5.468055,0,0.318683624,1,3.1228013,0.142860413
5469,5.469052,0,0.318683624,1,3.1228013,0.142860413
5470,5.470054,0,0.230770111,1,3.12241793,0.164836884
5471,5.471088,0,0.230770111,1,3.12241793,0.142860413
5472,5.472049,0,-0.252746582,1,3.1228013,0.142860413
5473,5.473051,0,-0.252746582,1,3.1228013,0.120880127
5474,5.474056,0,0.0109901428,1,3.12318468,0.120880127
5475,5.475053,0,0.0109901428,1,3.1228013,0.098903656
5476,5.476050,0,0.0549468994,1,3.12318468,0.098903656
5477,5.477053,0,0.0549468994,1,3.1228013,0.098903656
5478,5.478050,0,-0.120880127,1,3.12318468,0.0769271851
5479,5.479052,0,-0.120880127,1,3.12318468,0.0769271851
5480,5.480055,0,-0.0549468994,1,3.12318468,0.0769271851
5481,5.481055,0,-0.0549468994,1,3.12318468,0.0769271851
5482,5.482063,0,-0.164836884,1,3.12318468,0.0769271851
5483,5.483057,0,-0.164836884,1,3.12318468,0.0549468994
5484,5.484053,0,-0.0329666138,1,3.12318468,0.0549468994
5485,5.485050,0,-0.0329666138,1,3.12318468,0.0549468994
5486,5.486054,0,-0.230770111,1,3.12318468,0.0329704285
5487,5.487055,0,-0.230770111,1,3.12318468,0.0109901428
5488,5.488052,0,-0.186813354,1,3.12318468,0.0109901428
5489,5.489052,0,-0.186813354,1,3.12318468,0.0109901428
5490,5.490057,0,-0.31867981,1,3.1228013,-0.0109901428
5491,5.491064,0,-0.31867981,1,3.12318468,-0.0109901428
5492,5.492110,0,-0.230770111,1,3.12318468,-0.0109901428
5493,5.493051,0,-0.230770111,1,3.1228013,-0.0109901428
5494,5.494052,0,0.0329704285,1,1.54095554,0.340660095
5495,5.495052,0,0.0329704285,1,3.12318468,-0.0109901428
5496,5.496053,0,0.340660095,1,3.1228013,-0.0769233704
5497,5.497057,0,0.340660095,1,3.1228013,-0.31867981
5498,5.498050,0,0.098903656,1,3.12203455,-0.560440063
5499,5.499054,0,0.098903656,1,3.12241793,-0.60439682
5500,5.500055,0,0.142860413,1,3.12203455,-0.560440063
5501,5.501052,0,0.142860413,1,3.12126732,-0.516483307
5502,5.502175,0,0.120880127,1,3.12126732,-0.494506836
5503,5.503085,0,0.120880127,1,3.12126732,-0.450550079
5504,5.504080,0,0.0109901428,1,3.12088394,-0.406593323
5505,5.505050,0,0.0109901428,1,3.12011671,-0.340660095
5506,5.506139,0,0.142860413,1,1.54066753,-0.670330048
5507,5.507201,0,0.142860413,1,3.11973333,-0.296703339
5508,5.508049,0,0.0549468994,1,3.12011671,-0.296703339
5509,5.509055,0,0.0549468994,1,3.11858273,-0.494506836
5510,5.510057,0,-0.0109901428,1,3.11819935,-0.714286804
5511,5.511053,0,-0.0109901428,1,3.11858273,-0.736263275
5512,5.512054,0,-0.0109901428,1,3.11819935,-0.648349762
5513,5.513050,0,-0.0109901428,1,3.11743259,-0.560440063
5514,5.514059,0,-0.208789825,1,3.11704874,-0.516483307
5515,5.515056,0,-0.208789825,1,3.11704874,-0.494506836
5516,5.516054,0,0.186817169,1,3.11704874,-0.428569794
5517,5.517056,0,0.186817169,1,3.11599445,-0.340660095
5518,5.518053,0,-0.142856598,1,1.54105139,0.0329704285
5519,5.519055,0,-0.142856598,1,3.11599445,-0.296703339
5520,5.520052,0,0.0329704285,1,3.1156106,-0.296703339
5521,5.521054,0,0.0329704285,1,3.11407661,-0.47252655
5522,5.522051,0,-0.0329666138,1,3.11446047,-0.362636566
5523,5.523053,0,-0.0329666138,1,3.11484385,-0.296703339
5524,5.524107,0,-0.0329666138,1,3.11446047,-0.208789825
5525,5.525050,0,-0.0329666138,1,3.11369324,-0.164836884
5526,5.526053,0,0.0109901428,1,3.11369324,-0.186813354
5527,5.527050,0,0.0109901428,1,3.11407661,-0.142856598
5528,5.528052,0,-0.0769233704,1,3.11369324,-0.0769233704
5529,5.529056,0,-0.0769233704,1,3.11330986,-0.0329666138
5530,5.530051,0,-0.0109901428,1,3.11369324,0.0109901428
5531,5.531056,0,-0.0109901428,1,3.11369324,0.0329704285
5532,5.532050,0,0.0109901428,1,3.11369324,0.0769271851
5533,5.533055,0,0.0109901428,1,3.11369324,0.098903656
5534,5.534057,0,0.0109901428,1,3.11369324,0.120880127
5535,5.535060,0,0.0109901428,1,3.11407661,0.142860413
5536,5.536056,0,0.318683624,1,3.11407661,0.164836884
5537,5.537051,0,0.318683624,1,3.11369324,0.186817169
5538,5.538056,0,0.0329704285,1,3.11407661,0.164836884
5539,5.539050,0,0.0329704285,1,3.11446047,0.164836884
5540,5.540055,0,0.0109901428,1,3.11407661,0.186817169
5541,5.541049,0,0.0109901428,1,3.11407661,0.186817169
5542,5.542054,0,-0.0769233704,1,3.11446047,0.164836884
5543,5.543056,0,-0.0769233704,1,3.11446047,0.142860413
5544,5.544053,0,-0.0988998413,1,3.11407661,0.142860413
5545,5.545062,0,-0.0988998413,1,3.11446047,0.120880127
5546,5.546060,0,0.0329704285,1,3.11407661,0.120880127
5547,5.547056,0,0.0329704285,1,3.11446047,0.098903656
5548,5.548050,0,0.120880127,1,3.11446047,0.098903656
5549,5.549054,0,0.120880127,1,3.11407661,0.120880127
5550,5.550056,0,-0.31867981,1,3.11446047,0.098903656
5551,5.551052,0,-0.31867981,1,3.11446047,0.098903656
5552,5.552053,0,-0.164836884,1,3.11446047,0.120880127
5553,5.553049,0,-0.164836884,1,3.11446047,0.120880127
5554,5.554051,0,0.0549468994,1,3.11484385,0.0769271851
5555,5.555050,0,0.0549468994,1,3.11484385,0.0769271851
5556,5.556051,0,-0.120880127,1,3.11484385,0.0769271851
5557,5.557059,0,-0.120880127,1,3.11484385,0.0769271851
5558,5.558052,0,0.0769271851,1,3.11484385,0.0769271851
5559,5.559056,0,0.0769271851,1,3.11484385,0.0769271851
5560,5.560050,0,0.142860413,1,3.11484385,0.0769271851
5561,5.561054,0,0.142860413,1,3.11484385,0.0769271851
5562,5.562055,0,-0.0988998413,1,3.11522722,0.0549468994
5563,5.563051,0,-0.0988998413,1,3.11484385,0.0329704285
5564,5.564052,0,0.142860413,1,1.54105139,-0.142856598
5565,5.565052,0,0.142860413,1,3.11484385,0.0329704285
5566,5.566053,0,-0.0549468994,1,3.11484385,-0.0329666138
5567,5.567086,0,-0.0549468994,1,3.11446047,-0.208789825
5568,5.568053,0,0.0329704285,1,3.11484385,-0.0988998413
5569,5.569054,0,0.0329704285,1,3.11522722,-0.0549468994
5570,5.570051,0,0.0329704285,1,3.11446047,-0.0109901428
5571,5.571051,0,0.0329704285,1,3.11446047,-0.0549468994
5572,5.572056,0,0.098903656,1,3.11484385,-0.0549468994
5573,5.573049,0,0.098903656,1,3.11522722,-0.0109901428
5574,5.574054,0,-0.164836884,1,3.11446047,0.0329704285
5575,5.575050,0,-0.164836884,1,3.11484385,0.0109901428
5576,5.576054,0,-0.0549468994,1,1.54066753,-0.340660095
5577,5.577055,0,-0.0549468994,1,3.11522722,0.0329704285
5578,5.578080,0,-0.230770111,1,3.11484385,0.0109901428
5579,5.579051,0,-0.230770111,1,3.11446047,-0.252746582
5580,5.580053,0,0.340660095,1,3.11407661,-0.47252655
5581,5.581050,0,0.340660095,1,3.11446047,-0.494506836
5582,5.582052,0,-0.340660095,1,3.11407661,-0.450550079
5583,5.583049,0,-0.340660095,1,3.11330986,-0.406593323
5584,5.584051,0,-0.164836884,1,3.11330986,-0.428569794
5585,5.585051,0,-0.164836884,1,3.11292648,-0.406593323
5586,5.586053,0,-0.142856598,1,3.11292648,-0.340660095
5587,5.587050,0,-0.142856598,1,3.11254263,-0.296703339
5588,5.588052,0,0.384616852,1,3.11254263,-0.274726868
5589,5.589058,0,0.384616852,1,3.11254263,-0.230770111
5590,5.590052,0,0.0549468994,1,3.11215925,-0.186813354
5591,5.591049,0,0.0549468994,1,3.11215925,-0.142856598
5592,5.592051,0,0.0109901428,1,3.11177588,-0.142856598
5593,5.593056,0,0.0109901428,1,3.11215925,-0.120880127
5594,5.594050,0,-0.0329666138,1,3.11215925,-0.0549468994
5595,5.595050,0,-0.0329666138,1,3.11177588,-0.0109901428
5596,5.596058,0,-0.0329666138,1,3.11177588,0.0109901428
5597,5.597053,0,-0.0329666138,1,3.11177588,0.0109901428
5598,5.598050,0,0.142860413,1,3.11177588,0.0329704285
5599,5.599077,0,0.142860413,1,3.11215925,0.0549468994
5600,5.600060,0,-0.142856598,1,3.11215925,0.0769271851
5601,5.601054,0,-0.142856598,1,3.11215925,0.098903656
5602,5.602052,0,0.0109901428,1,3.11254263,0.120880127
5603,5.603053,0,0.0109901428,1,3.11215925,0.142860413
5604,5.604051,0,-0.0769233704,1,3.11254263,0.142860413
5605,5.605056,0,-0.0769233704,1,3.11215925,0.120880127
5606,5.606053,0,0.098903656,1,3.11254263,0.120880127
5607,5.607055,0,0.098903656,1,3.11254263,0.120880127
5608,5.608052,0,-0.0549468994,1,3.11292648,0.142860413
5609,5.609054,0,-0.0549468994,1,3.11292648,0.164836884
5610,5.610088,0,0.0109901428,1,3.11292648,0.164836884
5611,5.611052,0,0.0109901428,1,3.11292648,0.164836884
5612,5.612053,0,0.274726868,1,3.11330986,0.164836884
5613,5.613050,0,0.274726868,1,3.11292648,0.164836884
5614,5.614051,0,-0.142856598,1,3.11330986,0.142860413
5615,5.615050,0,-0.142856598,1,3.11292648,0.142860413
5616,5.616051,0,0.0109901428,1,3.11330986,0.120880127
5617,5.617055,0,0.0109901428,1,3.11330986,0.098903656
5618,5.618056,0,-0.142856598,1,3.11330986,0.098903656
5619,5.619053,0,-0.142856598,1,3.11330986,0.0769271851
5620,5.620054,0,-0.296703339,1,3.11369324,0.0549468994
5621,5.621090,0,-0.296703339,1,3.11330986,0.0549468994
5622,5.622056,0,-0.0109901428,1,1.54133892,-0.296703339
5623,5.623050,0,-0.0109901428,1,3.11330986,0.0329704285
5624,5.624054,0,0.120880127,1,3.11292648,-0.0329666138
5625,5.625050,0,0.120880127,1,3.11254263,-0.230770111
5626,5.626054,0,0.0549468994,1,3.11369324,-0.0988998413
5627,5.627055,0,0.0549468994,1,3.11369324,-0.0329666138
5628,5.628052,0,0.142860413,1,3.11292648,0.0109901428
5629,5.629053,0,0.142860413,1,3.11292648,-0.0329666138
5630,5.630050,0,-0.0988998413,1,3.11330986,-0.0109901428
5631,5.631051,0,-0.0988998413,1,3.11369324,0.0109901428
5632,5.632061,0,0.164836884,1,3.11292648,0.0329704285
5633,5.633055,0,0.164836884,1,3.11330986,0.0329704285
5634,5.634051,0,-0.186813354,1,1.54105139,0.164836884
5635,5.635055,0,-0.186813354,1,3.11369324,0.0549468994
5636,5.636052,0,-0.31867981,1,3.11330986,0.0109901428
5637,5.637053,0,-0.31867981,1,3.11292648,-0.230770111
5638,5.638050,0,0.384616852,1,3.11369324,-0.120880127
5639,5.639051,0,0.384616852,1,3.11407661,-0.0549468994
5640,5.640055,0,0.186817169,1,3.11330986,0.0109901428
5641,5.641056,0,0.186817169,1,3.11292648,-0.0109901428
5642,5.642094,0,-0.0988998413,1,3.11407661,-0.0329666138
5643,5.643053,0,-0.0988998413,1,3.11407661,0.0109901428
5644,5.644054,0,0.0549468994,1,3.11369324,0.0549468994
5645,5.645054,0,0.0549468994,1,3.11292648,0.0549468994
5646,5.646056,0,-0.0988998413,1,1.54114723,-0.0988998413
5647,5.647053,0,-0.0988998413,1,3.11407661,0.0329704285
5648,5.648055,0,-0.208789825,1,3.11369324,0.0329704285
5649,5.649053,0,-0.208789825,1,3.11292648,-0.142856598
5650,5.650054,0,-0.0988998413,1,3.11369324,-0.0549468994
5651,5.651051,0,-0.0988998413,1,3.11407661,-0.0109901428
5652,5.652053,0,-0.0109901428,1,3.11369324,0.0549468994
5653,5.653122,0,-0.0109901428,1,3.11330986,0.0549468994
5654,5.654059,0,0.0109901428,1,3.11369324,0.0329704285
5655,5.655056,0,0.0109901428,1,3.11407661,0.0549468994
5656,5.656054,0,-0.0549468994,1,3.11369324,0.098903656
5657,5.657055,0,-0.0549468994,1,3.11330986,0.0769271851
5658,5.658053,0,0.164836884,1,3.11407661,0.0549468994
5659,5.659054,0,0.164836884,1,3.11407661,0.0769271851
5660,5.660052,0,-0.252746582,1,3.11407661,0.098903656
5661,5.661054,0,-0.252746582,1,3.11407661,0.0769271851
5662,5.662051,0,-0.0988998413,1,3.11407661,0.0769271851
5663,5.663053,0,-0.0988998413,1,3.11484385,0.098903656
5664,5.664059,0,0.0109901428,1,3.11407661,0.120880127
5665,5.665056,0,0.0109901428,1,3.11407661,0.120880127
5666,5.666054,0,0.0769271851,1,3.11446047,0.098903656
5667,5.667055,0,0.0769271851,1,3.11484385,0.120880127
5668,5.668053,0,0.274726868,1,3.11446047,0.120880127
5669,5.669055,0,0.274726868,1,3.11446047,0.098903656
5670,5.670052,0,0.0109901428,1,3.11484385,0.0549468994
5671,5.671054,0,0.0109901428,1,3.11484385,0.0549468994
5672,5.672051,0,-0.164836884,1,3.11484385,0.0549468994
5673,5.673053,0,-0.164836884,1,3.11446047,0.0549468994
5674,5.674050,0,0.120880127,1,3.11522722,0.0329704285
5675,5.675061,0,0.120880127,1,3.11522722,0.0329704285
5676,5.676055,0,-0.0988998413,1,3.11484385,0.0329704285
5677,5.677051,0,-0.0988998413,1,3.11484385,0.0109901428
5678,5.678051,0,0.0109901428,1,3.11484385,0.0109901428
5679,5.679055,0,0.0109901428,1,3.11484385,0.0109901428
5680,5.680056,0,0.0109901428,1,3.11522722,0.0329704285
5681,5.681053,0,0.0109901428,1,3.11522722,0.0329704285
5682,5.682054,0,-0.230770111,1,3.11522722,0.0329704285
5683,5.683050,0,-0.230770111,1,3.11522722,0.0329704285
5684,5.684051,0,-0.142856598,1,3.11484385,0.0329704285
5685,5.685063,0,-0.142856598,1,3.11484385,0.0109901428
5686,5.686052,0,0.098903656,1,3.11484385,-0.0109901428
5687,5.687054,0,0.098903656,1,3.11522722,-0.0109901428
5688,5.688050,0,0.164836884,1,3.11522722,-0.0109901428
5689,5.689051,0,0.164836884,1,3.11522722,0.0109901428
5690,5.690055,0,-0.142856598,1,3.11522722,0.0109901428
5691,5.691056,0,-0.142856598,1,3.11484385,0.0109901428
5692,5.692053,0,-0.0109901428,1,1.54105139,-0.0109901428
5693,5.693054,0,-0.0109901428,1,3.11522722,-0.0109901428
5694,5.694051,0,-0.142856598,1,3.11522722,-0.0329666138
5695,5.695054,0,-0.142856598,1,3.11484385,-0.186813354
5696,5.696059,0,0.0769271851,1,3.11522722,-0.0549468994
5697,5.697052,0,0.0769271851,1,3.1156106,-0.0109901428
5698,5.698054,0,0.0329704285,1,3.11484385,0.0329704285
5699,5.699050,0,0.0329704285,1,3.11484385,-0.0109901428
5700,5.700051,0,-0.0109901428,1,3.11522722,-0.0109901428
5701,5.701056,0,-0.0109901428,1,3.1156106,0.0109901428
5702,5.702057,0,-0.0109901428,1,3.11484385,0.0329704285
5703,5.703053,0,-0.0109901428,1,3.11522722,0.0329704285
5704,5.704054,0,0.098903656,1,1.54105139,-0.340660095
5705,5.705054,0,0.098903656,1,3.11522722,0.0329704285
5706,5.706055,0,0.0329704285,1,3.11522722,-0.0109901428
5707,5.707061,0,0.0329704285,1,3.11484385,-0.186813354
5708,5.708050,0,-0.0769233704,1,3.1156106,-0.0549468994
5709,5.709052,0,-0.0769233704,1,3.1156106,0.0109901428
5710,5.710056,0,-0.230770111,1,3.11522722,0.0549468994
5711,5.711062,0,-0.230770111,1,3.11522722,0.0329704285
5712,5.712056,0,0.0329704285,1,3.11522722,0.0329704285
5713,5.713053,0,0.0329704285,1,3.1156106,0.0549468994
5714,5.714075,0,0.120880127,1,3.1156106,0.098903656
5715,5.715183,0,0.120880127,1,3.1156106,0.098903656
5716,5.716195,0,0.186817169,1,3.11599445,0.142860413
5717,5.717080,0,0.186817169,1,3.11599445,0.142860413
5718,5.718053,0,0.230770111,1,3.11599445,0.142860413
5719,5.719192,0,0.230770111,1,3.1156106,0.098903656
5720,5.720053,0,0.0109901428,1,3.11628199,0.098903656
5721,5.721052,0,0.0109901428,1,3.11628199,0.098903656
5722,5.722052,0,-0.208789825,1,3.11628199,0.120880127
5723,5.723054,0,-0.208789825,1,3.11628199,0.098903656
5724,5.724053,0,-0.0549468994,1,3.11666536,0.0769271851
5725,5.725147,0,-0.0549468994,1,3.11666536,0.098903656
5726,5.726053,0,-0.142856598,1,3.11628199,0.098903656
5727,5.727050,0,-0.142856598,1,3.11628199,0.0769271851
5728,5.728082,0,0.0769271851,1,3.11666536,0.0549468994
5729,5.729054,0,0.0769271851,1,3.11666536,0.0549468994
5730,5.730056,0,0.0769271851,1,3.11666536,0.0549468994
5731,5.731053,0,0.0769271851,1,3.11666536,0.0329704285
5732,5.732055,0,-0.0988998413,1,3.11666536,0.0549468994
5733,5.733053,0,-0.0988998413,1,3.11704874,0.0329704285
5734,5.734055,0,-0.0549468994,1,3.11704874,0.0329704285
5735,5.735055,0,-0.0549468994,1,3.11666536,0.0549468994
5736,5.736057,0,-0.0329666138,1,3.11704874,0.0549468994
5737,5.737054,0,-0.0329666138,1,3.11666536,0.0549468994
5738,5.738056,0,0.142860413,1,3.11704874,0.0329704285
5739,5.739058,0,0.142860413,1,3.11704874,0.0329704285
5740,5.740056,0,-0.0549468994,1,3.11704874,0.0329704285
5741,5.741051,0,-0.0549468994,1,3.11704874,0.0329704285
5742,5.742054,0,-0.0769233704,1,3.11666536,0.0329704285
5743,5.743054,0,-0.0769233704,1,3.11704874,-0.0109901428
5744,5.744051,0,-0.142856598,1,3.11704874,-0.0109901428
5745,5.745054,0,-0.142856598,1,3.11666536,0.0109901428
5746,5.746051,0,0.164836884,1,3.11743259,0.0109901428
5747,5.747052,0,0.164836884,1,3.11704874,0.0329704285
5748,5.748056,0,-0.296703339,1,3.11743259,0.0329704285
5749,5.749050,0,-0.296703339,1,3.11743259,0.0549468994
5750,5.750059,0,0.0769271851,1,1.54095554,-0.0988998413
5751,5.751052,0,0.0769271851,1,3.11743259,0.0329704285
5752,5.752057,0,-0.186813354,1,3.11704874,-0.0329666138
5753,5.753050,0,-0.186813354,1,3.11666536,-0.186813354
5754,5.754054,0,-0.0329666138,1,3.11743259,-0.0549468994
5755,5.755050,0,-0.0329666138,1,3.11743259,-0.0329666138
5756,5.756054,0,0.362640381,1,3.11704874,-0.0109901428
5757,5.757056,0,0.362640381,1,3.11704874,-0.0109901428
5758,5.758052,0,0.098903656,1,3.11743259,-0.0329666138
5759,5.759053,0,0.098903656,1,3.11743259,0.0109901428
5760,5.760087,0,-0.0549468994,1,3.11743259,0.0329704285
5761,5.761050,0,-0.0549468994,1,3.11743259,0.0549468994
5762,5.762052,0,-0.31867981,1,1.54114723,0.0769271851
5763,5.763056,0,-0.31867981,1,3.11781597,0.0549468994
5764,5.764049,0,0.20879364,1,3.11743259,0.0329704285
5765,5.765057,0,0.20879364,1,3.11704874,-0.142856598
5766,5.766051,0,-0.230770111,1,3.11819935,-0.0109901428
5767,5.767055,0,-0.230770111,1,3.11819935,0.0549468994
5768,5.768056,0,-0.0988998413,1,3.11781597,0.098903656
5769,5.769053,0,-0.0988998413,1,3.11743259,0.0769271851
5770,5.770054,0,-0.186813354,1,3.11819935,0.0549468994
5771,5.771065,0,-0.186813354,1,3.11896658,0.098903656
5772,5.772055,0,0.0769271851,1,3.11819935,0.142860413
5773,5.773057,0,0.0769271851,1,3.11781597,0.120880127
5774,5.774053,0,0.0549468994,1,1.54095554,0.0769271851
5775,5.775049,0,0.0549468994,1,3.11896658,0.098903656
5776,5.776054,0,-0.0988998413,1,3.11858273,0.0769271851
5777,5.777055,0,-0.0988998413,1,3.11781597,-0.186813354
5778,5.778053,0,0.274726868,1,3.11819935,-0.428569794
5779,5.779054,0,0.274726868,1,3.11819935,-0.450550079
5780,5.780052,0,0.120880127,1,3.11781597,-0.406593323
5781,5.781054,0,0.120880127,1,3.11704874,-0.362636566
5782,5.782080,0,-0.230770111,1,3.11666536,-0.406593323
5783,5.783051,0,-0.230770111,1,3.11704874,-0.406593323
5784,5.784053,0,0.120880127,1,3.11704874,-0.31867981
5785,5.785053,0,0.120880127,1,3.11628199,-0.274726868
5786,5.786055,0,-0.0988998413,1,3.11628199,-0.274726868
5787,5.787052,0,-0.0988998413,1,3.11666536,-0.230770111
5788,5.788054,0,-0.0769233704,1,3.11628199,-0.164836884
5789,5.789052,0,-0.0769233704,1,3.11599445,-0.120880127
5790,5.790054,0,-0.208789825,1,3.11599445,-0.0769233704
5791,5.791051,0,-0.208789825,1,3.11628199,-0.0769233704
5792,5.792052,0,-0.0769233704,1,3.11628199,-0.0109901428
5793,5.793064,0,-0.0769233704,1,3.11599445,0.0109901428
5794,5.794056,0,-0.230770111,1,3.11628199,0.0109901428
5795,5.795054,0,-0.230770111,1,3.11666536,0.0549468994
5796,5.796051,0,-0.208789825,1,3.11628199,0.098903656
5797,5.797053,0,-0.208789825,1,3.11628199,0.120880127
5798,5.798050,0,0.274726868,1,3.11628199,0.142860413
5799,5.799052,0,0.274726868,1,3.11666536,0.142860413
5800,5.800049,0,-0.0329666138,1,3.11704874,0.164836884
5801,5.801051,0,-0.0329666138,1,3.11666536,0.186817169
5802,5.802056,0,-0.0109901428,1,3.11704874,0.186817169
5803,5.803050,0,-0.0109901428,1,3.11704874,0.186817169
5804,5.804090,0,0.0549468994,1,3.11704874,0.186817169
5805,5.805050,0,0.0549468994,1,3.11704874,0.164836884
5806,5.806052,0,-0.0109901428,1,3.11704874,0.142860413
5807,5.807056,0,-0.0109901428,1,3.11743259,0.142860413
5808,5.808056,0,0.0549468994,1,3.11743259,0.164836884
5809,5.809052,0,0.0549468994,1,3.11743259,0.142860413
5810,5.810053,0,-0.252746582,1,3.11743259,0.120880127
5811,5.811057,0,-0.252746582,1,3.11743259,0.120880127
5812,5.812050,0,-0.0549468994,1,3.11743259,0.098903656
5813,5.813055,0,-0.0549468994,1,3.11743259,0.098903656
5814,5.814056,0,-0.0769233704,1,3.11781597,0.098903656
5815,5.815063,0,-0.0769233704,1,3.11781597,0.098903656
5816,5.816055,0,0.0329704285,1,3.11781597,0.098903656
5817,5.817056,0,0.0329704285,1,3.11781597,0.0769271851
5818,5.818052,0,0.0549468994,1,3.11781597,0.0769271851
5819,5.819053,0,0.0549468994,1,3.11819935,0.0549468994
5820,5.820050,0,0.20879364,1,1.54095554,0.0549468994
5821,5.821051,0,0.20879364,1,3.11819935,0.0549468994
5822,5.822177,0,-0.0769233704,1,3.11781597,-0.0109901428
5823,5.823050,0,-0.0769233704,1,3.11743259,-0.164836884
5824,5.824051,0,-0.208789825,1,3.11819935,-0.0549468994
5825,5.825050,0,-0.208789825,1,3.11819935,-0.0109901428
5826,5.826064,0,-0.31867981,1,3.11781597,0.0109901428
5827,5.827050,0,-0.31867981,1,3.11819935,-0.0109901428
5828,5.828054,0,0.20879364,1,3.11819935,-0.0109901428
5829,5.829056,0,0.20879364,1,3.11819935,0.0109901428
5830,5.830052,0,0.0109901428,1,3.11819935,0.0549468994
5831,5.831053,0,0.0109901428,1,3.11819935,0.0329704285
5832,5.832050,0,0.186817169,1,1.54105139,0.0329704285
5833,5.833051,0,0.186817169,1,3.11858273,0.0549468994
5834,5.834055,0,0.0549468994,1,3.11781597,0.0109901428
5835,5.835051,0,0.0549468994,1,3.11743259,-0.230770111
5836,5.836055,0,0.142860413,1,3.11858273,-0.142856598
5837,5.837062,0,0.142860413,1,3.11896658,-0.0988998413
5838,5.838056,0,0.0329704285,1,3.11781597,-0.0329666138
5839,5.839053,0,0.0329704285,1,3.11781597,-0.0329666138
5840,5.840054,0,-0.296703339,1,3.11819935,-0.0549468994
5841,5.841050,0,-0.296703339,1,3.11858273,-0.0109901428
5842,5.842051,0,-0.164836884,1,3.11819935,0.0329704285
5843,5.843056,0,-0.164836884,1,3.11781597,0.0329704285
5844,5.844050,0,-0.230770111,1,3.11819935,0.0109901428
5845,5.845051,0,-0.230770111,1,3.11819935,0.0329704285
5846,5.846053,0,0.230770111,1,3.11781597,0.0549468994
5847,5.847050,0,0.230770111,1,3.11819935,0.0549468994
5848,5.848062,0,0.164836884,1,3.11858273,0.0549468994
5849,5.849057,0,0.164836884,1,3.11858273,0.0769271851
5850,5.850054,0,-0.0988998413,1,3.11858273,0.098903656
5851,5.851056,0,-0.0988998413,1,3.11858273,0.098903656
5852,5.852053,0,0.20879364,1,3.11896658,0.098903656
5853,5.853055,0,0.20879364,1,3.11934996,0.098903656
5854,5.854053,0,-0.164836884,1,3.11896658,0.120880127
5855,5.855050,0,-0.164836884,1,3.11896658,0.098903656
5856,5.856055,0,0.0549468994,1,3.11934996,0.0769271851
5857,5.857056,0,0.0549468994,1,3.11896658,0.098903656
5858,5.858054,0,0.0549468994,1,3.11896658,0.098903656
5859,5.859062,0,0.0549468994,1,3.11934996,0.0769271851
5860,5.860057,0,-0.164836884,1,3.11934996,0.098903656
5861,5.861054,0,-0.164836884,1,3.11973333,0.0769271851
5862,5.862056,0,0.0329704285,1,3.11934996,0.0769271851
5863,5.863053,0,0.0329704285,1,3.11896658,0.0549468994
5864,5.864055,0,-0.0769233704,1,3.11934996,0.0329704285
5865,5.865055,0,-0.0769233704,1,3.11934996,0.0329704285
5866,5.866049,0,-0.142856598,1,3.11934996,0.0109901428
5867,5.867054,0,-0.142856598,1,3.11973333,0.0329704285
5868,5.868056,0,0.142860413,1,3.11973333,0.0329704285
5869,5.869054,0,0.142860413,1,3.11934996,0.0329704285
5870,5.870062,0,-0.208789825,1,3.12011671,0.0329704285
5871,5.871049,0,-0.208789825,1,3.11973333,0.0329704285
5872,5.872054,0,-0.0109901428,1,3.11934996,0.0109901428
5873,5.873112,0,-0.0109901428,1,3.12011671,0.0109901428
5874,5.874054,0,0.142860413,1,3.11973333,0.0329704285
5875,5.875050,0,0.142860413,1,3.11973333,0.0329704285
5876,5.876054,0,-0.0549468994,1,3.11973333,0.0329704285
5877,5.877056,0,-0.0549468994,1,3.11973333,0.0549468994
5878,5.878052,0,-0.274726868,1,1.54095554,0.098903656
5879,5.879053,0,-0.274726868,1,3.12011671,0.0329704285
5880,5.880050,0,0.098903656,1,3.12011671,-0.0109901428
5881,5.881063,0,0.098903656,1,3.11934996,-0.274726868
5882,5.882056,0,-0.0329666138,1,3.11858273,-0.516483307
5883,5.883053,0,-0.0329666138,1,3.11896658,-0.560440063
5884,5.884054,0,-0.340660095,1,3.11896658,-0.538459778
5885,5.885054,0,-0.340660095,1,3.11781597,-0.494506836
5886,5.886055,0,-0.296703339,1,3.11781597,-0.494506836
5887,5.887051,0,-0.296703339,1,3.11781597,-0.47252655
5888,5.888052,0,0.0329704285,1,3.11781597,-0.406593323
5889,5.889056,0,0.0329704285,1,3.11704874,-0.340660095
5890,5.890050,0,0.0549468994,1,1.54124308,0.142860413
5891,5.891054,0,0.0549468994,1,3.11704874,-0.296703339
5892,5.892064,0,-0.0329666138,1,3.11666536,-0.274726868
5893,5.893050,0,-0.0329666138,1,3.11599445,-0.384616852
5894,5.894055,0,-0.0549468994,1,3.11704874,-0.230770111
5895,5.895051,0,-0.0549468994,1,3.11704874,-0.142856598
5896,5.896055,0,0.0329704285,1,3.11628199,-0.0549468994
5897,5.897056,0,0.0329704285,1,3.11628199,-0.0329666138
5898,5.898052,0,-0.0329666138,1,3.11628199,-0.0109901428
5899,5.899053,0,-0.0329666138,1,3.11666536,0.0109901428
5900,5.900050,0,0.318683624,1,3.11628199,0.0769271851
5901,5.901051,0,0.318683624,1,3.11628199,0.0769271851
5902,5.902055,0,-0.0109901428,1,1.54143476,-0.274726868
5903,5.903060,0,-0.0109901428,1,3.11704874,0.120880127
5904,5.904053,0,0.0109901428,1,3.11666536,0.098903656
5905,5.905053,0,0.0109901428,1,3.11666536,-0.0549468994
5906,5.906054,0,-0.31867981,1,3.11704874,0.098903656
5907,5.907050,0,-0.31867981,1,3.11743259,0.164836884
5908,5.908052,0,-0.0988998413,1,3.11704874,0.230770111
5909,5.909050,0,-0.0988998413,1,3.11704874,0.20879364
5910,5.910052,0,-0.208789825,1,3.11743259,0.164836884
5911,5.911056,0,-0.208789825,1,3.11781597,0.186817169
5912,5.912051,0,0.164836884,1,3.11743259,0.230770111
5913,5.913056,0,0.164836884,1,3.11743259,0.20879364
5914,5.914063,0,-0.142856598,1,3.11781597,0.186817169
5915,5.915053,0,-0.142856598,1,3.11819935,0.186817169
5916,5.916050,0,0.120880127,1,3.11819935,0.20879364
5917,5.917053,0,0.120880127,1,3.11819935,0.186817169
5918,5.918050,0,0.362640381,1,3.11819935,0.164836884
5919,5.919051,0,0.362640381,1,3.11819935,0.164836884
5920,5.920056,0,-0.31867981,1,3.11858273,0.164836884
5921,5.921050,0,-0.31867981,1,3.11819935,0.164836884
5922,5.922055,0,0.0109901428,1,3.11858273,0.142860413
5923,5.923049,0,0.0109901428,1,3.11896658,0.142860413
5924,5.924079,0,-0.0329666138,1,3.11896658,0.142860413
5925,5.925057,0,-0.0329666138,1,3.11858273,0.142860413
5926,5.926052,0,0.0109901428,1,3.11896658,0.120880127
5927,5.927057,0,0.0109901428,1,3.11934996,0.120880127
5928,5.928051,0,-0.0329666138,1,3.11934996,0.120880127
5929,5.929056,0,-0.0329666138,1,3.11896658,0.120880127
5930,5.930059,0,-0.120880127,1,3.11934996,0.098903656
5931,5.931054,0,-0.120880127,1,3.11934996,0.098903656
5932,5.932051,0,-0.0769233704,1,3.11934996,0.098903656
5933,5.933053,0,-0.0769233704,1,3.11934996,0.0769271851
5934,5.934100,0,-0.186813354,1,3.11973333,0.0769271851
5935,5.935092,0,-0.186813354,1,3.11973333,0.0769271851
5936,5.936131,0,-0.0109901428,1,3.11934996,0.0769271851
5937,5.937082,0,-0.0109901428,1,3.11934996,0.0329704285
5938,5.938115,0,0.20879364,1,3.11934996,0.0109901428
5939,5.939124,0,0.20879364,1,3.11973333,-0.0109901428
5940,5.940077,0,0.0769271851,1,3.11934996,-0.0109901428
5941,5.941053,0,0.0769271851,1,3.11934996,-0.0329666138
5942,5.942057,0,-0.186813354,1,3.11934996,-0.0329666138
5943,5.943051,0,-0.186813354,1,3.11973333,-0.0329666138
5944,5.944055,0,0.0329704285,1,3.11934996,-0.0109901428
5945,5.945051,0,0.0329704285,1,3.11973333,-0.0329666138
5946,5.946055,0,0.120880127,1,3.11973333,-0.0109901428
5947,5.947056,0,0.120880127,1,3.11934996,-0.0109901428
5948,5.948063,0,0.0109901428,1,1.54105139,0.186817169
5949,5.949050,0,0.0109901428,1,3.11973333,-0.0109901428
5950,5.950054,0,0.0109901428,1,3.11934996,-0.0549468994
5951,5.951055,0,0.0109901428,1,3.11896658,-0.230770111
5952,5.952051,0,-0.274726868,1,3.11973333,-0.0769233704
5953,5.953052,0,-0.274726868,1,3.11973333,-0.0329666138
5954,5.954056,0,-0.0109901428,1,3.11896658,0.0109901428
5955,5.955052,0,-0.0109901428,1,3.11934996,-0.0329666138
5956,5.956057,0,-0.164836884,1,3.11934996,-0.0109901428
5957,5.957050,0,-0.164836884,1,3.11973333,0.0109901428
5958,5.958104,0,0.120880127,1,3.11934996,0.0329704285
5959,5.959050,0,0.120880127,1,3.11973333,0.0329704285
5960,5.960051,0,-0.0769233704,1,1.54105139,0.0549468994
5961,5.961055,0,-0.0769233704,1,3.11973333,0.0769271851
5962,5.962057,0,0.0109901428,1,3.11973333,0.0329704285
5963,5.963053,0,0.0109901428,1,3.11934996,-0.142856598
5964,5.964054,0,-0.0329666138,1,3.12050056,-0.0109901428
5965,5.965054,0,-0.0329666138,1,3.12050056,0.0549468994
5966,5.966055,0,0.142860413,1,3.11973333,0.098903656
5967,5.967051,0,0.142860413,1,3.11934996,0.0769271851
5968,5.968052,0,0.0109901428,1,3.12011671,0.0329704285
5969,5.969062,0,0.0109901428,1,3.12050056,0.0769271851
5970,5.970054,0,0.0769271851,1,3.12011671,0.098903656
5971,5.971056,0,0.0769271851,1,3.12011671,0.0769271851
5972,5.972052,0,-0.186813354,1,3.12050056,0.0769271851
5973,5.973054,0,-0.186813354,1,3.12088394,0.098903656
5974,5.974051,0,-0.186813354,1,3.12050056,0.120880127
5975,5.975056,0,-0.186813354,1,3.12050056,0.098903656
5976,5.976053,0,0.0329704285,1,3.12088394,0.0769271851
5977,5.977055,0,0.0329704285,1,3.12126732,0.0769271851
5978,5.978052,0,0.20879364,1,3.12088394,0.120880127
5979,5.979054,0,0.20879364,1,3.12088394,0.098903656
5980,5.980158,0,0.0769271851,1,3.12126732,0.0769271851
5981,5.981055,0,0.0769271851,1,3.1216507,0.098903656
5982,5.982050,0,0.142860413,1,3.12126732,0.120880127
5983,5.983062,0,0.142860413,1,3.1216507,0.120880127
5984,5.984057,0,-0.0329666138,1,3.1216507,0.120880127
5985,5.985057,0,-0.0329666138,1,3.12203455,0.120880127
5986,5.986051,0,-0.164836884,1,3.12203455,0.142860413
5987,5.987056,0,-0.164836884,1,3.1216507,0.120880127
5988,5.988050,0,0.252750397,1,3.12203455,0.098903656
5989,5.989055,0,0.252750397,1,3.1216507,0.0769271851
5990,5.990049,0,-0.208789825,1,3.12203455,0.0769271851
5991,5.991059,0,-0.208789825,1,3.12203455,0.0769271851
5992,5.992053,0,-0.0329666138,1,3.12203455,0.0329704285
5993,5.993050,0,-0.0329666138,1,3.12203455,0.0329704285
5994,5.994052,0,0.120880127,1,3.12203455,0.0329704285
5995,5.995052,0,0.120880127,1,3.12203455,0.0109901428
5996,5.996054,0,-0.0329666138,1,3.12203455,0.0109901428
5997,5.997052,0,-0.0329666138,1,3.12241793,0.0109901428
5998,5.998053,0,0.120880127,1,3.12203455,0.0109901428
5999,5.999050,0,0.120880127,1,3.12241793,0.0109901428
6000,6.000052,0,-0.0109901428,1,3.12203455,0.0329704285
6001,6.001195,0,-0.0109901428,1,3.12203455,0.0109901428
6002,6.002054,0,0.0549468994,1,3.12241793,0.0109901428
6003,6.003056,0,0.0549468994,1,3.12203455,0.0329704285
6004,6.004051,0,-0.0329666138,1,3.12241793,0.0109901428
6005,6.005055,0,-0.0329666138,1,3.12241793,0.0109901428
6006,6.006051,0,0.120880127,1,1.54124308,0.0109901428
6007,6.007052,0,0.120880127,1,3.12241793,-0.0109901428
6008,6.008056,0,-0.0769233704,1,3.12203455,-0.0549468994
6009,6.009050,0,-0.0769233704,1,3.1216507,-0.208789825
6010,6.010054,0,-0.0109901428,1,3.1228013,-0.0769233704
6011,6.011055,0,-0.0109901428,1,3.12241793,-0.0329666138
6012,6.012060,0,-0.0988998413,1,3.12203455,-0.0109901428
6013,6.013057,0,-0.0988998413,1,3.12203455,-0.0109901428
6014,6.014051,0,-0.142856598,1,3.12318468,-0.0329666138
6015,6.015050,0,-0.142856598,1,3.1228013,0.0329704285
6016,6.016051,0,0.0769271851,1,3.1228013,0.0769271851
6017,6.017055,0,0.0769271851,1,3.12241793,0.0769271851
6018,6.018056,0,-0.0988998413,1,1.54095554,0.0549468994
6019,6.019053,0,-0.0988998413,1,3.1228013,0.0549468994
6020,6.020054,0,-0.0329666138,1,3.12241793,0.0329704285
6021,6.021051,0,-0.0329666138,1,3.12203455,-0.230770111
6022,6.022052,0,-0.0109901428,1,3.1216507,-0.47252655
6023,6.023058,0,-0.0109901428,1,3.12241793,-0.516483307
6024,6.024054,0,0.0549468994,1,3.12203455,-0.47252655
6025,6.025051,0,0.0549468994,1,3.12126732,-0.428569794
6026,6.026055,0,0.230770111,1,3.12126732,-0.450550079
6027,6.027056,0,0.230770111,1,3.12088394,-0.406593323
6028,6.028053,0,-0.0769233704,1,3.12088394,-0.340660095
6029,6.029054,0,-0.0769233704,1,3.12011671,-0.296703339
6030,6.030050,0,0.0329704285,1,1.54105139,-0.296703339
6031,6.031051,0,0.0329704285,1,3.12050056,-0.252746582
6032,6.032055,0,-0.120880127,1,3.12011671,-0.230770111
6033,6.033056,0,-0.120880127,1,3.11934996,-0.340660095
6034,6.034058,0,-0.120880127,1,3.12011671,-0.186813354
6035,6.035053,0,-0.120880127,1,3.12050056,-0.0988998413
6036,6.036054,0,-0.142856598,1,3.11973333,0.0109901428
6037,6.037051,0,-0.142856598,1,3.11973333,0.0329704285
6038,6.038052,0,-0.0329666138,1,3.12011671,0.0329704285
6039,6.039056,0,-0.0329666138,1,3.12011671,0.0769271851
6040,6.040050,0,-0.0988998413,1,3.12050056,0.120880127
6041,6.041055,0,-0.0988998413,1,3.12011671,0.120880127
6042,6.042049,0,-0.230770111,1,3.12011671,0.120880127
6043,6.043054,0,-0.230770111,1,3.12088394,0.142860413
6044,6.044056,0,-0.0549468994,1,3.12088394,0.164836884
6045,6.045064,0,-0.0549468994,1,3.12050056,0.164836884
6046,6.046051,0,-0.0549468994,1,3.12088394,0.164836884
6047,6.047056,0,-0.0549468994,1,3.12088394,0.186817169
6048,6.048050,0,0.142860413,1,3.12088394,0.20879364
6049,6.049054,0,0.142860413,1,3.12088394,0.186817169
6050,6.050056,0,0.120880127,1,3.12126732,0.164836884
6051,6.051054,0,0.120880127,1,3.12126732,0.164836884
6052,6.052055,0,0.164836884,1,3.1216507,0.20879364
6053,6.053053,0,0.164836884,1,3.1216507,0.186817169
6054,6.054055,0,-0.186813354,1,3.1216507,0.164836884
6055,6.055116,0,-0.186813354,1,3.12203455,0.186817169
6056,6.056056,0,0.164836884,1,3.1216507,0.186817169
6057,6.057050,0,0.164836884,1,3.1216507,0.164836884
6058,6.058055,0,-0.0109901428,1,3.12203455,0.142860413
6059,6.059057,0,-0.0109901428,1,3.12203455,0.142860413
6060,6.060054,0,-0.0769233704,1,3.12203455,0.142860413
6061,6.061056,0,-0.0769233704,1,3.12241793,0.120880127
6062,6.062054,0,0.0109901428,1,3.12203455,0.0769271851
6063,6.063055,0,0.0109901428,1,3.12241793,0.0769271851
6064,6.064053,0,-0.0329666138,1,3.12241793,0.0769271851
6065,6.065049,0,-0.0329666138,1,3.1228013,0.0769271851
6066,6.066062,0,-0.0329666138,1,3.12241793,0.0769271851
6067,6.067053,0,-0.0329666138,1,3.1228013,0.0769271851
6068,6.068055,0,0.164836884,1,3.1228013,0.0769271851
6069,6.069052,0,0.164836884,1,3.1228013,0.0549468994
6070,6.070053,0,-0.164836884,1,3.12241793,0.0549468994
6071,6.071056,0,-0.164836884,1,3.12241793,0.0329704285
6072,6.072049,0,0.098903656,1,3.12241793,0.0329704285
6073,6.073053,0,0.098903656,1,3.1228013,-0.0109901428
6074,6.074055,0,0.0109901428,1,3.1228013,-0.0109901428
6075,6.075054,0,0.0109901428,1,3.12241793,-0.0109901428
6076,6.076055,0,-0.0549468994,1,1.54114723,-0.186813354
6077,6.077078,0,-0.0549468994,1,3.12241793,-0.0109901428
6078,6.078052,0,0.0769271851,1,3.12241793,-0.0769233704
6079,6.079054,0,0.0769271851,1,3.12203455,-0.31867981
6080,6.080050,0,0.0549468994,1,3.1216507,-0.560440063
6081,6.081051,0,0.0549468994,1,3.1216507,-0.60439682
6082,6.082055,0,-0.164836884,1,3.1216507,-0.560440063
6083,6.083056,0,-0.164836884,1,3.12088394,-0.494506836
6084,6.084053,0,0.230770111,1,3.12050056,-0.516483307
6085,6.085050,0,0.230770111,1,3.12011671,-0.494506836
6086,6.086054,0,0.0549468994,1,3.11973333,-0.428569794
6087,6.087055,0,0.0549468994,1,3.11973333,-0.384616852
6088,6.088106,0,-0.120880127,1,1.54095554,-0.692306519
6089,6.089056,0,-0.120880127,1,3.11973333,-0.296703339
6090,6.090050,0,0.0329704285,1,3.11934996,-0.274726868
6091,6.091054,0,0.0329704285,1,3.11858273,-0.47252655
6092,6.092055,0,-0.208789825,1,3.11819935,-0.670330048
6093,6.093052,0,-0.208789825,1,3.11858273,-0.670330048
6094,6.094061,0,-0.0329666138,1,3.11858273,-0.582416534
6095,6.095053,0,-0.0329666138,1,3.11704874,-0.494506836
6096,6.096055,0,-0.252746582,1,3.11704874,-0.47252655
6097,6.097051,0,-0.252746582,1,3.11704874,-0.428569794
6098,6.098052,0,-0.120880127,1,3.11704874,-0.362636566
6099,6.099058,0,-0.120880127,1,3.11628199,-0.274726868
6100,6.100052,0,0.0769271851,1,3.11599445,-0.252746582
6101,6.101056,0,0.0769271851,1,3.11599445,-0.230770111
6102,6.102050,0,-0.208789825,1,3.11599445,-0.164836884
6103,6.103054,0,-0.208789825,1,3.1156106,-0.120880127
6104,6.104055,0,0.0769271851,1,3.11522722,-0.0988998413
6105,6.105055,0,0.0769271851,1,3.11599445,-0.0769233704
6106,6.106049,0,0.098903656,1,3.1156106,-0.0109901428
6107,6.107054,0,0.098903656,1,3.1156106,0.0329704285
6108,6.108056,0,-0.0329666138,1,3.1156106,0.0549468994
6109,6.109054,0,-0.0329666138,1,3.11599445,0.098903656
6110,6.110063,0,0.0549468994,1,3.1156106,0.120880127
6111,6.111050,0,0.0549468994,1,3.1156106,0.164836884
6112,6.112055,0,0.0329704285,1,3.1156106,0.164836884
6113,6.113057,0,0.0329704285,1,3.11599445,0.164836884
6114,6.114054,0,-0.0329666138,1,3.11628199,0.186817169
6115,6.115051,0,-0.0329666138,1,3.11628199,0.20879364
6116,6.116056,0,-0.120880127,1,3.11628199,0.20879364
6117,6.117051,0,-0.120880127,1,3.11628199,0.20879364
6118,6.118056,0,-0.120880127,1,3.11666536,0.20879364
6119,6.119050,0,-0.120880127,1,3.11666536,0.230770111
6120,6.120086,0,0.340660095,1,3.11704874,0.230770111
6121,6.121052,0,0.340660095,1,3.11666536,0.230770111
6122,6.122055,0,-0.186813354,1,3.11704874,0.230770111
6123,6.123052,0,-0.186813354,1,3.11704874,0.20879364
6124,6.124054,0,0.0549468994,1,3.11704874,0.20879364
6125,6.125054,0,0.0549468994,1,3.11704874,0.186817169
6126,6.126056,0,-0.296703339,1,3.11704874,0.164836884
6127,6.127053,0,-0.296703339,1,3.11704874,0.164836884
6128,6.128055,0,0.230770111,1,3.11743259,0.142860413
6129,6.129052,0,0.230770111,1,3.11743259,0.120880127
6130,6.130054,0,-0.0329666138,1,3.11743259,0.120880127
6131,6.131061,0,-0.0329666138,1,3.11743259,0.098903656
6132,6.132051,0,0.120880127,1,3.11743259,0.0769271851
6133,6.133054,0,0.120880127,1,3.11743259,0.0769271851
6134,6.134051,0,0.0109901428,1,1.54114723,0.20879364
6135,6.135054,0,0.0109901428,1,3.11743259,0.0549468994
6136,6.136050,0,-0.274726868,1,3.11743259,-0.0109901428
6137,6.137050,0,-0.274726868,1,3.11743259,-0.164836884
6138,6.138054,0,-0.186813354,1,3.11819935,-0.0329666138
6139,6.139055,0,-0.186813354,1,3.11781597,0.0549468994
6140,6.140052,0,0.186817169,1,3.11781597,0.0769271851
6141,6.141078,0,0.186817169,1,3.11743259,0.0549468994
6142,6.142064,0,0.0109901428,1,3.11819935,0.0549468994
6143,6.143050,0,0.0109901428,1,3.11858273,0.098903656
6144,6.144054,0,-0.208789825,1,3.11819935,0.142860413
6145,6.145107,0,-0.208789825,1,3.11819935,0.120880127
6146,6.146057,0,-0.296703339,1,1.54105139,0.230770111
6147,6.147050,0,-0.296703339,1,3.11858273,0.142860413
6148,6.148054,0,-0.164836884,1,3.11819935,0.0769271851
6149,6.149056,0,-0.164836884,1,3.11781597,-0.186813354
6150,6.150052,0,0.164836884,1,3.11858273,-0.0988998413
6151,6.151053,0,0.164836884,1,3.11858273,-0.0329666138
6152,6.152164,0,0.164836884,1,3.11781597,-0.0109901428
6153,6.153052,0,0.164836884,1,3.11819935,-0.0549468994
6154,6.154054,0,0.362640381,1,3.11858273,-0.0769233704
6155,6.155053,0,0.362640381,1,3.11896658,-0.0109901428
6156,6.156054,0,0.0109901428,1,3.11819935,0.0109901428
6157,6.157051,0,0.0109901428,1,3.11819935,0.0109901428
6158,6.158052,0,0.0549468994,1,1.54076385,0.0109901428
6159,6.159056,0,0.0549468994,1,3.11896658,0.0329704285
6160,6.160050,0,-0.516483307,1,3.11858273,0.0109901428
6161,6.161054,0,-0.516483307,1,3.11781597,-0.230770111
6162,6.162055,0,0.0769271851,1,3.11743259,-0.494506836
6163,6.163061,0,0.0769271851,1,3.11819935,-0.516483307
6164,6.164055,0,0.142860413,1,3.11819935,-0.450550079
6165,6.165055,0,0.142860413,1,3.11666536,-0.406593323
6166,6.166056,0,-0.120880127,1,3.11666536,-0.428569794
6167,6.167052,0,-0.120880127,1,3.11704874,-0.406593323
6168,6.168053,0,0.274726868,1,3.11628199,-0.340660095
6169,6.169049,0,0.274726868,1,3.11599445,-0.296703339
6170,6.170051,0,-0.120880127,1,3.11599445,-0.296703339
6171,6.171056,0,-0.120880127,1,3.11599445,-0.252746582
6172,6.172050,0,0.164836884,1,3.11599445,-0.186813354
6173,6.173084,0,0.164836884,1,3.11599445,-0.142856598
6174,6.174055,0,-0.0769233704,1,3.1156106,-0.120880127
6175,6.175053,0,-0.0769233704,1,3.11599445,-0.0769233704
6176,6.176050,0,0.142860413,1,3.1156106,-0.0329666138
6177,6.177052,0,0.142860413,1,3.1156106,0.0109901428
6178,6.178057,0,-0.186813354,1,3.11599445,0.0109901428
6179,6.179051,0,-0.186813354,1,3.11599445,0.0549468994
6180,6.180056,0,0.098903656,1,3.11599445,0.098903656
6181,6.181050,0,0.098903656,1,3.11599445,0.098903656
6182,6.182055,0,-0.0329666138,1,3.11599445,0.098903656
6183,6.183049,0,-0.0329666138,1,3.11599445,0.098903656
6184,6.184064,0,0.0329704285,1,3.11628199,0.120880127
6185,6.185056,0,0.0329704285,1,3.11599445,0.142860413
6186,6.186051,0,-0.0769233704,1,3.11628199,0.120880127
6187,6.187056,0,-0.0769233704,1,3.11666536,0.142860413
6188,6.188050,0,-0.0549468994,1,3.11628199,0.164836884
6189,6.189055,0,-0.0549468994,1,3.11666536,0.164836884
6190,6.190057,0,-0.120880127,1,3.11666536,0.164836884
6191,6.191180,0,-0.120880127,1,3.11704874,0.164836884
6192,6.192165,0,0.142860413,1,3.11666536,0.186817169
6193,6.193118,0,0.142860413,1,3.11704874,0.164836884
6194,6.194077,0,-0.0769233704,1,3.11666536,0.164836884
6195,6.195091,0,-0.0769233704,1,3.11704874,0.142860413
6196,6.196214,0,0.296707153,1,3.11704874,0.142860413
6197,6.197182,0,0.296707153,1,3.11704874,0.142860413
6198,6.198056,0,-0.164836884,1,3.11704874,0.120880127
6199,6.199051,0,-0.164836884,1,3.11704874,0.120880127
6200,6.200055,0,-0.0329666138,1,3.11743259,0.098903656
6201,6.201055,0,-0.0329666138,1,3.11743259,0.098903656
6202,6.202051,0,0.186817169,1,3.11743259,0.0769271851
6203,6.203052,0,0.186817169,1,3.11743259,0.0769271851
6204,6.204056,0,-0.164836884,1,1.5408597,-0.120880127
6205,6.205053,0,-0.164836884,1,3.11743259,0.0329704285
6206,6.206064,0,-0.142856598,1,3.11743259,-0.0329666138
6207,6.207053,0,-0.142856598,1,3.11666536,-0.274726868
6208,6.208054,0,0.230770111,1,3.11743259,-0.164836884
6209,6.209051,0,0.230770111,1,3.11743259,-0.120880127
6210,6.210052,0,-0.274726868,1,3.11666536,-0.0549468994
6211,6.211056,0,-0.274726868,1,3.11666536,-0.0988998413
6212,6.212057,0,0.20879364,1,3.11704874,-0.0988998413
6213,6.213054,0,0.20879364,1,3.11743259,-0.0549468994
6214,6.214055,0,-0.120880127,1,3.11666536,-0.0109901428
6215,6.215054,0,-0.120880127,1,3.11704874,-0.0329666138
6216,6.216055,0,-0.0988998413,1,1.54114723,-0.0109901428
6217,6.217060,0,-0.0988998413,1,3.11743259,0.0109901428
6218,6.218054,0,-0.142856598,1,3.11704874,-0.0109901428
6219,6.219050,0,-0.142856598,1,3.11666536,-0.164836884
6220,6.220051,0,-0.0549468994,1,3.11781597,-0.0549468994
6221,6.221056,0,-0.0549468994,1,3.11743259,0.0109901428
6222,6.222057,0,0.120880127,1,3.11704874,0.0549468994
6223,6.223053,0,0.120880127,1,3.11704874,0.0549468994
6224,6.224054,0,0.252750397,1,3.11743259,0.0329704285
6225,6.225054,0,0.252750397,1,3.11781597,0.0769271851
6226,6.226055,0,-0.0769233704,1,3.11743259,0.120880127
6227,6.227086,0,-0.0769233704,1,3.11743259,0.120880127
6228,6.228052,0,-0.0109901428,1,3.11781597,0.098903656
6229,6.229054,0,-0.0109901428,1,3.11781597,0.120880127
6230,6.230050,0,-0.252746582,1,3.11781597,0.120880127
6231,6.231051,0,-0.252746582,1,3.11781597,0.120880127
6232,6.232055,0,-0.142856598,1,3.11819935,0.098903656
6233,6.233056,0,-0.142856598,1,3.11819935,0.120880127
6234,6.234053,0,0.098903656,1,3.11819935,0.120880127
6235,6.235057,0,0.098903656,1,3.11781597,0.098903656
6236,6.236054,0,-0.0109901428,1,3.11858273,0.0769271851
6237,6.237056,0,-0.0109901428,1,3.11858273,0.098903656
6238,6.238113,0,-0.120880127,1,3.11819935,0.098903656
6239,6.239056,0,-0.120880127,1,3.11819935,0.0769271851
6240,6.240051,0,-0.0769233704,1,3.11858273,0.0549468994
6241,6.241056,0,-0.0769233704,1,3.11858273,0.0769271851
6242,6.242050,0,-0.0988998413,1,3.11858273,0.0769271851
6243,6.243055,0,-0.0988998413,1,3.11858273,0.0549468994
6244,6.244049,0,-0.31867981,1,3.11858273,0.0549468994
6245,6.245050,0,-0.31867981,1,3.11858273,0.0549468994
6246,6.246052,0,-0.142856598,1,3.11858273,0.0549468994
6247,6.247057,0,-0.142856598,1,3.11858273,0.0329704285
6248,6.248051,0,-0.0769233704,1,3.11896658,0.0109901428
6249,6.249059,0,-0.0769233704,1,3.11858273,0.0329704285
6250,6.250053,0,-0.142856598,1,3.11858273,0.0329704285
6251,6.251061,0,-0.142856598,1,3.11858273,0.0109901428
6252,6.252056,0,0.164836884,1,3.11858273,0.0109901428
6253,6.253053,0,0.164836884,1,3.11896658,-0.0109901428
6254,6.254055,0,-0.0109901428,1,3.11896658,-0.0109901428
6255,6.255056,0,-0.0109901428,1,3.11896658,0.0109901428
6256,6.256050,0,0.0109901428,1,3.11896658,0.0109901428
6257,6.257055,0,0.0109901428,1,3.11858273,0.0109901428
6258,6.258057,0,-0.0109901428,1,3.11896658,0.0109901428
6259,6.259097,0,-0.0109901428,1,3.11858273,0.0109901428
6260,6.260052,0,0.20879364,1,3.11858273,-0.0109901428
6261,6.261055,0,0.20879364,1,3.11858273,-0.0109901428
6262,6.262052,0,0.120880127,1,1.54095554,-0.0109901428
6263,6.263054,0,0.120880127,1,3.11858273,-0.0109901428
6264,6.264051,0,0.0769271851,1,3.11858273,-0.0769233704
6265,6.265056,0,0.0769271851,1,3.11858273,-0.230770111
6266,6.266052,0,-0.362636566,1,3.11896658,-0.0988998413
6267,6.267052,0,-0.362636566,1,3.11896658,-0.0329666138
6268,6.268056,0,0.318683624,1,3.11781597,0.0109901428
6269,6.269050,0,0.318683624,1,3.11858273,-0.0329666138
6270,6.270155,0,-0.120880127,1,3.11858273,-0.0329666138
6271,6.271052,0,-0.120880127,1,3.11896658,-0.0109901428
6272,6.272053,0,-0.164836884,1,3.11858273,0.0329704285
6273,6.273049,0,-0.164836884,1,3.11858273,0.0329704285
6274,6.274051,0,0.120880127,1,1.5408597,-0.0109901428
6275,6.275050,0,0.120880127,1,3.11858273,0.0329704285
6276,6.276051,0,-0.0329666138,1,3.11858273,-0.0109901428
6277,6.277056,0,-0.0329666138,1,3.11819935,-0.252746582
6278,6.278057,0,-0.120880127,1,3.11896658,-0.142856598
6279,6.279053,0,-0.120880127,1,3.11934996,-0.0769233704
6280,6.280054,0,0.164836884,1,3.11858273,-0.0109901428
6281,6.281061,0,0.164836884,1,3.11858273,-0.0329666138
6282,6.282055,0,-0.142856598,1,3.11896658,-0.0329666138
6283,6.283051,0,-0.142856598,1,3.11896658,-0.0109901428
6284,6.284052,0,-0.0988998413,1,3.11858273,0.0329704285
6285,6.285052,0,-0.0988998413,1,3.11858273,0.0329704285
6286,6.286053,0,-0.0769233704,1,1.54124308,-0.340660095
6287,6.287057,0,-0.0769233704,1,3.11934996,0.0329704285
6288,6.288050,0,-0.120880127,1,3.11858273,0.0109901428
6289,6.289054,0,-0.120880127,1,3.11781597,-0.230770111
6290,6.290055,0,-0.0549468994,1,3.11896658,-0.120880127
6291,6.291141,0,-0.0549468994,1,3.11934996,-0.0769233704
6292,6.292053,0,0.20879364,1,3.11858273,0.0109901428
6293,6.293055,0,0.20879364,1,3.11781597,0.0109901428
6294,6.294051,0,0.0109901428,1,3.11858273,-0.0549468994
6295,6.295055,0,0.0109901428,1,3.11896658,-0.0109901428
6296,6.296052,0,-0.230770111,1,3.11858273,0.0549468994
6297,6.297052,0,-0.230770111,1,3.11858273,0.0549468994
6298,6.298057,0,-0.0329666138,1,3.11896658,0.0329704285
6299,6.299050,0,-0.0329666138,1,3.11896658,0.0549468994
6300,6.300054,0,0.098903656,1,3.11858273,0.0769271851
6301,6.301056,0,0.098903656,1,3.11858273,0.0769271851
6302,6.302064,0,-0.0549468994,1,3.11934996,0.0549468994
6303,6.303059,0,-0.0549468994,1,3.11934996,0.0769271851
6304,6.304053,0,0.230770111,1,3.11896658,0.120880127
6305,6.305054,0,0.230770111,1,3.11934996,0.098903656
6306,6.306056,0,0.098903656,1,3.11934996,0.098903656
6307,6.307053,0,0.098903656,1,3.11973333,0.0769271851
6308,6.308055,0,-0.0769233704,1,3.11934996,0.120880127
6309,6.309052,0,-0.0769233704,1,3.11934996,0.120880127
6310,6.310054,0,-0.0329666138,1,3.11934996,0.0769271851
6311,6.311051,0,-0.0329666138,1,3.11973333,0.0549468994
6312,6.312082,0,-0.0988998413,1,3.11973333,0.0769271851
6313,6.313053,0,-0.0988998413,1,3.11973333,0.0769271851
6314,6.314055,0,0.142860413,1,3.11973333,0.0549468994
6315,6.315056,0,0.142860413,1,3.11934996,0.0549468994
6316,6.316050,0,-0.0549468994,1,3.11973333,0.0549468994
6317,6.317055,0,-0.0549468994,1,3.11934996,0.0549468994
6318,6.318049,0,0.0109901428,1,3.11973333,0.0329704285
6319,6.319054,0,0.0109901428,1,3.12011671,0.0329704285
6320,6.320056,0,0.318683624,1,3.11973333,0.0549468994
6321,6.321053,0,0.318683624,1,3.11973333,0.0549468994
6322,6.322055,0,-0.164836884,1,3.11973333,0.0329704285
6323,6.323059,0,-0.164836884,1,3.11973333,0.0329704285
6324,6.324056,0,0.0549468994,1,3.11973333,0.0329704285
6325,6.325054,0,0.0549468994,1,3.12011671,0.0109901428
6326,6.326051,0,0.0109901428,1,3.12011671,0.0329704285
6327,6.327053,0,0.0109901428,1,3.12011671,0.0109901428
6328,6.328050,0,0.164836884,1,3.12011671,0.0109901428
6329,6.329052,0,0.164836884,1,3.12011671,-0.0109901428
6330,6.330049,0,-0.0329666138,1,3.11973333,0.0109901428
6331,6.331051,0,-0.0329666138,1,3.12011671,0.0109901428
6332,6.332054,0,0.0109901428,1,1.54114723,-0.230770111
6333,6.333055,0,0.0109901428,1,3.12011671,0.0329704285
6334,6.334058,0,0.164836884,1,3.12011671,-0.0109901428
6335,6.335055,0,0.164836884,1,3.11934996,-0.274726868
6336,6.336051,0,-0.230770111,1,3.11934996,-0.516483307
6337,6.337052,0,-0.230770111,1,3.11973333,-0.538459778
6338,6.338056,0,-0.230770111,1,3.11896658,-0.494506836
6339,6.339049,0,-0.230770111,1,3.11819935,-0.47252655
6340,6.340054,0,0.0109901428,1,3.11781597,-0.47252655
6341,6.341055,0,0.0109901428,1,3.11819935,-0.47252655
6342,6.342052,0,0.20879364,1,3.11781597,-0.406593323
6343,6.343052,0,0.20879364,1,3.11743259,-0.340660095
6344,6.344090,0,-0.0549468994,1,1.54114723,-0.296703339
6345,6.345050,0,-0.0549468994,1,3.11704874,-0.296703339
6346,6.346052,0,-0.164836884,1,3.11704874,-0.296703339
6347,6.347056,0,-0.164836884,1,3.11628199,-0.47252655
6348,6.348057,0,0.164836884,1,3.11599445,-0.670330048
6349,6.349054,0,0.164836884,1,3.11628199,-0.692306519
6350,6.350055,0,0.098903656,1,3.11599445,-0.582416534
6351,6.351051,0,0.098903656,1,3.11484385,-0.494506836
6352,6.352052,0,0.0109901428,1,3.11446047,-0.494506836
6353,6.353056,0,0.0109901428,1,3.11484385,-0.450550079
6354,6.354063,0,0.0769271851,1,3.11484385,-0.362636566
6355,6.355115,0,0.0769271851,1,3.11407661,-0.274726868
6356,6.356053,0,0.120880127,1,3.11407661,-0.230770111
6357,6.357054,0,0.120880127,1,3.11369324,-0.208789825
6358,6.358050,0,0.0549468994,1,3.11369324,-0.142856598
6359,6.359051,0,0.0549468994,1,3.11369324,-0.0769233704
6360,6.360055,0,-0.0329666138,1,3.11330986,-0.0549468994
6361,6.361056,0,-0.0329666138,1,3.11369324,-0.0329666138
6362,6.362053,0,-0.296703339,1,3.11369324,0.0109901428
6363,6.363054,0,-0.296703339,1,3.11330986,0.0549468994
6364,6.364050,0,-0.164836884,1,3.11330986,0.0769271851
6365,6.365055,0,-0.164836884,1,3.11330986,0.0769271851
6366,6.366061,0,0.20879364,1,3.11369324,0.120880127
6367,6.367056,0,0.20879364,1,3.11369324,0.164836884
6368,6.368053,0,-0.340660095,1,3.11369324,0.164836884
6369,6.369055,0,-0.340660095,1,3.11407661,0.164836884
6370,6.370052,0,-0.0329666138,1,3.11407661,0.186817169
6371,6.371054,0,-0.0329666138,1,3.11369324,0.20879364
6372,6.372051,0,0.0549468994,1,3.11446047,0.186817169
6373,6.373053,0,0.0549468994,1,3.11446047,0.20879364
6374,6.374050,0,0.274726868,1,3.11446047,0.230770111
6375,6.375055,0,0.274726868,1,3.11484385,0.230770111
6376,6.376093,0,-0.0769233704,1,3.11446047,0.230770111
6377,6.377050,0,-0.0769233704,1,3.11522722,0.20879364
6378,6.378052,0,-0.0988998413,1,3.11484385,0.20879364
6379,6.379056,0,-0.0988998413,1,3.11484385,0.20879364
6380,6.380050,0,-0.142856598,1,3.11522722,0.186817169
6381,6.381056,0,-0.142856598,1,3.1156106,0.186817169
6382,6.382050,0,0.186817169,1,3.1156106,0.186817169
6383,6.383055,0,0.186817169,1,3.11522722,0.164836884
6384,6.384057,0,-0.384616852,1,3.1156106,0.142860413
6385,6.385057,0,-0.384616852,1,3.1156106,0.142860413
6386,6.386051,0,-0.0109901428,1,3.1156106,0.142860413
6387,6.387164,0,-0.0109901428,1,3.1156106,0.142860413
6388,6.388053,0,-0.186813354,1,3.1156106,0.142860413
6389,6.389056,0,-0.186813354,1,3.11599445,0.120880127
6390,6.390053,0,0.0109901428,1,1.5408597,0.120880127
6391,6.391055,0,0.0109901428,1,3.1156106,0.098903656
6392,6.392052,0,0.098903656,1,3.1156106,0.0109901428
6393,6.393054,0,0.098903656,1,3.1156106,-0.230770111
6394,6.394051,0,-0.186813354,1,3.11599445,-0.142856598
6395,6.395056,0,-0.186813354,1,3.1156106,-0.120880127
6396,6.396053,0,0.252750397,1,3.11522722,-0.0988998413
6397,6.397054,0,0.252750397,1,3.11484385,-0.120880127
6398,6.398057,0,-0.120880127,1,3.1156106,-0.120880127
6399,6.399051,0,-0.120880127,1,3.11599445,-0.0769233704
6400,6.400055,0,0.0329704285,1,3.11522722,-0.0109901428
6401,6.401056,0,0.0329704285,1,3.1156106,-0.0109901428
6402,6.402052,0,0.120880127,1,1.54105139,-0.0988998413
6403,6.403053,0,0.120880127,1,3.11599445,0.0329704285
6404,6.404050,0,-0.0769233704,1,3.1156106,0.0109901428
6405,6.405054,0,-0.0769233704,1,3.1156106,-0.164836884
6406,6.406051,0,-0.0329666138,1,3.11599445,-0.0329666138
6407,6.407052,0,-0.0329666138,1,3.11628199,0.0549468994
6408,6.408106,0,-0.0988998413,1,3.1156106,0.098903656
6409,6.409056,0,-0.0988998413,1,3.1156106,0.0769271851
6410,6.410059,0,-0.230770111,1,3.11628199,0.0549468994
6411,6.411053,0,-0.230770111,1,3.11628199,0.098903656
6412,6.412208,0,-0.120880127,1,3.11599445,0.120880127
6413,6.413088,0,-0.120880127,1,3.11628199,0.120880127
6414,6.414127,0,-0.0988998413,1,1.54066753,0.120880127
6415,6.415095,0,-0.0988998413,1,3.11666536,0.142860413
6416,6.416127,0,-0.0329666138,1,3.11628199,0.098903656
6417,6.417174,0,-0.0329666138,1,3.1156106,-0.164836884
6418,6.418130,0,0.186817169,1,3.11599445,-0.428569794
6419,6.419059,0,0.186817169,1,3.11628199,-0.47252655
6420,6.420056,0,-0.0988998413,1,3.1156106,-0.428569794
6421,6.421050,0,-0.0988998413,1,3.11484385,-0.406593323
6422,6.422054,0,-0.0109901428,1,3.11446047,-0.428569794
6423,6.423055,0,-0.0109901428,1,3.11484385,-0.406593323
6424,6.424052,0,0.0769271851,1,3.11446047,-0.340660095
6425,6.425055,0,0.0769271851,1,3.11369324,-0.274726868
6426,6.426052,0,0.0109901428,1,3.11407661,-0.274726868
6427,6.427053,0,0.0109901428,1,3.11407661,-0.230770111
6428,6.428049,0,-0.0329666138,1,3.11407661,-0.164836884
6429,6.429051,0,-0.0329666138,1,3.11369324,-0.120880127
6430,6.430063,0,0.142860413,1,3.11330986,-0.0988998413
6431,6.431049,0,0.142860413,1,3.11407661,-0.0988998413
6432,6.432054,0,0.0329704285,1,3.11407661,-0.0329666138
6433,6.433056,0,0.0329704285,1,3.11369324,0.0109901428
6434,6.434053,0,-0.0329666138,1,3.11369324,0.0109901428
6435,6.435050,0,-0.0329666138,1,3.11407661,0.0329704285
6436,6.436055,0,0.0769271851,1,3.11407661,0.0769271851
6437,6.437050,0,0.0769271851,1,3.11369324,0.098903656
6438,6.438055,0,-0.296703339,1,3.11407661,0.120880127
6439,6.439056,0,-0.296703339,1,3.11446047,0.142860413
6440,6.440104,0,0.0769271851,1,3.11446047,0.164836884
6441,6.441050,0,0.0769271851,1,3.11407661,0.186817169
6442,6.442052,0,-0.164836884,1,3.11446047,0.186817169
6443,6.443056,0,-0.164836884,1,3.11484385,0.186817169
6444,6.444051,0,0.186817169,1,3.11446047,0.186817169
6445,6.445051,0,0.186817169,1,3.11484385,0.186817169
6446,6.446053,0,-0.230770111,1,3.11484385,0.186817169
6447,6.447050,0,-0.230770111,1,3.11484385,0.164836884
6448,6.448052,0,0.0769271851,1,3.11484385,0.142860413
6449,6.449049,0,0.0769271851,1,3.11522722,0.120880127
6450,6.450051,0,0.098903656,1,3.11522722,0.120880127
6451,6.451085,0,0.098903656,1,3.11522722,0.120880127
6452,6.452054,0,0.164836884,1,3.11484385,0.120880127
6453,6.453056,0,0.164836884,1,3.11522722,0.120880127
6454,6.454054,0,-0.186813354,1,3.11522722,0.098903656
6455,6.455051,0,-0.186813354,1,3.1156106,0.098903656
6456,6.456056,0,-0.0109901428,1,3.11522722,0.098903656
6457,6.457050,0,-0.0109901428,1,3.11522722,0.0769271851
6458,6.458054,0,-0.0109901428,1,3.1156106,0.0769271851
6459,6.459056,0,-0.0109901428,1,3.1156106,0.0769271851
6460,6.460054,0,-0.142856598,1,1.54076385,-0.274726868
6461,6.461056,0,-0.142856598,1,3.1156106,0.0549468994
6462,6.462061,0,0.142860413,1,3.1156106,-0.0109901428
6463,6.463060,0,0.142860413,1,3.11484385,-0.252746582
6464,6.464056,0,-0.0769233704,1,3.11446047,-0.47252655
6465,6.465053,0,-0.0769233704,1,3.11522722,-0.538459778
6466,6.466057,0,0.0549468994,1,3.11446047,-0.494506836
6467,6.467050,0,0.0549468994,1,3.11369324,-0.47252655
6468,6.468054,0,0.098903656,1,3.11330986,-0.47252655
6469,6.469056,0,0.098903656,1,3.11330986,-0.450550079
6470,6.470052,0,-0.230770111,1,3.11330986,-0.406593323
6471,6.471053,0,-0.230770111,1,3.11254263,-0.340660095
6472,6.472107,0,0.20879364,1,1.54105139,0.0329704285
6473,6.473052,0,0.20879364,1,3.11292648,-0.296703339
6474,6.474053,0,0.0109901428,1,3.11254263,-0.274726868
6475,6.475052,0,0.0109901428,1,3.11177588,-0.428569794
6476,6.476054,0,-0.0549468994,1,3.11215925,-0.274726868
6477,6.477050,0,-0.0549468994,1,3.11254263,-0.186813354
6478,6.478051,0,0.098903656,1,3.11215925,-0.0988998413
6479,6.479055,0,0.098903656,1,3.11177588,-0.0549468994
6480,6.480057,0,-0.142856598,1,3.11215925,-0.0329666138
6481,6.481053,0,-0.142856598,1,3.11254263,0.0329704285
6482,6.482054,0,0.186817169,1,3.11215925,0.098903656
6483,6.483126,0,0.186817169,1,3.11177588,0.120880127
6484,6.484053,0,-0.230770111,1,3.11254263,0.120880127
6485,6.485050,0,-0.230770111,1,3.11292648,0.142860413
6486,6.486054,0,0.0329704285,1,3.11215925,0.186817169
6487,6.487055,0,0.0329704285,1,3.11215925,0.186817169
6488,6.488052,0,-0.208789825,1,3.11254263,0.164836884
6489,6.489053,0,-0.208789825,1,3.11292648,0.164836884
6490,6.490057,0,-0.142856598,1,3.11292648,0.186817169
6491,6.491050,0,-0.142856598,1,3.11292648,0.186817169
6492,6.492054,0,0.362640381,1,3.11369324,0.186817169
6493,6.493056,0,0.362640381,1,3.11369324,0.20879364
6494,6.494058,0,-0.0988998413,1,3.11330986,0.20879364
6495,6.495055,0,-0.0988998413,1,3.11330986,0.20879364
6496,6.496051,0,-0.0988998413,1,3.11369324,0.186817169
6497,6.497052,0,-0.0988998413,1,3.11369324,0.186817169
6498,6.498049,0,-0.142856598,1,3.11369324,0.186817169
6499,6.499051,0,-0.142856598,1,3.11407661,0.164836884
6500,6.500056,0,0.20879364,1,3.11407661,0.164836884
6501,6.501051,0,0.20879364,1,3.11407661,0.142860413
6502,6.502056,0,0.20879364,1,3.11407661,0.120880127
6503,6.503050,0,0.20879364,1,3.11407661,0.120880127
6504,6.504091,0,-0.186813354,1,3.11446047,0.098903656
6505,6.505050,0,-0.186813354,1,3.11407661,0.098903656
6506,6.506052,0,-0.142856598,1,3.11407661,0.0769271851
6507,6.507049,0,-0.142856598,1,3.11407661,0.0769271851
6508,6.508051,0,-0.186813354,1,3.11407661,0.0549468994
6509,6.509057,0,-0.186813354,1,3.11446047,0.0549468994
6510,6.510051,0,0.0109901428,1,3.11446047,0.0549468994
6511,6.511056,0,0.0109901428,1,3.11446047,0.0549468994
6512,6.512050,0,0.098903656,1,3.11446047,0.0549468994
6513,6.513055,0,0.098903656,1,3.11446047,0.0549468994
6514,6.514057,0,-0.230770111,1,3.11484385,0.0549468994
6515,6.515087,0,-0.230770111,1,3.11484385,0.0769271851
6516,6.516054,0,0.274726868,1,3.11484385,0.0769271851
6517,6.517056,0,0.274726868,1,3.11446047,0.0549468994
6518,6.518054,0,-0.208789825,1,1.54124308,-0.296703339
6519,6.519055,0,-0.208789825,1,3.11484385,0.0549468994
6520,6.520053,0,0.142860413,1,3.11484385,-0.0109901428
6521,6.521054,0,0.142860413,1,3.11407661,-0.186813354
6522,6.522052,0,-0.0769233704,1,3.11484385,-0.0769233704
6523,6.523053,0,-0.0769233704,1,3.11484385,-0.0329666138
6524,6.524050,0,-0.0549468994,1,3.11446047,0.0109901428
6525,6.525056,0,-0.0549468994,1,3.11446047,-0.0329666138
6526,6.526063,0,0.0109901428,1,3.11484385,-0.0329666138
6527,6.527049,0,0.0109901428,1,3.11484385,-0.0109901428
6528,6.528053,0,0.098903656,1,3.11446047,0.0109901428
6529,6.529053,0,0.098903656,1,3.11446047,-0.0109901428
6530,6.530049,0,0.0549468994,1,1.54114723,-0.296703339
6531,6.531050,0,0.0549468994,1,3.11522722,0.0109901428
6532,6.532054,0,0.142860413,1,3.11484385,0.0109901428
6533,6.533056,0,0.142860413,1,3.11446047,-0.230770111
6534,6.534052,0,0.0109901428,1,3.11407661,-0.450550079
6535,6.535056,0,0.0109901428,1,3.11446047,-0.494506836
6536,6.536112,0,-0.0109901428,1,3.11407661,-0.450550079
6537,6.537055,0,-0.0109901428,1,3.11330986,-0.406593323
6538,6.538057,0,-0.296703339,1,3.11292648,-0.428569794
6539,6.539053,0,-0.296703339,1,3.11330986,-0.406593323
6540,6.540054,0,-0.0329666138,1,3.11292648,-0.340660095
6541,6.541051,0,-0.0329666138,1,3.11215925,-0.274726868
6542,6.542052,0,-0.0549468994,1,1.54114723,-0.648349762
6543,6.543056,0,-0.0549468994,1,3.11254263,-0.252746582
6544,6.544049,0,-0.362636566,1,3.11254263,-0.230770111
6545,6.545056,0,-0.362636566,1,3.1113925,-0.428569794
6546,6.546050,0,-0.186813354,1,3.1113925,-0.626373291
6547,6.547124,0,-0.186813354,1,3.11177588,-0.626373291
6548,6.548051,0,-0.230770111,1,3.1113925,-0.516483307
6549,6.549052,0,-0.230770111,1,3.11062527,-0.450550079
6550,6.550057,0,-0.0109901428,1,3.10985851,-0.450550079
6551,6.551050,0,-0.0109901428,1,3.11024189,-0.428569794
6552,6.552054,0,-0.0769233704,1,3.11024189,-0.340660095
6553,6.553055,0,-0.0769233704,1,3.10909128,-0.252746582
6554,6.554051,0,-0.31867981,1,3.10880375,-0.252746582
6555,6.555055,0,-0.31867981,1,3.10909128,-0.252746582
6556,6.556051,0,0.186817169,1,3.10880375,-0.186813354
6557,6.557053,0,0.186817169,1,3.10842037,-0.142856598
6558,6.558060,0,0.098903656,1,3.10880375,-0.0988998413
6559,6.559053,0,0.098903656,1,3.10909128,-0.0769233704
6560,6.560050,0,0.0109901428,1,3.10880375,0.0109901428
6561,6.561051,0,0.0109901428,1,3.10880375,0.0549468994
6562,6.562055,0,-0.120880127,1,3.10880375,0.0769271851
6563,6.563056,0,-0.120880127,1,3.10909128,0.098903656
6564,6.564054,0,0.230770111,1,3.10909128,0.142860413
6565,6.565051,0,0.230770111,1,3.10909128,0.164836884
6566,6.566056,0,-0.142856598,1,3.10909128,0.186817169
6567,6.567050,0,-0.142856598,1,3.10947466,0.20879364
6568,6.568097,0,-0.0769233704,1,3.10947466,0.230770111
6569,6.569057,0,-0.0769233704,1,3.10909128,0.230770111
6570,6.570062,0,0.296707153,1,3.10985851,0.230770111
6571,6.571057,0,0.296707153,1,3.10947466,0.230770111
6572,6.572054,0,-0.186813354,1,3.10985851,0.230770111
6573,6.573056,0,-0.186813354,1,3.10947466,0.230770111
6574,6.574053,0,-0.186813354,1,3.10985851,0.186817169
6575,6.575050,0,-0.186813354,1,3.10985851,0.186817169
6576,6.576055,0,0.0329704285,1,3.10985851,0.164836884
6577,6.577049,0,0.0329704285,1,3.10985851,0.164836884
6578,6.578054,0,-0.0549468994,1,3.10985851,0.164836884
6579,6.579081,0,-0.0549468994,1,3.11024189,0.142860413
6580,6.580055,0,-0.164836884,1,3.11024189,0.120880127
6581,6.581050,0,-0.164836884,1,3.11062527,0.120880127
6582,6.582055,0,-0.296703339,1,3.11024189,0.120880127
6583,6.583049,0,-0.296703339,1,3.11062527,0.098903656
6584,6.584054,0,0.0109901428,1,3.11062527,0.120880127
6585,6.585051,0,0.0109901428,1,3.11062527,0.120880127
6586,6.586056,0,0.142860413,1,3.11062527,0.098903656
6587,6.587050,0,0.142860413,1,3.11100864,0.120880127
6588,6.588055,0,0.0769271851,1,1.54076385,-0.0109901428
6589,6.589050,0,0.0769271851,1,3.11100864,0.098903656
6590,6.590062,0,-0.142856598,1,3.11062527,0.0549468994
6591,6.591051,0,-0.142856598,1,3.11062527,-0.142856598
6592,6.592053,0,0.120880127,1,3.11100864,-0.0329666138
6593,6.593050,0,0.120880127,1,3.11100864,0.0109901428
6594,6.594051,0,-0.0109901428,1,3.11062527,0.0329704285
6595,6.595049,0,-0.0109901428,1,3.11062527,0.0109901428
6596,6.596050,0,-0.120880127,1,3.1113925,0.0109901428
6597,6.597055,0,-0.120880127,1,3.1113925,0.0549468994
6598,6.598056,0,0.0109901428,1,3.1113925,0.0769271851
6599,6.599052,0,0.0109901428,1,3.11100864,0.0769271851
6600,6.600053,0,-0.0988998413,1,1.54114723,-0.274726868
6601,6.601059,0,-0.0988998413,1,3.1113925,0.098903656
6602,6.602053,0,0.20879364,1,3.1113925,0.0549468994
6603,6.603057,0,0.20879364,1,3.11062527,-0.186813354
6604,6.604050,0,0.0109901428,1,3.11062527,-0.450550079
6605,6.605050,0,0.0109901428,1,3.11100864,-0.494506836
6606,6.606051,0,-0.230770111,1,3.11062527,-0.428569794
6607,6.607055,0,-0.230770111,1,3.10985851,-0.406593323
6608,6.608056,0,0.0549468994,1,3.10947466,-0.406593323
6609,6.609053,0,0.0549468994,1,3.10985851,-0.406593323
6610,6.610054,0,0.120880127,1,3.10947466,-0.340660095
6611,6.611088,0,0.120880127,1,3.10909128,-0.296703339
6612,6.612055,0,0.186817169,1,3.10880375,-0.274726868
6613,6.613049,0,0.186817169,1,3.10880375,-0.252746582
6614,6.614053,0,-0.0329666138,1,3.10880375,-0.186813354
6615,6.615050,0,-0.0329666138,1,3.10880375,-0.164836884
6616,6.616054,0,0.274726868,1,3.10880375,-0.142856598
6617,6.617055,0,0.274726868,1,3.10909128,-0.0769233704
6618,6.618051,0,-0.0988998413,1,3.10880375,-0.0109901428
6619,6.619052,0,-0.0988998413,1,3.10880375,0.0329704285
6620,6.620056,0,0.0769271851,1,3.10880375,0.0549468994
6621,6.621050,0,0.0769271851,1,3.10909128,0.098903656
6622,6.622129,0,-0.0329666138,1,3.10909128,0.142860413
6623,6.623056,0,-0.0329666138,1,3.10947466,0.164836884
6624,6.624050,0,0.142860413,1,3.10947466,0.164836884
6625,6.625057,0,0.142860413,1,3.10947466,0.164836884
6626,6.626050,0,0.252750397,1,3.10947466,0.186817169
6627,6.627054,0,0.252750397,1,3.10909128,0.186817169
6628,6.628055,0,-0.31867981,1,3.10985851,0.164836884
6629,6.629058,0,-0.31867981,1,3.10985851,0.164836884
6630,6.630053,0,0.0109901428,1,3.10985851,0.186817169
6631,6.631050,0,0.0109901428,1,3.10985851,0.164836884
6632,6.632052,0,-0.274726868,1,3.11024189,0.142860413
6633,6.633059,0,-0.274726868,1,3.10985851,0.164836884
6634,6.634115,0,-0.120880127,1,3.10985851,0.164836884
6635,6.635253,0,-0.120880127,1,3.11024189,0.120880127
6636,6.636083,0,-0.0109901428,1,3.10985851,0.120880127
6637,6.637070,0,-0.0109901428,1,3.11024189,0.098903656
6638,6.638056,0,0.120880127,1,3.11062527,0.120880127
6639,6.639120,0,0.120880127,1,3.11024189,0.098903656
6640,6.640057,0,0.20879364,1,3.11062527,0.0769271851
6641,6.641051,0,0.20879364,1,3.11024189,0.098903656
6642,6.642056,0,-0.340660095,1,3.11062527,0.0769271851
6643,6.643081,0,-0.340660095,1,3.11062527,0.0769271851
6644,6.644050,0,0.098903656,1,3.11062527,0.0769271851
6645,6.645055,0,0.098903656,1,3.11062527,0.0769271851
6646,6.646052,0,0.0549468994,1,1.54095554,-0.252746582
6647,6.647054,0,0.0549468994,1,3.11062527,0.0549468994
6648,6.648051,0,0.0549468994,1,3.11062527,-0.0109901428
6649,6.649053,0,0.0549468994,1,3.11024189,-0.186813354
6650,6.650050,0,0.230770111,1,3.11100864,-0.0549468994
6651,6.651052,0,0.230770111,1,3.11100864,-0.0109901428
6652,6.652049,0,-0.0769233704,1,3.11062527,0.0329704285
6653,6.653052,0,-0.0769233704,1,3.11100864,0.0329704285
6654,6.654064,0,-0.142856598,1,3.11100864,0.0329704285
6655,6.655057,0,-0.142856598,1,3.11100864,0.0549468994
6656,6.656051,0,-0.0549468994,1,3.11062527,0.0769271851
6657,6.657056,0,-0.0549468994,1,3.11100864,0.0549468994
6658,6.658050,0,0.296707153,1,1.5408597,-0.0109901428
6659,6.659054,0,0.296707153,1,3.1113925,0.0769271851
6660,6.660054,0,-0.142856598,1,3.11100864,0.0109901428
6661,6.661051,0,-0.142856598,1,3.11024189,-0.230770111
6662,6.662052,0,0.120880127,1,3.1113925,-0.142856598
6663,6.663056,0,0.120880127,1,3.1113925,-0.0769233704
6664,6.664049,0,-0.142856598,1,3.11062527,-0.0329666138
6665,6.665058,0,-0.142856598,1,3.11062527,-0.0549468994
6666,6.666052,0,-0.164836884,1,3.11100864,-0.0769233704
6667,6.667056,0,-0.164836884,1,3.1113925,-0.0109901428
6668,6.668057,0,0.20879364,1,3.11100864,0.0329704285
6669,6.669054,0,0.20879364,1,3.11100864,0.0329704285
6670,6.670055,0,-0.0109901428,1,1.54114723,-0.252746582
6671,6.671051,0,-0.0109901428,1,3.11100864,0.0329704285
6672,6.672052,0,-0.0549468994,1,3.11062527,0.0329704285
6673,6.673056,0,-0.0549468994,1,3.11062527,-0.142856598
6674,6.674049,0,0.0329704285,1,3.11177588,-0.0109901428
6675,6.675084,0,0.0329704285,1,3.11177588,0.0769271851
6676,6.676050,0,-0.0769233704,1,3.1113925,0.120880127
6677,6.677052,0,-0.0769233704,1,3.11100864,0.098903656
6678,6.678056,0,-0.0109901428,1,3.11177588,0.0769271851
6679,6.679050,0,-0.0109901428,1,3.11215925,0.098903656
6680,6.680054,0,0.0549468994,1,3.1113925,0.142860413
6681,6.681055,0,0.0549468994,1,3.1113925,0.120880127
6682,6.682051,0,-0.120880127,1,3.11177588,0.098903656
6683,6.683052,0,-0.120880127,1,3.11215925,0.0769271851
6684,6.684064,0,-0.0329666138,1,3.11215925,0.120880127
6685,6.685054,0,-0.0329666138,1,3.11177588,0.098903656
6686,6.686161,0,-0.252746582,1,3.11177588,0.0769271851
6687,6.687050,0,-0.252746582,1,3.11215925,0.0769271851
6688,6.688051,0,-0.120880127,1,3.11177588,0.0769271851
6689,6.689055,0,-0.120880127,1,3.11215925,0.0769271851
6690,6.690057,0,0.164836884,1,3.11254263,0.0549468994
6691,6.691053,0,0.164836884,1,3.11215925,0.0769271851
6692,6.692054,0,-0.230770111,1,3.11254263,0.098903656
6693,6.693051,0,-0.230770111,1,3.11215925,0.0769271851
6694,6.694052,0,0.0769271851,1,3.11254263,0.0549468994
6695,6.695052,0,0.0769271851,1,3.11254263,0.0769271851
6696,6.696054,0,0.098903656,1,3.11254263,0.0769271851
6697,6.697060,0,0.098903656,1,3.11215925,0.0549468994
6698,6.698055,0,-0.0329666138,1,3.11254263,0.0329704285
6699,6.699052,0,-0.0329666138,1,3.11254263,0.0329704285
6700,6.700054,0,0.0329704285,1,3.11254263,0.0549468994
6701,6.701051,0,0.0329704285,1,3.11254263,0.0549468994
6702,6.702053,0,0.0109901428,1,3.11292648,0.0549468994
6703,6.703050,0,0.0109901428,1,3.11292648,0.0329704285
6704,6.704052,0,-0.0988998413,1,3.11292648,0.0549468994
6705,6.705052,0,-0.0988998413,1,3.11330986,0.0549468994
6706,6.706054,0,0.142860413,1,3.11292648,0.0549468994
6707,6.707051,0,0.142860413,1,3.11330986,0.0549468994
6708,6.708058,0,-0.0988998413,1,3.11330986,0.0549468994
6709,6.709053,0,-0.0988998413,1,3.11330986,0.0549468994
6710,6.710050,0,-0.142856598,1,3.11330986,0.0549468994
6711,6.711051,0,-0.142856598,1,3.11330986,0.0549468994
6712,6.712056,0,0.0329704285,1,3.11330986,0.0769271851
6713,6.713050,0,0.0329704285,1,3.11330986,0.0549468994
6714,6.714055,0,-0.274726868,1,3.11330986,0.0549468994
6715,6.715052,0,-0.274726868,1,3.11330986,0.0329704285
6716,6.716050,0,0.164836884,1,1.54105139,-0.31867981
6717,6.717052,0,0.164836884,1,3.11330986,0.0109901428
6718,6.718057,0,0.340660095,1,3.11330986,-0.0549468994
6719,6.719061,0,0.340660095,1,3.11254263,-0.296703339
6720,6.720056,0,0.0329704285,1,3.11369324,-0.186813354
6721,6.721053,0,0.0329704285,1,3.11330986,-0.120880127
6722,6.722055,0,-0.142856598,1,3.11292648,-0.0769233704
6723,6.723052,0,-0.142856598,1,3.11254263,-0.0769233704
6724,6.724054,0,-0.0329666138,1,3.11330986,-0.0988998413
6725,6.725053,0,-0.0329666138,1,3.11369324,-0.0549468994
6726,6.726053,0,-0.0549468994,1,3.11330986,0.0109901428
6727,6.727049,0,-0.0549468994,1,3.11292648,0.0109901428
6728,6.728051,0,-0.0769233704,1,1.54105139,0.0109901428
6729,6.729055,0,-0.0769233704,1,3.11330986,0.0329704285
6730,6.730061,0,-0.142856598,1,3.11330986,0.0109901428
6731,6.731055,0,-0.142856598,1,3.11254263,-0.230770111
6732,6.732052,0,0.0329704285,1,3.11369324,-0.120880127
6733,6.733053,0,0.0329704285,1,3.11369324,-0.0549468994
6734,6.734049,0,0.0549468994,1,3.11292648,0.0329704285
6735,6.735053,0,0.0549468994,1,3.11254263,0.0109901428
6736,6.736050,0,0.0329704285,1,3.11369324,-0.0329666138
6737,6.737051,0,0.0329704285,1,3.11407661,0.0109901428
6738,6.738055,0,-0.406593323,1,3.11330986,0.0549468994
6739,6.739056,0,-0.406593323,1,3.11292648,0.0549468994
6740,6.740052,0,-0.164836884,1,3.11369324,0.0329704285
6741,6.741065,0,-0.164836884,1,3.11407661,0.0549468994
6742,6.742051,0,-0.0769233704,1,3.11369324,0.098903656
6743,6.743059,0,-0.0769233704,1,3.11369324,0.098903656
6744,6.744053,0,-0.0329666138,1,3.11407661,0.0549468994
6745,6.745052,0,-0.0329666138,1,3.11407661,0.098903656
6746,6.746053,0,0.0549468994,1,3.11446047,0.120880127
6747,6.747049,0,0.0549468994,1,3.11407661,0.142860413
6748,6.748050,0,-0.164836884,1,3.11407661,0.120880127
6749,6.749055,0,-0.164836884,1,3.11484385,0.120880127
6750,6.750056,0,-0.186813354,1,3.11407661,0.142860413
6751,6.751091,0,-0.186813354,1,3.11407661,0.120880127
6752,6.752054,0,-0.186813354,1,3.11446047,0.098903656
6753,6.753056,0,-0.186813354,1,3.11446047,0.098903656
6754,6.754052,0,0.252750397,1,3.11446047,0.098903656
6755,6.755056,0,0.252750397,1,3.11446047,0.098903656
6756,6.756052,0,0.230770111,1,3.11446047,0.0769271851
6757,6.757054,0,0.230770111,1,3.11484385,0.0769271851
6758,6.758050,0,0.0109901428,1,3.11484385,0.0769271851
6759,6.759051,0,0.0109901428,1,3.11484385,0.098903656
6760,6.760056,0,-0.142856598,1,3.11484385,0.0769271851
6761,6.761050,0,-0.142856598,1,3.11484385,0.0769271851
6762,6.762152,0,0.0109901428,1,3.11484385,0.0769271851
6763,6.763052,0,0.0109901428,1,3.11446047,0.0549468994
6764,6.764053,0,-0.0988998413,1,3.11484385,0.0329704285
6765,6.765054,0,-0.0988998413,1,3.11484385,0.0549468994
6766,6.766056,0,0.142860413,1,3.11522722,0.0329704285
6767,6.767053,0,0.142860413,1,3.11446047,0.0329704285
6768,6.768055,0,0.164836884,1,3.11484385,-0.0109901428
6769,6.769052,0,0.164836884,1,3.11522722,-0.0109901428
6770,6.770054,0,-0.0109901428,1,3.11484385,0.0109901428
6771,6.771051,0,-0.0109901428,1,3.11522722,0.0109901428
6772,6.772053,0,-0.252746582,1,3.11484385,0.0109901428
6773,6.773064,0,-0.252746582,1,3.11484385,-0.0109901428
6774,6.774051,0,-0.142856598,1,1.54095554,0.0109901428
6775,6.775051,0,-0.142856598,1,3.11522722,0.0109901428
6776,6.776053,0,0.120880127,1,3.11522722,-0.0329666138
6777,6.777050,0,0.120880127,1,3.11446047,-0.296703339
6778,6.778052,0,0.0109901428,1,3.11407661,-0.516483307
6779,6.779056,0,0.0109901428,1,3.11446047,-0.582416534
6780,6.780051,0,0.0329704285,1,3.11407661,-0.516483307
6781,6.781056,0,0.0329704285,1,3.11330986,-0.47252655
6782,6.782050,0,-0.0549468994,1,3.11330986,-0.47252655
6783,6.783087,0,-0.0549468994,1,3.11330986,-0.428569794
6784,6.784055,0,-0.0109901428,1,3.11254263,-0.362636566
6785,6.785052,0,-0.0109901428,1,3.11254263,-0.340660095
6786,6.786050,0,0.120880127,1,1.54124308,0.340660095
6787,6.787051,0,0.120880127,1,3.11215925,-0.252746582
6788,6.788056,0,-0.0988998413,1,3.11215925,-0.252746582
6789,6.789051,0,-0.0988998413,1,3.1113925,-0.362636566
6790,6.790055,0,0.0109901428,1,3.11215925,-0.230770111
6791,6.791055,0,0.0109901428,1,3.11254263,-0.120880127
6792,6.792051,0,-0.0109901428,1,3.11177588,-0.0329666138
6793,6.793052,0,-0.0109901428,1,3.1113925,-0.0109901428
6794,6.794079,0,-0.208789825,1,3.11215925,-0.0329666138
6795,6.795050,0,-0.208789825,1,3.11215925,0.0329704285
6796,6.796052,0,0.0329704285,1,3.11177588,0.0769271851
6797,6.797056,0,0.0329704285,1,3.11177588,0.0769271851
6798,6.798049,0,0.098903656,1,1.54114723,0.098903656
6799,6.799053,0,0.098903656,1,3.11254263,0.142860413
6800,6.800055,0,-0.296703339,1,3.11215925,0.120880127
6801,6.801051,0,-0.296703339,1,3.11177588,-0.120880127
6802,6.802052,0,0.0549468994,1,3.1113925,-0.362636566
6803,6.803056,0,0.0549468994,1,3.11215925,-0.384616852
6804,6.804049,0,-0.0549468994,1,3.11100864,-0.340660095
6805,6.805089,0,-0.0549468994,1,3.11100864,-0.31867981
6806,6.806054,0,0.120880127,1,3.11062527,-0.296703339
6807,6.807056,0,0.120880127,1,3.11062527,-0.274726868
6808,6.808052,0,0.142860413,1,3.11062527,-0.208789825
6809,6.809053,0,0.142860413,1,3.11024189,-0.164836884
6810,6.810050,0,-0.208789825,1,3.10985851,-0.142856598
6811,6.811051,0,-0.208789825,1,3.11062527,-0.120880127
6812,6.812055,0,0.164836884,1,3.11062527,-0.0549468994
6813,6.813056,0,0.164836884,1,3.11024189,-0.0109901428
6814,6.814053,0,0.0329704285,1,3.11024189,0.0109901428
6815,6.815057,0,0.0329704285,1,3.11062527,0.0329704285
6816,6.816061,0,-0.0988998413,1,3.11062527,0.0769271851
6817,6.817054,0,-0.0988998413,1,3.11024189,0.120880127
6818,6.818051,0,0.20879364,1,3.11024189,0.098903656
6819,6.819052,0,0.20879364,1,3.11062527,0.120880127
6820,6.820056,0,0.0109901428,1,3.11024189,0.142860413
6821,6.821050,0,0.0109901428,1,3.11062527,0.164836884
6822,6.822054,0,0.0549468994,1,3.11062527,0.142860413
6823,6.823055,0,0.0549468994,1,3.11100864,0.142860413
6824,6.824051,0,0.252750397,1,3.11062527,0.142860413
6825,6.825055,0,0.252750397,1,3.11062527,0.142860413
6826,6.826064,0,-0.120880127,1,3.11100864,0.142860413
6827,6.827049,0,-0.120880127,1,3.11100864,0.142860413
6828,6.828052,0,0.098903656,1,3.1113925,0.142860413
6829,6.829057,0,0.098903656,1,3.1113925,0.164836884
6830,6.830051,0,-0.0329666138,1,3.1113925,0.164836884
6831,6.831056,0,-0.0329666138,1,3.11177588,0.164836884
6832,6.832050,0,0.0329704285,1,3.1113925,0.164836884
6833,6.833055,0,0.0329704285,1,3.11177588,0.164836884
6834,6.834049,0,0.230770111,1,3.11177588,0.164836884
6835,6.835049,0,0.230770111,1,3.11177588,0.164836884
6836,6.836051,0,-0.164836884,1,3.11215925,0.164836884
6837,6.837113,0,-0.164836884,1,3.11177588,0.164836884
6838,6.838056,0,0.120880127,1,3.11215925,0.164836884
6839,6.839051,0,0.120880127,1,3.11215925,0.142860413
6840,6.840056,0,0.0769271851,1,3.11215925,0.120880127
6841,6.841050,0,0.0769271851,1,3.11215925,0.098903656
6842,6.842055,0,-0.0988998413,1,3.11215925,0.0769271851
6843,6.843057,0,-0.0988998413,1,3.11254263,0.0549468994
6844,6.844054,0,-0.0549468994,1,1.54124308,0.0769271851
6845,6.845051,0,-0.0549468994,1,3.11215925,0.0549468994
6846,6.846056,0,-0.0769233704,1,3.11215925,-0.0329666138
6847,6.847050,0,-0.0769233704,1,3.11177588,-0.208789825
6848,6.848065,0,0.142860413,1,3.11254263,-0.0549468994
6849,6.849051,0,0.142860413,1,3.11254263,-0.0109901428
6850,6.850056,0,0.0549468994,1,3.11215925,0.0329704285
6851,6.851050,0,0.0549468994,1,3.11215925,0.0109901428
6852,6.852055,0,0.120880127,1,3.11254263,0.0109901428
6853,6.853150,0,0.120880127,1,3.11292648,0.0329704285
6854,6.854180,0,-0.0329666138,1,3.11254263,0.0549468994
6855,6.855206,0,-0.0329666138,1,3.11254263,0.0549468994
6856,6.856227,0,-0.186813354,1,1.54105139,-0.296703339
6857,6.857179,0,-0.186813354,1,3.11292648,0.0549468994
6858,6.858115,0,0.098903656,1,3.11254263,0.0329704285
6859,6.859093,0,0.098903656,1,3.11215925,-0.142856598
6860,6.860050,0,0.0109901428,1,3.11330986,-0.0329666138
6861,6.861052,0,0.0109901428,1,3.11330986,0.0329704285
6862,6.862056,0,0.0109901428,1,3.11254263,0.098903656
6863,6.863050,0,0.0109901428,1,3.11292648,0.0549468994
6864,6.864054,0,0.186817169,1,3.11330986,0.0549468994
6865,6.865050,0,0.186817169,1,3.11330986,0.098903656
6866,6.866054,0,-0.31867981,1,3.11330986,0.142860413
6867,6.867055,0,-0.31867981,1,3.11330986,0.120880127
6868,6.868052,0,-0.0769233704,1,3.11330986,0.098903656
6869,6.869142,0,-0.0769233704,1,3.11369324,0.120880127
6870,6.870053,0,0.20879364,1,3.11330986,0.142860413
6871,6.871055,0,0.20879364,1,3.11369324,0.120880127
6872,6.872051,0,-0.0109901428,1,3.11407661,0.098903656
6873,6.873052,0,-0.0109901428,1,3.11407661,0.120880127
6874,6.874056,0,-0.0769233704,1,3.11407661,0.120880127
6875,6.875053,0,-0.0769233704,1,3.11369324,0.098903656
6876,6.876057,0,0.142860413,1,3.11446047,0.0769271851
6877,6.877051,0,0.142860413,1,3.11446047,0.098903656
6878,6.878055,0,-0.384616852,1,3.11446047,0.120880127
6879,6.879056,0,-0.384616852,1,3.11407661,0.098903656
6880,6.880058,0,0.0549468994,1,3.11484385,0.0769271851
6881,6.881052,0,0.0549468994,1,3.11446047,0.098903656
6882,6.882056,0,-0.0329666138,1,3.11484385,0.098903656
6883,6.883057,0,-0.0329666138,1,3.11484385,0.098903656
6884,6.884053,0,-0.0329666138,1,3.11522722,0.0769271851
6885,6.885050,0,-0.0329666138,1,3.11484385,0.0769271851
6886,6.886054,0,-0.0769233704,1,3.11484385,0.0769271851
6887,6.887055,0,-0.0769233704,1,3.11522722,0.0769271851
6888,6.888052,0,0.186817169,1,3.1156106,0.0769271851
6889,6.889052,0,0.186817169,1,3.1156106,0.0769271851
6890,6.890081,0,0.0329704285,1,3.1156106,0.098903656
6891,6.891060,0,0.0329704285,1,3.11522722,0.0769271851
6892,6.892055,0,0.0769271851,1,3.11522722,0.0549468994
6893,6.893053,0,0.0769271851,1,3.11522722,0.0549468994
6894,6.894055,0,-0.0988998413,1,3.11522722,0.0329704285
6895,6.895055,0,-0.0988998413,1,3.1156106,0.0329704285
6896,6.896057,0,-0.0988998413,1,3.1156106,0.0109901428
6897,6.897054,0,-0.0988998413,1,3.1156106,-0.0109901428
6898,6.898056,0,0.0329704285,1,3.1156106,0.0109901428
6899,6.899053,0,0.0329704285,1,3.1156106,0.0109901428
6900,6.900055,0,0.0329704285,1,3.1156106,0.0109901428
6901,6.901053,0,0.0329704285,1,3.11522722,0.0109901428
6902,6.902060,0,-0.0549468994,1,1.54095554,0.120880127
6903,6.903055,0,-0.0549468994,1,3.1156106,0.0109901428
6904,6.904052,0,-0.164836884,1,3.1156106,-0.0329666138
6905,6.905057,0,-0.164836884,1,3.11484385,-0.274726868
6906,6.906054,0,-0.142856598,1,3.11446047,-0.538459778
6907,6.907056,0,-0.142856598,1,3.11484385,-0.582416534
6908,6.908053,0,-0.186813354,1,3.11484385,-0.538459778
6909,6.909055,0,-0.186813354,1,3.11369324,-0.47252655
6910,6.910053,0,0.20879364,1,3.11330986,-0.494506836
6911,6.911054,0,0.20879364,1,3.11369324,-0.47252655
6912,6.912086,0,-0.142856598,1,3.11369324,-0.406593323
6913,6.913060,0,-0.142856598,1,3.11292648,-0.340660095
6914,6.914055,0,0.296707153,1,1.54114723,-0.0549468994
6915,6.915055,0,0.296707153,1,3.11292648,-0.296703339
6916,6.916057,0,-0.0549468994,1,3.11254263,-0.274726868
6917,6.917054,0,-0.0549468994,1,3.11177588,-0.384616852
6918,6.918056,0,0.098903656,1,3.11254263,-0.208789825
6919,6.919054,0,0.098903656,1,3.11292648,-0.120880127
6920,6.920055,0,-0.0329666138,1,3.11215925,-0.0329666138
6921,6.921052,0,-0.0329666138,1,3.11215925,-0.0329666138
6922,6.922052,0,-0.428569794,1,3.11254263,-0.0109901428
6923,6.923086,0,-0.428569794,1,3.11254263,0.0549468994
6924,6.924051,0,0.230770111,1,3.11215925,0.098903656
6925,6.925056,0,0.230770111,1,3.11215925,0.120880127
6926,6.926053,0,-0.142856598,1,1.54114723,-0.252746582
6927,6.927054,0,-0.142856598,1,3.11254263,0.120880127
6928,6.928050,0,-0.31867981,1,3.11254263,0.098903656
6929,6.929051,0,-0.31867981,1,3.11177588,-0.164836884
6930,6.930055,0,-0.0329666138,1,3.11177588,-0.406593323
6931,6.931056,0,-0.0329666138,1,3.11215925,-0.428569794
6932,6.932053,0,0.20879364,1,3.11177588,-0.362636566
6933,6.933054,0,0.20879364,1,3.11100864,-0.296703339
6934,6.934082,0,-0.142856598,1,3.11100864,-0.31867981
6935,6.935055,0,-0.142856598,1,3.1113925,-0.296703339
6936,6.936057,0,-0.164836884,1,3.11100864,-0.208789825
6937,6.937053,0,-0.164836884,1,3.11024189,-0.164836884
6938,6.938054,0,-0.296703339,1,3.11062527,-0.142856598
6939,6.939050,0,-0.296703339,1,3.11100864,-0.120880127
6940,6.940051,0,0.0769271851,1,3.11100864,-0.0549468994
6941,6.941056,0,0.0769271851,1,3.11062527,0.0109901428
6942,6.942049,0,0.186817169,1,3.11062527,0.0109901428
6943,6.943053,0,0.186817169,1,3.11100864,0.0329704285
6944,6.944054,0,0.120880127,1,3.11062527,0.0769271851
6945,6.945059,0,0.120880127,1,3.11024189,0.098903656
6946,6.946052,0,-0.252746582,1,3.11100864,0.120880127
6947,6.947054,0,-0.252746582,1,3.11100864,0.120880127
6948,6.948050,0,0.0109901428,1,3.1113925,0.142860413
6949,6.949052,0,0.0109901428,1,3.11100864,0.186817169
6950,6.950056,0,-0.142856598,1,3.11100864,0.164836884
6951,6.951057,0,-0.142856598,1,3.11100864,0.164836884
6952,6.952053,0,0.142860413,1,3.11177588,0.186817169
6953,6.953054,0,0.142860413,1,3.1113925,0.186817169
6954,6.954051,0,-0.120880127,1,3.1113925,0.164836884
6955,6.955055,0,-0.120880127,1,3.1113925,0.142860413
6956,6.956059,0,0.0769271851,1,3.1113925,0.164836884
6957,6.957053,0,0.0769271851,1,3.1113925,0.164836884
6958,6.958056,0,-0.0329666138,1,3.11215925,0.142860413
6959,6.959053,0,-0.0329666138,1,3.11215925,0.164836884
6960,6.960055,0,-0.120880127,1,3.11177588,0.186817169
6961,6.961052,0,-0.120880127,1,3.11177588,0.164836884
6962,6.962054,0,-0.0988998413,1,3.11215925,0.142860413
6963,6.963051,0,-0.0988998413,1,3.11215925,0.142860413
6964,6.964052,0,-0.0769233704,1,3.11215925,0.120880127
6965,6.965053,0,-0.0769233704,1,3.11215925,0.120880127
6966,6.966055,0,0.318683624,1,3.11254263,0.120880127
6967,6.967052,0,0.318683624,1,3.11215925,0.098903656
6968,6.968060,0,-0.208789825,1,3.11215925,0.0769271851
6969,6.969055,0,-0.208789825,1,3.11254263,0.0769271851
6970,6.970052,0,0.20879364,1,3.11254263,0.0769271851
6971,6.971053,0,0.20879364,1,3.11254263,0.0769271851
6972,6.972051,0,-0.0769233704,1,1.54076385,-0.274726868
6973,6.973062,0,-0.0769233704,1,3.11292648,0.0769271851
6974,6.974057,0,0.0109901428,1,3.11292648,0.0109901428
6975,6.975049,0,0.0109901428,1,3.11254263,-0.164836884
6976,6.976051,0,-0.120880127,1,3.11292648,-0.0329666138
6977,6.977056,0,-0.120880127,1,3.11292648,0.0109901428
6978,6.978103,0,0.20879364,1,3.11254263,0.0329704285
6979,6.979054,0,0.20879364,1,3.11254263,0.0109901428
6980,6.980056,0,0.0329704285,1,3.11292648,0.0109901428
6981,6.981054,0,0.0329704285,1,3.11292648,0.0549468994
6982,6.982056,0,0.0109901428,1,3.11292648,0.0549468994
6983,6.983053,0,0.0109901428,1,3.11292648,0.0549468994
6984,6.984055,0,-0.0549468994,1,1.54114723,-0.31867981
6985,6.985055,0,-0.0549468994,1,3.11330986,0.0549468994
6986,6.986049,0,0.0549468994,1,3.11292648,0.0109901428
6987,6.987053,0,0.0549468994,1,3.11292648,-0.142856598
6988,6.988053,0,-0.0988998413,1,3.11369324,-0.0109901428
6989,6.989095,0,-0.0988998413,1,3.11407661,0.0549468994
6990,6.990053,0,-0.120880127,1,3.11330986,0.098903656
6991,6.991054,0,-0.120880127,1,3.11330986,0.098903656
6992,6.992051,0,-0.0549468994,1,3.11369324,0.0769271851
6993,6.993052,0,-0.0549468994,1,3.11407661,0.098903656
6994,6.994056,0,-0.0769233704,1,3.11369324,0.142860413
6995,6.995052,0,-0.0769233704,1,3.11330986,0.120880127
6996,6.996056,0,-0.0329666138,1,3.11446047,0.0769271851
6997,6.997050,0,-0.0329666138,1,3.11407661,0.098903656
6998,6.998054,0,-0.120880127,1,3.11407661,0.120880127
6999,6.999055,0,-0.120880127,1,3.11407661,0.098903656
7000,7.000058,0,0.20879364,1,3.11484385,0.098903656
7001,7.001052,0,0.20879364,1,3.11446047,0.098903656
7002,7.002056,0,0.098903656,1,3.11484385,0.120880127
7003,7.003057,0,0.098903656,1,3.11446047,0.098903656
7004,7.004053,0,-0.0329666138,1,3.11484385,0.098903656
7005,7.005050,0,-0.0329666138,1,3.11484385,0.098903656
7006,7.006054,0,0.142860413,1,3.11484385,0.098903656
7007,7.007055,0,0.142860413,1,3.11484385,0.098903656
7008,7.008052,0,-0.0988998413,1,3.11522722,0.0769271851
7009,7.009052,0,-0.0988998413,1,3.11522722,0.098903656
7010,7.010085,0,-0.274726868,1,3.11522722,0.098903656
7011,7.011055,0,-0.274726868,1,3.11522722,0.098903656
7012,7.012056,0,0.142860413,1,3.1156106,0.0769271851
7013,7.013053,0,0.142860413,1,3.1156106,0.0769271851
7014,7.014054,0,-0.0769233704,1,3.11522722,0.098903656
7015,7.015053,0,-0.0769233704,1,3.1156106,0.0769271851
7016,7.016054,0,-0.120880127,1,3.11522722,0.0549468994
7017,7.017051,0,-0.120880127,1,3.1156106,0.0549468994
7018,7.018052,0,-0.208789825,1,3.1156106,0.0549468994
7019,7.019056,0,-0.208789825,1,3.1156106,0.0549468994
7020,7.020057,0,-0.0549468994,1,3.1156106,0.0329704285
7021,7.021063,0,-0.0549468994,1,3.11599445,0.0329704285
7022,7.022056,0,0.274726868,1,3.1156106,0.0329704285
7023,7.023050,0,0.274726868,1,3.11599445,0.0109901428
7024,7.024055,0,-0.142856598,1,3.11599445,0.0329704285
7025,7.025052,0,-0.142856598,1,3.11599445,0.0329704285
7026,7.026049,0,0.098903656,1,3.11599445,0.0549468994
7027,7.027051,0,0.098903656,1,3.11599445,0.0329704285
7028,7.028174,0,0.142860413,1,3.11599445,0.0329704285
7029,7.029056,0,0.142860413,1,3.11599445,0.0329704285
7030,7.030051,0,-0.0109901428,1,1.54153061,0.0769271851
7031,7.031055,0,-0.0109901428,1,3.11599445,0.0329704285
7032,7.032061,0,-0.142856598,1,3.11628199,-0.0109901428
7033,7.033056,0,-0.142856598,1,3.1156106,-0.186813354
7034,7.034051,0,-0.120880127,1,3.11628199,-0.0988998413
7035,7.035051,0,-0.120880127,1,3.11628199,-0.0329666138
7036,7.036053,0,-0.0549468994,1,3.1156106,0.0109901428
7037,7.037050,0,-0.0549468994,1,3.1156106,-0.0109901428
7038,7.038052,0,-0.0549468994,1,3.11628199,-0.0329666138
7039,7.039049,0,-0.0549468994,1,3.11628199,-0.0109901428
7040,7.040051,0,0.0329704285,1,3.11599445,0.0329704285
7041,7.041056,0,0.0329704285,1,3.11599445,0.0109901428
7042,7.042050,0,-0.0329666138,1,1.54066753,0.186817169
7043,7.043062,0,-0.0329666138,1,3.11666536,0.0549468994
7044,7.044057,0,0.0329704285,1,3.11628199,0.0109901428
7045,7.045055,0,0.0329704285,1,3.1156106,-0.230770111
7046,7.046052,0,0.0769271851,1,3.1156106,-0.450550079
7047,7.047054,0,0.0769271851,1,3.11628199,-0.47252655
7048,7.048051,0,-0.0988998413,1,3.1156106,-0.428569794
7049,7.049052,0,-0.0988998413,1,3.11522722,-0.384616852
7050,7.050050,0,-0.0109901428,1,3.11484385,-0.406593323
7051,7.051051,0,-0.0109901428,1,3.11522722,-0.362636566
7052,7.052056,0,-0.186813354,1,3.11484385,-0.296703339
7053,7.053056,0,-0.186813354,1,3.11407661,-0.252746582
7054,7.054062,0,0.0769271851,1,1.54114723,0.120880127
7055,7.055052,0,0.0769271851,1,3.11446047,-0.208789825
7056,7.056053,0,0.120880127,1,3.11407661,-0.186813354
7057,7.057049,0,0.120880127,1,3.11292648,-0.406593323
7058,7.058050,0,-0.0769233704,1,3.11292648,-0.626373291
7059,7.059054,0,-0.0769233704,1,3.11330986,-0.648349762
7060,7.060055,0,0.164836884,1,3.11330986,-0.560440063
7061,7.061052,0,0.164836884,1,3.11177588,-0.47252655
7062,7.062053,0,0.0549468994,1,3.1113925,-0.47252655
7063,7.063050,0,0.0549468994,1,3.11177588,-0.450550079
7064,7.064051,0,0.0549468994,1,3.11177588,-0.362636566
7065,7.065102,0,0.0549468994,1,3.11100864,-0.296703339
7066,7.066056,0,0.0549468994,1,3.11062527,-0.252746582
7067,7.067057,0,0.0549468994,1,3.11100864,-0.252746582
7068,7.068053,0,0.0769271851,1,3.11100864,-0.164836884
7069,7.069055,0,0.0769271851,1,3.11024189,-0.0988998413
7070,7.070051,0,-0.120880127,1,3.11024189,-0.0769233704
7071,7.071052,0,-0.120880127,1,3.11062527,-0.0549468994
7072,7.072056,0,-0.0769233704,1,3.11062527,0.0109901428
7073,7.073049,0,-0.0769233704,1,3.11024189,0.0549468994
7074,7.074053,0,0.098903656,1,3.11062527,0.0769271851
7075,7.075050,0,0.098903656,1,3.11100864,0.098903656
7076,7.076059,0,-0.0329666138,1,3.11100864,0.164836884
7077,7.077053,0,-0.0329666138,1,3.11100864,0.20879364
7078,7.078050,0,0.120880127,1,3.11100864,0.230770111
7079,7.079051,0,0.120880127,1,3.11100864,0.230770111
7080,7.080055,0,-0.120880127,1,3.1113925,0.230770111
7081,7.081056,0,-0.120880127,1,3.11100864,0.252750397
7082,7.082052,0,-0.0109901428,1,3.1113925,0.230770111
7083,7.083053,0,-0.0109901428,1,3.1113925,0.230770111
7084,7.084050,0,-0.0549468994,1,3.1113925,0.20879364
7085,7.085054,0,-0.0549468994,1,3.11177588,0.186817169
7086,7.086087,0,0.0329704285,1,3.11177588,0.186817169
7087,7.087050,0,0.0329704285,1,3.11215925,0.186817169
7088,7.088052,0,-0.0329666138,1,3.11177588,0.186817169
7089,7.089057,0,-0.0329666138,1,3.11215925,0.186817169
7090,7.090051,0,-0.164836884,1,3.11215925,0.164836884
7091,7.091056,0,-0.164836884,1,3.11215925,0.164836884
7092,7.092050,0,0.0329704285,1,3.11254263,0.164836884
7093,7.093056,0,0.0329704285,1,3.11254263,0.164836884
7094,7.094064,0,-0.186813354,1,3.11254263,0.142860413
7095,7.095141,0,-0.186813354,1,3.11254263,0.142860413
7096,7.096084,0,-0.0988998413,1,3.11292648,0.120880127
7097,7.097084,0,-0.0988998413,1,3.11215925,0.120880127
7098,7.098156,0,-0.0769233704,1,3.11254263,0.098903656
7099,7.099111,0,-0.0769233704,1,3.11330986,0.098903656
7100,7.100074,0,0.0769271851,1,1.54124308,-0.230770111
7101,7.101089,0,0.0769271851,1,3.11292648,0.120880127
7102,7.102050,0,0.0549468994,1,3.11330986,0.0329704285
7103,7.103052,0,0.0549468994,1,3.11254263,-0.186813354
7104,7.104049,0,0.20879364,1,3.11330986,-0.0988998413
7105,7.105054,0,0.20879364,1,3.11330986,-0.0549468994
7106,7.106051,0,0.20879364,1,3.11254263,-0.0109901428
7107,7.107053,0,0.20879364,1,3.11254263,-0.0549468994
7108,7.108058,0,-0.142856598,1,3.11292648,-0.0549468994
7109,7.109052,0,-0.142856598,1,3.11292648,-0.0109901428
7110,7.110050,0,-0.0329666138,1,3.11254263,-0.0109901428
7111,7.111051,0,-0.0329666138,1,3.11292648,-0.0109901428
7112,7.112056,0,0.0549468994,1,1.54105139,0.340660095
7113,7.113050,0,0.0549468994,1,3.11292648,0.0329704285
7114,7.114055,0,-0.208789825,1,3.11292648,-0.0109901428
7115,7.115052,0,-0.208789825,1,3.11215925,-0.252746582
7116,7.116050,0,-0.31867981,1,3.11330986,-0.164836884
7117,7.117052,0,-0.31867981,1,3.11330986,-0.0769233704
7118,7.118055,0,-0.0769233704,1,3.11292648,-0.0109901428
7119,7.119058,0,-0.0769233704,1,3.11254263,-0.0109901428
7120,7.120051,0,0.0549468994,1,3.11330986,-0.0329666138
7121,7.121055,0,0.0549468994,1,3.11330986,0.0109901428
7122,7.122057,0,-0.0329666138,1,3.11292648,0.0549468994
7123,7.123053,0,-0.0329666138,1,3.11292648,0.0549468994
7124,7.124054,0,-0.0549468994,1,3.11292648,0.0329704285
7125,7.125054,0,-0.0549468994,1,3.11330986,0.0549468994
7126,7.126055,0,-0.0769233704,1,3.11292648,0.098903656
7127,7.127051,0,-0.0769233704,1,3.11292648,0.098903656
7128,7.128052,0,-0.164836884,1,3.11369324,0.0769271851
7129,7.129079,0,-0.164836884,1,3.11369324,0.120880127
7130,7.130051,0,0.340660095,1,3.11369324,0.142860413
7131,7.131053,0,0.340660095,1,3.11330986,0.142860413
7132,7.132057,0,0.0549468994,1,3.11330986,0.098903656
7133,7.133050,0,0.0549468994,1,3.11407661,0.098903656
7134,7.134055,0,-0.0329666138,1,3.11369324,0.120880127
7135,7.135051,0,-0.0329666138,1,3.11369324,0.120880127
7136,7.136055,0,-0.31867981,1,3.11407661,0.098903656
7137,7.137056,0,-0.31867981,1,3.11407661,0.098903656
7138,7.138052,0,-0.0988998413,1,3.11407661,0.120880127
7139,7.139078,0,-0.0988998413,1,3.11407661,0.098903656
7140,7.140066,0,0.0549468994,1,3.11407661,0.0769271851
7141,7.141055,0,0.0549468994,1,3.11407661,0.0769271851
7142,7.142056,0,-0.186813354,1,3.11446047,0.0769271851
7143,7.143053,0,-0.186813354,1,3.11446047,0.0549468994
7144,7.144054,0,0.098903656,1,3.11446047,0.0549468994
7145,7.145053,0,0.098903656,1,3.11446047,0.0549468994
7146,7.146054,0,0.142860413,1,3.11484385,0.0549468994
7147,7.147050,0,0.142860413,1,3.11407661,0.0549468994
7148,7.148051,0,-0.0329666138,1,3.11484385,0.0549468994
7149,7.149056,0,-0.0329666138,1,3.11446047,0.0549468994
7150,7.150049,0,-0.0769233704,1,3.11446047,0.0549468994
7151,7.151061,0,-0.0769233704,1,3.11446047,0.0549468994
7152,7.152055,0,0.20879364,1,3.11446047,0.0549468994
7153,7.153052,0,0.20879364,1,3.11484385,0.0549468994
7154,7.154054,0,-0.0988998413,1,3.11484385,0.0549468994
7155,7.155054,0,-0.0988998413,1,3.11522722,0.0549468994
7156,7.156056,0,-0.0109901428,1,3.11522722,0.0769271851
7157,7.157054,0,-0.0109901428,1,3.11522722,0.0549468994
7158,7.158056,0,0.186817169,1,1.54124308,0.0769271851
7159,7.159053,0,0.186817169,1,3.11522722,0.0549468994
7160,7.160055,0,-0.120880127,1,3.11484385,-0.0109901428
7161,7.161089,0,-0.120880127,1,3.11484385,-0.164836884
7162,7.162053,0,0.252750397,1,3.11522722,-0.0549468994
7163,7.163055,0,0.252750397,1,3.11522722,-0.0109901428
7164,7.164053,0,-0.0549468994,1,3.11484385,0.0109901428
7165,7.165050,0,-0.0549468994,1,3.11484385,-0.0109901428
7166,7.166055,0,-0.0769233704,1,3.11484385,-0.0109901428
7167,7.167057,0,-0.0769233704,1,3.11522722,-0.0109901428
7168,7.168054,0,-0.0109901428,1,3.11522722,0.0329704285
7169,7.169056,0,-0.0109901428,1,3.11522722,0.0329704285
7170,7.170053,0,0.120880127,1,1.54095554,-0.31867981
7171,7.171055,0,0.120880127,1,3.1156106,0.0549468994
7172,7.172123,0,0.164836884,1,3.1156106,0.0329704285
7173,7.173051,0,0.164836884,1,3.11484385,-0.208789825
7174,7.174053,0,-0.120880127,1,3.11484385,-0.428569794
7175,7.175053,0,-0.120880127,1,3.11522722,-0.450550079
7176,7.176055,0,0.120880127,1,3.11446047,-0.406593323
7177,7.177052,0,0.120880127,1,3.11369324,-0.384616852
7178,7.178054,0,-0.142856598,1,3.11369324,-0.384616852
7179,7.179051,0,-0.142856598,1,3.11407661,-0.384616852
7180,7.180053,0,-0.0988998413,1,3.11369324,-0.31867981
7181,7.181051,0,-0.0988998413,1,3.11330986,-0.274726868
7182,7.182053,0,0.230770111,1,1.54105139,0.0769271851
7183,7.183061,0,0.230770111,1,3.11369324,-0.252746582
7184,7.184054,0,0.164836884,1,3.11292648,-0.252746582
7185,7.185053,0,0.164836884,1,3.11177588,-0.428569794
7186,7.186054,0,-0.0329666138,1,3.11292648,-0.31867981
7187,7.187050,0,-0.0329666138,1,3.11292648,-0.230770111
7188,7.188051,0,-0.252746582,1,3.11215925,-0.120880127
7189,7.189056,0,-0.252746582,1,3.11215925,-0.120880127
7190,7.190074,0,-0.186813354,1,3.11254263,-0.0988998413
7191,7.191063,0,-0.186813354,1,3.11292648,-0.0329666138
7192,7.192049,0,-0.0109901428,1,3.11254263,0.0329704285
7193,7.193083,0,-0.0109901428,1,3.11177588,0.0549468994
7194,7.194053,0,0.0549468994,1,3.11254263,0.0329704285
7195,7.195050,0,0.0549468994,1,3.11254263,0.0769271851
7196,7.196054,0,0.186817169,1,3.11254263,0.120880127
7197,7.197056,0,0.186817169,1,3.11254263,0.142860413
7198,7.198052,0,-0.0109901428,1,3.11254263,0.142860413
7199,7.199053,0,-0.0109901428,1,3.11292648,0.142860413
7200,7.200050,0,0.120880127,1,3.11330986,0.164836884
7201,7.201051,0,0.120880127,1,3.11292648,0.186817169
7202,7.202055,0,-0.142856598,1,3.11330986,0.186817169
7203,7.203056,0,-0.142856598,1,3.11330986,0.20879364
7204,7.204135,0,0.098903656,1,3.11369324,0.230770111
7205,7.205050,0,0.098903656,1,3.11369324,0.230770111
7206,7.206052,0,0.0329704285,1,3.11407661,0.20879364
7207,7.207056,0,0.0329704285,1,3.11407661,0.20879364
7208,7.208057,0,0.0769271851,1,3.11407661,0.230770111
7209,7.209053,0,0.0769271851,1,3.11407661,0.20879364
7210,7.210054,0,0.186817169,1,3.11407661,0.186817169
7211,7.211050,0,0.186817169,1,3.11446047,0.186817169
7212,7.212051,0,-0.142856598,1,3.11446047,0.164836884
7213,7.213056,0,-0.142856598,1,3.11446047,0.164836884
7214,7.214049,0,-0.0988998413,1,3.11446047,0.142860413
7215,7.215058,0,-0.0988998413,1,3.11484385,0.120880127
7216,7.216051,0,0.120880127,1,3.11484385,0.120880127
7217,7.217055,0,0.120880127,1,3.11484385,0.098903656
7218,7.218057,0,0.098903656,1,3.11484385,0.098903656
7219,7.219054,0,0.098903656,1,3.11446047,0.0769271851
7220,7.220056,0,0.0769271851,1,3.11484385,0.0549468994
7221,7.221053,0,0.0769271851,1,3.11484385,0.0549468994
7222,7.222055,0,0.164836884,1,3.11484385,0.0329704285
7223,7.223053,0,0.164836884,1,3.11484385,0.0329704285
7224,7.224054,0,0.0329704285,1,3.11522722,0.0329704285
7225,7.225133,0,0.0329704285,1,3.11484385,0.0329704285
7226,7.226056,0,0.120880127,1,3.11522722,0.0329704285
7227,7.227051,0,0.120880127,1,3.11522722,0.0329704285
7228,7.228056,0,0.0109901428,1,1.54114723,0.0329704285
7229,7.229050,0,0.0109901428,1,3.11484385,0.0109901428
7230,7.230055,0,0.186817169,1,3.11484385,-0.0549468994
7231,7.231057,0,0.186817169,1,3.11446047,-0.31867981
7232,7.232054,0,-0.296703339,1,3.11369324,-0.538459778
7233,7.233056,0,-0.296703339,1,3.11407661,-0.560440063
7234,7.234053,0,0.0329704285,1,3.11369324,-0.516483307
7235,7.235050,0,0.0329704285,1,3.11330986,-0.494506836
7236,7.236083,0,-0.0109901428,1,3.11292648,-0.47252655
7237,7.237056,0,-0.0109901428,1,3.11292648,-0.47252655
7238,7.238051,0,0.296707153,1,3.11254263,-0.406593323
7239,7.239056,0,0.296707153,1,3.11215925,-0.340660095
7240,7.240050,0,-0.0109901428,1,1.54124308,0.164836884
7241,7.241061,0,-0.0109901428,1,3.11177588,-0.296703339
7242,7.242055,0,0.142860413,1,3.11215925,-0.296703339
7243,7.243052,0,0.142860413,1,3.1113925,-0.406593323
7244,7.244054,0,-0.296703339,1,3.11177588,-0.230770111
7245,7.245055,0,-0.296703339,1,3.11215925,-0.164836884
7246,7.246057,0,0.20879364,1,3.1113925,-0.0549468994
7247,7.247083,0,0.20879364,1,3.11062527,-0.0549468994
7248,7.248057,0,0.164836884,1,3.1113925,-0.0549468994
7249,7.249050,0,0.164836884,1,3.11177588,-0.0109901428
7250,7.250053,0,-0.164836884,1,3.1113925,0.0549468994
7251,7.251054,0,-0.164836884,1,3.1113925,0.0769271851
7252,7.252050,0,0.0549468994,1,3.11177588,0.098903656
7253,7.253052,0,0.0549468994,1,3.11177588,0.120880127
7254,7.254056,0,0.164836884,1,3.11215925,0.164836884
7255,7.255052,0,0.164836884,1,3.11215925,0.186817169
7256,7.256056,0,-0.0109901428,1,3.11177588,0.186817169
7257,7.257050,0,-0.0109901428,1,3.11254263,0.186817169
7258,7.258060,0,0.142860413,1,3.11215925,0.20879364
7259,7.259053,0,0.142860413,1,3.11254263,0.20879364
7260,7.260050,0,-0.0549468994,1,3.11254263,0.20879364
7261,7.261051,0,-0.0549468994,1,3.11292648,0.20879364
7262,7.262056,0,-0.120880127,1,3.11292648,0.230770111
7263,7.263057,0,-0.120880127,1,3.11292648,0.20879364
7264,7.264053,0,-0.274726868,1,3.11330986,0.20879364
7265,7.265049,0,-0.274726868,1,3.11330986,0.20879364
7266,7.266053,0,0.120880127,1,3.11330986,0.230770111
7267,7.267054,0,0.120880127,1,3.11330986,0.230770111
7268,7.268134,0,0.0109901428,1,3.11330986,0.186817169
7269,7.269051,0,0.0109901428,1,3.11369324,0.164836884
7270,7.270053,0,0.164836884,1,3.11369324,0.164836884
7271,7.271057,0,0.164836884,1,3.11407661,0.142860413
7272,7.272050,0,0.0549468994,1,3.11407661,0.120880127
7273,7.273054,0,0.0549468994,1,3.11369324,0.120880127
7274,7.274055,0,-0.0988998413,1,3.11407661,0.120880127
7275,7.275055,0,-0.0988998413,1,3.11407661,0.098903656
7276,7.276056,0,-0.208789825,1,3.11407661,0.098903656
7277,7.277053,0,-0.208789825,1,3.11369324,0.0769271851
7278,7.278054,0,0.318683624,1,3.11369324,0.0549468994
7279,7.279064,0,0.318683624,1,3.11446047,0.0329704285
7280,7.280056,0,0.0109901428,1,3.11446047,0.0549468994
7281,7.281049,0,0.0109901428,1,3.11446047,0.0549468994
7282,7.282054,0,0.0109901428,1,3.11407661,0.0549468994
7283,7.283055,0,0.0109901428,1,3.11446047,0.0329704285
7284,7.284052,0,0.0109901428,1,3.11446047,0.0109901428
7285,7.285057,0,0.0109901428,1,3.11446047,0.0329704285
7286,7.286054,0,-0.0988998413,1,1.54133892,0.274726868
7287,7.287056,0,-0.0988998413,1,3.11446047,0.0109901428
7288,7.288053,0,0.0329704285,1,3.11446047,-0.0329666138
7289,7.289055,0,0.0329704285,1,3.11407661,-0.296703339
7290,7.290059,0,-0.0109901428,1,3.11330986,-0.516483307
7291,7.291054,0,-0.0109901428,1,3.11369324,-0.560440063
7292,7.292051,0,-0.142856598,1,3.11330986,-0.538459778
7293,7.293053,0,-0.142856598,1,3.11254263,-0.494506836
7294,7.294050,0,0.120880127,1,3.11215925,-0.494506836
7295,7.295055,0,0.120880127,1,3.11254263,-0.450550079
7296,7.296052,0,-0.0329666138,1,3.11215925,-0.384616852
7297,7.297054,0,-0.0329666138,1,3.11177588,-0.340660095
7298,7.298065,0,0.0769271851,1,1.54095554,0.0329704285
7299,7.299077,0,0.0769271851,1,3.1113925,-0.296703339
7300,7.300149,0,0.0549468994,1,3.1113925,-0.296703339
7301,7.301050,0,0.0549468994,1,3.11024189,-0.494506836
7302,7.302207,0,-0.208789825,1,3.11024189,-0.714286804
7303,7.303206,0,-0.208789825,1,3.11024189,-0.692306519
7304,7.304230,0,0.098903656,1,3.10985851,-0.626373291
7305,7.305165,0,0.098903656,1,3.10880375,-0.516483307
7306,7.306050,0,-0.230770111,1,3.10880375,-0.516483307
7307,7.307055,0,-0.230770111,1,3.10909128,-0.450550079
7308,7.308050,0,0.0109901428,1,3.10880375,-0.362636566
7309,7.309055,0,0.0109901428,1,3.10803699,-0.274726868
7310,7.310049,0,0.0549468994,1,1.54124308,0.098903656
7311,7.311081,0,0.0549468994,1,3.10803699,-0.208789825
7312,7.312055,0,-0.186813354,1,3.10803699,-0.208789825
7313,7.313049,0,-0.186813354,1,3.10726976,-0.384616852
7314,7.314054,0,0.186817169,1,3.10726976,-0.230770111
7315,7.315050,0,0.186817169,1,3.10803699,-0.164836884
7316,7.316053,0,-0.142856598,1,3.10765314,-0.0549468994
7317,7.317055,0,-0.142856598,1,3.10688639,-0.0109901428
7318,7.318051,0,0.120880127,1,3.10726976,-0.0109901428
7319,7.319052,0,0.120880127,1,3.10765314,0.0329704285
7320,7.320056,0,-0.0988998413,1,3.10726976,0.098903656
7321,7.321049,0,-0.0988998413,1,3.10688639,0.120880127
7322,7.322063,0,-0.142856598,1,3.10726976,0.120880127
7323,7.323057,0,-0.142856598,1,3.10765314,0.142860413
7324,7.324053,0,0.098903656,1,3.10726976,0.186817169
7325,7.325050,0,0.098903656,1,3.10726976,0.186817169
7326,7.326054,0,0.0109901428,1,3.10765314,0.186817169
7327,7.327055,0,0.0109901428,1,3.10765314,0.20879364
7328,7.328051,0,0.164836884,1,3.10765314,0.230770111
7329,7.329052,0,0.164836884,1,3.10803699,0.230770111
7330,7.330056,0,0.318683624,1,3.10803699,0.20879364
7331,7.331050,0,0.318683624,1,3.10842037,0.230770111
7332,7.332103,0,-0.208789825,1,3.10842037,0.230770111
7333,7.333051,0,-0.208789825,1,3.10842037,0.252750397
7334,7.334053,0,-0.164836884,1,3.10842037,0.230770111
7335,7.335052,0,-0.164836884,1,3.10909128,0.20879364
7336,7.336053,0,-0.0988998413,1,3.10880375,0.230770111
7337,7.337049,0,-0.0988998413,1,3.10880375,0.230770111
7338,7.338051,0,0.142860413,1,3.10880375,0.186817169
7339,7.339055,0,0.142860413,1,3.10947466,0.186817169
7340,7.340056,0,-0.186813354,1,3.10909128,0.186817169
7341,7.341053,0,-0.186813354,1,3.10909128,0.164836884
7342,7.342054,0,0.20879364,1,3.10947466,0.142860413
7343,7.343061,0,0.20879364,1,3.10985851,0.164836884
7344,7.344052,0,0.274726868,1,3.10985851,0.164836884
7345,7.345056,0,0.274726868,1,3.10947466,0.142860413
7346,7.346053,0,0.0329704285,1,3.10985851,0.120880127
7347,7.347054,0,0.0329704285,1,3.11024189,0.120880127
7348,7.348050,0,-0.230770111,1,3.10985851,0.120880127
7349,7.349052,0,-0.230770111,1,3.11024189,0.120880127
7350,7.350057,0,0.142860413,1,3.11024189,0.098903656
7351,7.351051,0,0.142860413,1,3.10985851,0.120880127
7352,7.352056,0,-0.0549468994,1,3.10985851,0.098903656
7353,7.353050,0,-0.0549468994,1,3.10985851,0.0769271851
7354,7.354062,0,0.164836884,1,3.10985851,0.0549468994
7355,7.355051,0,0.164836884,1,3.11024189,0.0549468994
7356,7.356062,0,0.0769271851,1,1.54076385,-0.296703339
7357,7.357050,0,0.0769271851,1,3.11024189,0.0549468994
7358,7.358054,0,-0.142856598,1,3.11024189,-0.0109901428
7359,7.359056,0,-0.142856598,1,3.11024189,-0.186813354
7360,7.360054,0,0.0549468994,1,3.11024189,-0.0549468994
7361,7.361055,0,0.0549468994,1,3.11100864,-0.0329666138
7362,7.362053,0,0.0329704285,1,3.10985851,0.0329704285
7363,7.363054,0,0.0329704285,1,3.11024189,0.0109901428
7364,7.364088,0,-0.0549468994,1,3.11100864,0.0109901428
7365,7.365056,0,-0.0549468994,1,3.11062527,0.0769271851
7366,7.366051,0,0.0769271851,1,3.11062527,0.0769271851
7367,7.367056,0,0.0769271851,1,3.11062527,0.0769271851
7368,7.368050,0,-0.120880127,1,1.54105139,-0.0769233704
7369,7.369054,0,-0.120880127,1,3.1113925,0.0769271851
7370,7.370056,0,0.0549468994,1,3.11062527,0.0549468994
7371,7.371054,0,0.0549468994,1,3.11062527,-0.208789825
7372,7.372055,0,-0.0549468994,1,3.1113925,-0.0988998413
7373,7.373053,0,-0.0549468994,1,3.1113925,-0.0329666138
7374,7.374055,0,-0.340660095,1,3.11100864,0.0109901428
7375,7.375070,0,-0.340660095,1,3.11062527,-0.0109901428
7376,7.376052,0,-0.230770111,1,3.1113925,-0.0329666138
7377,7.377054,0,-0.230770111,1,3.1113925,0.0109901428
7378,7.378051,0,0.406597137,1,3.11100864,0.0549468994
7379,7.379053,0,0.406597137,1,3.11100864,0.0329704285
7380,7.380057,0,-0.0988998413,1,3.1113925,0.0109901428
7381,7.381050,0,-0.0988998413,1,3.1113925,0.0329704285
7382,7.382053,0,-0.120880127,1,3.11100864,0.0769271851
7383,7.383054,0,-0.120880127,1,3.11100864,0.0769271851
7384,7.384051,0,-0.0109901428,1,3.1113925,0.0549468994
7385,7.385055,0,-0.0109901428,1,3.11177588,0.0769271851
7386,7.386062,0,0.142860413,1,3.1113925,0.098903656
7387,7.387056,0,0.142860413,1,3.1113925,0.0769271851
7388,7.388052,0,-0.0988998413,1,3.1113925,0.0769271851
7389,7.389054,0,-0.0988998413,1,3.11215925,0.098903656
7390,7.390050,0,0.318683624,1,3.11177588,0.120880127
7391,7.391051,0,0.318683624,1,3.11177588,0.098903656
7392,7.392055,0,0.098903656,1,3.11215925,0.098903656
7393,7.393056,0,0.098903656,1,3.11215925,0.0769271851
7394,7.394053,0,-0.0769233704,1,3.11215925,0.098903656
7395,7.395057,0,-0.0769233704,1,3.11215925,0.098903656
7396,7.396072,0,-0.120880127,1,3.11254263,0.098903656
7397,7.397053,0,-0.120880127,1,3.11254263,0.120880127
7398,7.398055,0,0.098903656,1,3.11254263,0.120880127
7399,7.399051,0,0.098903656,1,3.11254263,0.120880127
7400,7.400052,0,-0.0769233704,1,3.11254263,0.098903656
7401,7.401056,0,-0.0769233704,1,3.11215925,0.0769271851
7402,7.402050,0,-0.274726868,1,3.11254263,0.0549468994
7403,7.403054,0,-0.274726868,1,3.11254263,0.0549468994
7404,7.404055,0,0.0769271851,1,3.11254263,0.0329704285
7405,7.405055,0,0.0769271851,1,3.11292648,0.0329704285
7406,7.406056,0,-0.230770111,1,3.11254263,0.0549468994
7407,7.407132,0,-0.230770111,1,3.11292648,0.0329704285
7408,7.408052,0,-0.120880127,1,3.11292648,0.0329704285
7409,7.409053,0,-0.120880127,1,3.11292648,0.0329704285
7410,7.410049,0,0.0329704285,1,3.11254263,0.0329704285
7411,7.411050,0,0.0329704285,1,3.11292648,0.0109901428
7412,7.412054,0,-0.142856598,1,3.11330986,0.0109901428
7413,7.413056,0,-0.142856598,1,3.11292648,0.0329704285
7414,7.414052,0,-0.0109901428,1,1.54105139,0.0109901428
7415,7.415057,0,-0.0109901428,1,3.11330986,0.0109901428
7416,7.416059,0,0.0109901428,1,3.11292648,-0.0549468994
7417,7.417053,0,0.0109901428,1,3.11254263,-0.274726868
7418,7.418065,0,0.450553894,1,3.11292648,-0.164836884
7419,7.419051,0,0.450553894,1,3.11292648,-0.0988998413
7420,7.420056,0,-0.0329666138,1,3.11292648,-0.0549468994
7421,7.421051,0,-0.0329666138,1,3.11254263,-0.0549468994
7422,7.422056,0,-0.296703339,1,3.11330986,-0.0769233704
7423,7.423050,0,-0.296703339,1,3.11330986,-0.0329666138
7424,7.424055,0,0.0769271851,1,3.11292648,0.0329704285
7425,7.425052,0,0.0769271851,1,3.11254263,0.0109901428
7426,7.426057,0,0.098903656,1,1.54095554,-0.142856598
7427,7.427051,0,0.098903656,1,3.11369324,0.0329704285
7428,7.428056,0,0.0549468994,1,3.11292648,0.0329704285
7429,7.429057,0,0.0549468994,1,3.11254263,-0.142856598
7430,7.430052,0,0.0109901428,1,3.11330986,-0.0329666138
7431,7.431057,0,0.0109901428,1,3.11369324,0.0329704285
7432,7.432051,0,0.120880127,1,3.11254263,0.0769271851
7433,7.433056,0,0.120880127,1,3.11292648,0.0329704285
7434,7.434050,0,-0.274726868,1,3.11330986,0.0329704285
7435,7.435050,0,-0.274726868,1,3.11369324,0.0769271851
7436,7.436052,0,0.0329704285,1,3.11369324,0.098903656
7437,7.437050,0,0.0329704285,1,3.11330986,0.0769271851
7438,7.438051,0,-0.142856598,1,1.54095554,-0.0549468994
7439,7.439068,0,-0.142856598,1,3.11407661,0.120880127
7440,7.440055,0,0.120880127,1,3.11369324,0.098903656
7441,7.441050,0,0.120880127,1,3.11292648,-0.0769233704
7442,7.442055,0,0.0109901428,1,3.11407661,0.0109901428
7443,7.443056,0,0.0109901428,1,3.11446047,0.0769271851
7444,7.444054,0,-0.0329666138,1,3.11369324,0.120880127
7445,7.445051,0,-0.0329666138,1,3.11369324,0.098903656
7446,7.446055,0,0.0329704285,1,3.11407661,0.0769271851
7447,7.447055,0,0.0329704285,1,3.11446047,0.098903656
7448,7.448051,0,0.0109901428,1,3.11446047,0.120880127
7449,7.449052,0,0.0109901428,1,3.11407661,0.120880127
7450,7.450069,0,0.186817169,1,3.11484385,0.0769271851
7451,7.451055,0,0.186817169,1,3.11484385,0.098903656
7452,7.452056,0,-0.120880127,1,3.11446047,0.142860413
7453,7.453053,0,-0.120880127,1,3.11446047,0.120880127
7454,7.454054,0,0.296707153,1,3.11522722,0.098903656
7455,7.455054,0,0.296707153,1,3.11522722,0.120880127
7456,7.456055,0,-0.164836884,1,3.11484385,0.142860413
7457,7.457051,0,-0.164836884,1,3.11522722,0.120880127
7458,7.458052,0,0.142860413,1,3.11522722,0.098903656
7459,7.459056,0,0.142860413,1,3.11522722,0.098903656
7460,7.460050,0,0.0329704285,1,3.11522722,0.098903656
7461,7.461059,0,0.0329704285,1,3.11484385,0.0769271851
7462,7.462055,0,-0.164836884,1,3.11522722,0.0549468994
7463,7.463049,0,-0.164836884,1,3.1156106,0.0549468994
7464,7.464053,0,0.0549468994,1,3.1156106,0.0769271851
7465,7.465050,0,0.0549468994,1,3.1156106,0.0549468994
7466,7.466054,0,-0.296703339,1,3.1156106,0.0549468994
7467,7.467055,0,-0.296703339,1,3.11599445,0.0549468994
7468,7.468051,0,0.0329704285,1,3.1156106,0.0769271851
7469,7.469053,0,0.0329704285,1,3.1156106,0.0769271851
7470,7.470057,0,-0.0109901428,1,3.11599445,0.0549468994
7471,7.471050,0,-0.0109901428,1,3.11599445,0.0549468994
7472,7.472059,0,-0.0769233704,1,3.11599445,0.0769271851
7473,7.473052,0,-0.0769233704,1,3.11628199,0.0549468994
7474,7.474056,0,0.252750397,1,3.11599445,0.0769271851
7475,7.475053,0,0.252750397,1,3.11599445,0.0549468994
7476,7.476059,0,0.0329704285,1,3.11599445,0.0549468994
7477,7.477053,0,0.0329704285,1,3.11599445,0.0329704285
7478,7.478057,0,0.120880127,1,3.11628199,0.0329704285
7479,7.479050,0,0.120880127,1,3.11628199,0.0549468994
7480,7.480054,0,-0.252746582,1,3.11628199,0.0549468994
7481,7.481056,0,-0.252746582,1,3.11599445,0.0329704285
7482,7.482078,0,-0.164836884,1,3.11628199,0.0109901428
7483,7.483059,0,-0.164836884,1,3.11666536,0.0329704285
7484,7.484054,0,0.098903656,1,1.54124308,0.142860413
7485,7.485054,0,0.098903656,1,3.11666536,0.0329704285
7486,7.486056,0,-0.252746582,1,3.11628199,-0.0109901428
7487,7.487054,0,-0.252746582,1,3.1156106,-0.186813354
7488,7.488055,0,-0.142856598,1,3.11666536,-0.0769233704
7489,7.489053,0,-0.142856598,1,3.11666536,-0.0109901428
7490,7.490054,0,0.20879364,1,3.11599445,0.0109901428
7491,7.491051,0,0.20879364,1,3.11628199,-0.0109901428
7492,7.492053,0,-0.0549468994,1,3.11704874,-0.0109901428
7493,7.493089,0,-0.0549468994,1,3.11666536,0.0549468994
7494,7.494049,0,0.0769271851,1,3.11666536,0.0769271851
7495,7.495054,0,0.0769271851,1,3.11666536,0.0549468994
7496,7.496052,0,-0.274726868,1,1.54057169,-0.648349762
7497,7.497053,0,-0.274726868,1,3.11704874,0.0769271851
7498,7.498075,0,0.0549468994,1,3.11666536,0.0329704285
7499,7.499054,0,0.0549468994,1,3.11666536,-0.120880127
7500,7.500056,0,-0.0329666138,1,3.11743259,-0.0109901428
7501,7.501054,0,-0.0329666138,1,3.11743259,0.0549468994
7502,7.502056,0,-0.0988998413,1,3.11704874,0.120880127
7503,7.503053,0,-0.0988998413,1,3.11704874,0.098903656
7504,7.504063,0,-0.0109901428,1,3.11781597,0.0549468994
7505,7.505055,0,-0.0109901428,1,3.11743259,0.120880127
7506,7.506050,0,-0.186813354,1,3.11781597,0.142860413
7507,7.507055,0,-0.186813354,1,3.11743259,0.142860413
7508,7.508057,0,0.0329704285,1,3.11819935,0.120880127
7509,7.509054,0,0.0329704285,1,3.11819935,0.142860413
7510,7.510056,0,-0.0769233704,1,3.11781597,0.164836884
7511,7.511052,0,-0.0769233704,1,3.11781597,0.142860413
7512,7.512052,0,-0.0769233704,1,3.11858273,0.120880127
7513,7.513056,0,-0.0769233704,1,3.11819935,0.120880127
7514,7.514049,0,0.120880127,1,3.11858273,0.120880127
7515,7.515057,0,0.120880127,1,3.11858273,0.120880127
7516,7.516051,0,0.120880127,1,3.11858273,0.098903656
7517,7.517056,0,0.120880127,1,3.11858273,0.098903656
7518,7.518057,0,0.120880127,1,3.11896658,0.098903656
7519,7.519053,0,0.120880127,1,3.11858273,0.098903656
7520,7.520054,0,0.0329704285,1,3.11896658,0.098903656
7521,7.521051,0,0.0329704285,1,3.11934996,0.098903656
7522,7.522052,0,0.20879364,1,3.11934996,0.120880127
7523,7.523056,0,0.20879364,1,3.11934996,0.120880127
7524,7.524057,0,-0.186813354,1,3.11973333,0.120880127
7525,7.525088,0,-0.186813354,1,3.11973333,0.120880127
7526,7.526050,0,-0.0549468994,1,3.11973333,0.120880127
7527,7.527051,0,-0.0549468994,1,3.11973333,0.120880127
7528,7.528056,0,-0.120880127,1,3.12011671,0.098903656
7529,7.529058,0,-0.120880127,1,3.11973333,0.098903656
7530,7.530052,0,0.0109901428,1,3.11973333,0.0769271851
7531,7.531056,0,0.0109901428,1,3.12011671,0.0549468994
7532,7.532049,0,0.0329704285,1,3.12011671,0.0549468994
7533,7.533054,0,0.0329704285,1,3.12011671,0.0549468994
7534,7.534055,0,-0.0109901428,1,3.12011671,0.0329704285
7535,7.535054,0,-0.0109901428,1,3.12011671,0.0329704285
7536,7.536060,0,-0.120880127,1,3.12011671,0.0329704285
7537,7.537056,0,-0.120880127,1,3.12011671,0.0329704285
7538,7.538050,0,0.142860413,1,3.12050056,0.0329704285
7539,7.539054,0,0.142860413,1,3.12050056,0.0109901428
7540,7.540055,0,-0.274726868,1,3.12050056,0.0109901428
7541,7.541052,0,-0.274726868,1,3.12050056,0.0329704285
7542,7.542053,0,0.0329704285,1,1.54066753,-0.362636566
7543,7.543057,0,0.0329704285,1,3.12050056,0.0109901428
7544,7.544050,0,0.098903656,1,3.12050056,-0.0329666138
7545,7.545049,0,0.098903656,1,3.11973333,-0.208789825
7546,7.546051,0,0.186817169,1,3.12050056,-0.0769233704
7547,7.547058,0,0.186817169,1,3.12088394,-0.0329666138
7548,7.548053,0,0.142860413,1,3.12011671,0.0329704285
7549,7.549050,0,0.142860413,1,3.12050056,0.0109901428
7550,7.550052,0,-0.142856598,1,3.12088394,0.0109901428
7551,7.551049,0,-0.142856598,1,3.12088394,0.0329704285
7552,7.552051,0,-0.120880127,1,3.12050056,0.0769271851
7553,7.553056,0,-0.120880127,1,3.12050056,0.0549468994
7554,7.554050,0,-0.142856598,1,1.5408597,-0.0988998413
7555,7.555050,0,-0.142856598,1,3.12126732,0.098903656
7556,7.556052,0,0.230770111,1,3.12088394,0.0549468994
7557,7.557085,0,0.230770111,1,3.12050056,-0.164836884
7558,7.558106,0,-0.0549468994,1,3.1216507,-0.0769233704
7559,7.559103,0,-0.0549468994,1,3.1216507,0.0109901428
7560,7.560206,0,-0.230770111,1,3.12088394,0.0549468994
7561,7.561057,0,-0.230770111,1,3.12088394,0.0109901428
7562,7.562167,0,-0.120880127,1,3.12126732,-0.0109901428
7563,7.563053,0,-0.120880127,1,3.1216507,0.0109901428
7564,7.564055,0,-0.0769233704,1,3.12126732,0.0549468994
7565,7.565056,0,-0.0769233704,1,3.12126732,0.0549468994
7566,7.566050,0,0.0769271851,1,1.54105139,-0.142856598
7567,7.567055,0,0.0769271851,1,3.1216507,0.0549468994
7568,7.568082,0,-0.0109901428,1,3.12126732,0.0329704285
7569,7.569052,0,-0.0109901428,1,3.12088394,-0.208789825
7570,7.570054,0,-0.0988998413,1,3.1216507,-0.120880127
7571,7.571051,0,-0.0988998413,1,3.12203455,-0.0549468994
7572,7.572053,0,-0.142856598,1,3.12126732,0.0109901428
7573,7.573051,0,-0.142856598,1,3.12088394,-0.0109901428
7574,7.574053,0,-0.0109901428,1,3.1216507,-0.0109901428
7575,7.575053,0,-0.0109901428,1,3.12203455,0.0109901428
7576,7.576055,0,-0.0109901428,1,3.1216507,0.0769271851
7577,7.577050,0,-0.0109901428,1,3.12126732,0.0769271851
7578,7.578051,0,0.296707153,1,3.1216507,0.0549468994
7579,7.579063,0,0.296707153,1,3.12241793,0.0769271851
7580,7.580108,0,-0.186813354,1,3.12203455,0.120880127
7581,7.581051,0,-0.186813354,1,3.12203455,0.142860413
7582,7.582052,0,0.142860413,1,3.12241793,0.120880127
7583,7.583056,0,0.142860413,1,3.1228013,0.142860413
7584,7.584050,0,-0.0549468994,1,3.12241793,0.164836884
7585,7.585057,0,-0.0549468994,1,3.12203455,0.142860413
7586,7.586050,0,0.0109901428,1,3.1228013,0.120880127
7587,7.587054,0,0.0109901428,1,3.1228013,0.120880127
7588,7.588055,0,0.0769271851,1,3.1228013,0.142860413
7589,7.589076,0,0.0769271851,1,3.1228013,0.120880127
7590,7.590062,0,0.098903656,1,3.12318468,0.120880127
7591,7.591056,0,0.098903656,1,3.12318468,0.120880127
7592,7.592052,0,-0.0329666138,1,3.1228013,0.098903656
7593,7.593053,0,-0.0329666138,1,3.1228013,0.0769271851
7594,7.594050,0,-0.274726868,1,3.12318468,0.0549468994
7595,7.595054,0,-0.274726868,1,3.12318468,0.0549468994
7596,7.596050,0,0.0329704285,1,3.12318468,0.0549468994
7597,7.597052,0,0.0329704285,1,3.12318468,0.0769271851
7598,7.598056,0,-0.252746582,1,3.12318468,0.0549468994
7599,7.599057,0,-0.252746582,1,3.12318468,0.0549468994
7600,7.600077,0,-0.0329666138,1,3.12347269,0.0769271851
7601,7.601062,0,-0.0329666138,1,3.12318468,0.0549468994
7602,7.602056,0,0.120880127,1,3.12347269,0.0329704285
7603,7.603053,0,0.120880127,1,3.12318468,0.0329704285
7604,7.604054,0,0.164836884,1,3.12347269,0.0329704285
7605,7.605054,0,0.164836884,1,3.12347269,0.0329704285
7606,7.606055,0,-0.274726868,1,3.12385607,0.0329704285
7607,7.607051,0,-0.274726868,1,3.12385607,0.0549468994
7608,7.608052,0,-0.0329666138,1,3.12347269,0.0329704285
7609,7.609056,0,-0.0329666138,1,3.12385607,0.0329704285
7610,7.610049,0,0.0769271851,1,3.12385607,0.0329704285
7611,7.611077,0,0.0769271851,1,3.12385607,0.0549468994
7612,7.612063,0,0.0549468994,1,1.54095554,-0.120880127
7613,7.613050,0,0.0549468994,1,3.12385607,0.0329704285
7614,7.614055,0,0.142860413,1,3.12385607,-0.0329666138
7615,7.615052,0,0.142860413,1,3.12318468,-0.252746582
7616,7.616050,0,0.120880127,1,3.1228013,-0.494506836
7617,7.617051,0,0.120880127,1,3.12318468,-0.538459778
7618,7.618056,0,0.0109901428,1,3.12318468,-0.516483307
7619,7.619050,0,0.0109901428,1,3.12203455,-0.47252655
7620,7.620055,0,-0.186813354,1,3.1216507,-0.47252655
7621,7.621050,0,-0.186813354,1,3.12241793,-0.450550079
7622,7.622079,0,-0.186813354,1,3.1216507,-0.384616852
7623,7.623064,0,-0.186813354,1,3.12126732,-0.340660095
7624,7.624051,0,0.0769271851,1,1.54105139,0.0329704285
7625,7.625051,0,0.0769271851,1,3.12126732,-0.296703339
7626,7.626053,0,0.0329704285,1,3.12126732,-0.296703339
7627,7.627050,0,0.0329704285,1,3.12011671,-0.47252655
7628,7.628052,0,-0.120880127,1,3.12088394,-0.31867981
7629,7.629050,0,-0.120880127,1,3.12088394,-0.230770111
7630,7.630052,0,0.0329704285,1,3.12050056,-0.120880127
7631,7.631063,0,0.0329704285,1,3.12011671,-0.0988998413
7632,7.632050,0,-0.0549468994,1,3.12088394,-0.0769233704
7633,7.633085,0,-0.0549468994,1,3.12126732,0.0109901428
7634,7.634054,0,0.0329704285,1,3.12050056,0.0769271851
7635,7.635052,0,0.0329704285,1,3.12050056,0.098903656
7636,7.636056,0,-0.142856598,1,3.12126732,0.098903656
7637,7.637051,0,-0.142856598,1,3.12126732,0.142860413
7638,7.638056,0,0.164836884,1,3.12126732,0.186817169
7639,7.639050,0,0.164836884,1,3.12126732,0.186817169
7640,7.640055,0,-0.186813354,1,3.12088394,0.186817169
7641,7.641057,0,-0.186813354,1,3.1216507,0.186817169
7642,7.642053,0,-0.0109901428,1,3.1216507,0.230770111
7643,7.643053,0,-0.0109901428,1,3.12126732,0.230770111
7644,7.644065,0,0.0549468994,1,3.1216507,0.20879364
7645,7.645054,0,0.0549468994,1,3.12203455,0.20879364
7646,7.646051,0,0.0329704285,1,3.12203455,0.20879364
7647,7.647051,0,0.0329704285,1,3.12203455,0.20879364
7648,7.648056,0,0.142860413,1,3.12203455,0.186817169
7649,7.649057,0,0.142860413,1,3.1228013,0.186817169
7650,7.650053,0,-0.0109901428,1,3.12241793,0.186817169
7651,7.651054,0,-0.0109901428,1,3.12241793,0.186817169
7652,7.652050,0,-0.208789825,1,3.1228013,0.164836884
7653,7.653052,0,-0.208789825,1,3.12241793,0.186817169
7654,7.654154,0,-0.0549468994,1,3.12241793,0.164836884
7655,7.655051,0,-0.0549468994,1,3.1228013,0.142860413
7656,7.656053,0,0.0109901428,1,3.1228013,0.142860413
7657,7.657057,0,0.0109901428,1,3.1228013,0.120880127
7658,7.658050,0,0.0549468994,1,3.1228013,0.098903656
7659,7.659054,0,0.0549468994,1,3.1228013,0.0769271851
7660,7.660055,0,0.186817169,1,3.12318468,0.0769271851
7661,7.661052,0,0.186817169,1,3.12318468,0.0769271851
7662,7.662053,0,0.274726868,1,3.12318468,0.0549468994
7663,7.663050,0,0.274726868,1,3.12347269,0.0549468994
7664,7.664051,0,-0.164836884,1,3.12318468,0.0549468994
7665,7.665062,0,-0.164836884,1,3.12347269,0.0329704285
7666,7.666051,0,0.0109901428,1,3.12347269,0.0329704285
7667,7.667052,0,0.0109901428,1,3.12347269,0.0329704285
7668,7.668056,0,-0.0769233704,1,3.12318468,0.0549468994
7669,7.669050,0,-0.0769233704,1,3.12347269,0.0329704285
7670,7.670054,0,-0.0109901428,1,1.54124308,0.164836884
7671,7.671055,0,-0.0109901428,1,3.12347269,0.0329704285
7672,7.672052,0,-0.0329666138,1,3.12318468,-0.0329666138
7673,7.673053,0,-0.0329666138,1,3.1228013,-0.230770111
7674,7.674057,0,0.0109901428,1,3.12347269,-0.0988998413
7675,7.675053,0,0.0109901428,1,3.12347269,-0.0549468994
7676,7.676061,0,0.186817169,1,3.1228013,-0.0109901428
7677,7.677056,0,0.186817169,1,3.12318468,-0.0329666138
7678,7.678053,0,0.0109901428,1,3.12347269,-0.0549468994
7679,7.679055,0,0.0109901428,1,3.12318468,-0.0109901428
7680,7.680052,0,0.252750397,1,3.12318468,0.0109901428
7681,7.681054,0,0.252750397,1,3.12318468,-0.0109901428
7682,7.682064,0,-0.120880127,1,1.54114723,0.20879364
7683,7.683051,0,-0.120880127,1,3.12385607,0.0329704285
7684,7.684056,0,-0.120880127,1,3.12347269,0.0109901428
7685,7.685053,0,-0.120880127,1,3.12318468,-0.252746582
7686,7.686084,0,0.230770111,1,3.1228013,-0.450550079
7687,7.687056,0,0.230770111,1,3.12318468,-0.47252655
7688,7.688051,0,-0.0549468994,1,3.1228013,-0.428569794
7689,7.689056,0,-0.0549468994,1,3.12203455,-0.384616852
7690,7.690050,0,0.0109901428,1,3.12241793,-0.406593323
7691,7.691055,0,0.0109901428,1,3.12203455,-0.362636566
7692,7.692049,0,-0.0769233704,1,3.12203455,-0.31867981
7693,7.693055,0,-0.0769233704,1,3.12126732,-0.252746582
7694,7.694057,0,-0.142856598,1,1.5408597,-0.274726868
7695,7.695057,0,-0.142856598,1,3.12126732,-0.230770111
7696,7.696051,0,-0.0549468994,1,3.12088394,-0.252746582
7697,7.697070,0,-0.0549468994,1,3.11973333,-0.450550079
7698,7.698051,0,-0.142856598,1,3.12050056,-0.31867981
7699,7.699053,0,-0.142856598,1,3.12088394,-0.252746582
7700,7.700051,0,-0.0329666138,1,3.12011671,-0.142856598
7701,7.701053,0,-0.0329666138,1,3.11973333,-0.120880127
7702,7.702050,0,0.0769271851,1,3.12050056,-0.120880127
7703,7.703052,0,0.0769271851,1,3.12050056,-0.0549468994
7704,7.704057,0,0.340660095,1,3.12011671,0.0329704285
7705,7.705054,0,0.340660095,1,3.12011671,0.0549468994
7706,7.706051,0,-0.252746582,1,3.12050056,0.0549468994
7707,7.707053,0,-0.252746582,1,3.12088394,0.0769271851
7708,7.708060,0,0.0109901428,1,3.12088394,0.120880127
7709,7.709053,0,0.0109901428,1,3.12050056,0.142860413
7710,7.710050,0,-0.0769233704,1,3.12050056,0.142860413
7711,7.711051,0,-0.0769233704,1,3.12088394,0.164836884
7712,7.712055,0,-0.252746582,1,3.12126732,0.186817169
7713,7.713056,0,-0.252746582,1,3.12088394,0.186817169
7714,7.714052,0,0.0329704285,1,3.12126732,0.186817169
7715,7.715056,0,0.0329704285,1,3.1216507,0.20879364
7716,7.716053,0,-0.186813354,1,3.1216507,0.20879364
7717,7.717054,0,-0.186813354,1,3.1216507,0.230770111
7718,7.718115,0,-0.0769233704,1,3.12203455,0.20879364
7719,7.719049,0,-0.0769233704,1,3.1216507,0.20879364
7720,7.720051,0,0.0329704285,1,3.12203455,0.186817169
7721,7.721055,0,0.0329704285,1,3.12203455,0.186817169
7722,7.722056,0,0.296707153,1,3.1216507,0.164836884
7723,7.723052,0,0.296707153,1,3.12241793,0.164836884
7724,7.724053,0,0.0549468994,1,3.12203455,0.164836884
7725,7.725053,0,0.0549468994,1,3.12203455,0.164836884
7726,7.726054,0,-0.296703339,1,3.12241793,0.120880127
7727,7.727050,0,-0.296703339,1,3.12241793,0.098903656
7728,7.728051,0,0.274726868,1,3.12241793,0.098903656
7729,7.729062,0,0.274726868,1,3.12241793,0.0769271851
7730,7.730056,0,-0.0988998413,1,3.12241793,0.0549468994
7731,7.731052,0,-0.0988998413,1,3.12241793,0.0549468994
7732,7.732053,0,-0.31867981,1,3.12241793,0.0329704285
7733,7.733050,0,-0.31867981,1,3.12241793,0.0109901428
7734,7.734051,0,0.186817169,1,3.1228013,0.0109901428
7735,7.735050,0,0.186817169,1,3.1228013,0.0329704285
7736,7.736051,0,-0.0329666138,1,3.12241793,0.0329704285
7737,7.737203,0,-0.0329666138,1,3.1228013,0.0109901428
7738,7.738050,0,-0.0988998413,1,3.1228013,0.0109901428
7739,7.739085,0,-0.0988998413,1,3.12241793,0.0109901428
7740,7.740050,0,0.0769271851,1,1.54114723,0.0549468994
7741,7.741052,0,0.0769271851,1,3.1228013,-0.0109901428
7742,7.742056,0,0.098903656,1,3.1228013,-0.0329666138
7743,7.743050,0,0.098903656,1,3.12203455,-0.274726868
7744,7.744055,0,-0.0329666138,1,3.1216507,-0.516483307
7745,7.745052,0,-0.0329666138,1,3.1216507,-0.560440063
7746,7.746050,0,0.164836884,1,3.1216507,-0.516483307
7747,7.747051,0,0.164836884,1,3.12050056,-0.47252655
7748,7.748056,0,-0.0549468994,1,3.12011671,-0.494506836
7749,7.749051,0,-0.0549468994,1,3.12088394,-0.47252655
7750,7.750064,0,-0.340660095,1,3.12050056,-0.406593323
7751,7.751054,0,-0.340660095,1,3.12011671,-0.362636566
7752,7.752056,0,0.252750397,1,1.54095554,-0.0549468994
7753,7.753053,0,0.252750397,1,3.11973333,-0.31867981
7754,7.754055,0,-0.0329666138,1,3.11934996,-0.31867981
7755,7.755055,0,-0.0329666138,1,3.11858273,-0.494506836
7756,7.756049,0,0.20879364,1,3.11819935,-0.692306519
7757,7.757055,0,0.20879364,1,3.11858273,-0.692306519
7758,7.758057,0,-0.0329666138,1,3.11819935,-0.60439682
7759,7.759054,0,-0.0329666138,1,3.11704874,-0.538459778
7760,7.760056,0,-0.0329666138,1,3.11666536,-0.494506836
7761,7.761062,0,-0.0329666138,1,3.11704874,-0.47252655
7762,7.762049,0,0.0769271851,1,3.11666536,-0.384616852
7763,7.763054,0,0.0769271851,1,3.11599445,-0.31867981
7764,7.764056,0,-0.186813354,1,3.1156106,-0.274726868
7765,7.765057,0,-0.186813354,1,3.1156106,-0.252746582
7766,7.766051,0,-0.0988998413,1,3.11628199,-0.208789825
7767,7.767056,0,-0.0988998413,1,3.11522722,-0.120880127
7768,7.768050,0,-0.120880127,1,3.11522722,-0.0988998413
7769,7.769055,0,-0.120880127,1,3.11599445,-0.0769233704
7770,7.770049,0,0.0549468994,1,3.1156106,0.0109901428
7771,7.771073,0,0.0549468994,1,3.11522722,0.0549468994
7772,7.772052,0,0.0329704285,1,3.1156106,0.0769271851
7773,7.773054,0,0.0329704285,1,3.1156106,0.098903656
7774,7.774050,0,0.318683624,1,3.11599445,0.120880127
7775,7.775053,0,0.318683624,1,3.11599445,0.164836884
7776,7.776049,0,-0.208789825,1,3.1156106,0.186817169
7777,7.777050,0,-0.208789825,1,3.1156106,0.164836884
7778,7.778054,0,-0.142856598,1,3.11599445,0.186817169
7779,7.779055,0,-0.142856598,1,3.11599445,0.20879364
7780,7.780052,0,0.142860413,1,3.11599445,0.186817169
7781,7.781053,0,0.142860413,1,3.11599445,0.186817169
7782,7.782098,0,-0.120880127,1,3.11628199,0.186817169
7783,7.783055,0,-0.120880127,1,3.11628199,0.20879364
7784,7.784049,0,-0.0329666138,1,3.11666536,0.186817169
7785,7.785056,0,-0.0329666138,1,3.11628199,0.186817169
7786,7.786050,0,-0.142856598,1,3.11666536,0.186817169
7787,7.787054,0,-0.142856598,1,3.11666536,0.186817169
7788,7.788055,0,-0.252746582,1,3.11704874,0.164836884
7789,7.789100,0,-0.252746582,1,3.11704874,0.164836884
7790,7.790053,0,0.428573608,1,3.11704874,0.164836884
7791,7.791054,0,0.428573608,1,3.11704874,0.142860413
7792,7.792050,0,-0.0988998413,1,3.11743259,0.142860413
7793,7.793061,0,-0.0988998413,1,3.11704874,0.142860413
7794,7.794055,0,0.164836884,1,3.11704874,0.142860413
7795,7.795055,0,0.164836884,1,3.11743259,0.120880127
7796,7.796056,0,-0.0769233704,1,3.11704874,0.120880127
7797,7.797052,0,-0.0769233704,1,3.11743259,0.098903656
7798,7.798054,0,0.230770111,1,1.54133892,0.098903656
7799,7.799050,0,0.230770111,1,3.11743259,0.0549468994
7800,7.800051,0,-0.0329666138,1,3.11743259,0.0109901428
7801,7.801055,0,-0.0329666138,1,3.11704874,-0.164836884
7802,7.802056,0,-0.0988998413,1,3.11743259,-0.0329666138
7803,7.803090,0,-0.0988998413,1,3.11781597,0.0109901428
7804,7.804052,0,-0.164836884,1,3.11666536,0.0549468994
7805,7.805057,0,-0.164836884,1,3.11704874,0.0109901428
7806,7.806053,0,-0.208789825,1,3.11743259,0.0109901428
7807,7.807054,0,-0.208789825,1,3.11781597,0.0329704285
7808,7.808051,0,-0.0769233704,1,3.11704874,0.0549468994
7809,7.809053,0,-0.0769233704,1,3.11743259,0.0329704285
7810,7.810050,0,-0.120880127,1,1.54124308,0.0769271851
7811,7.811052,0,-0.120880127,1,3.11781597,0.0549468994
7812,7.812057,0,-0.0988998413,1,3.11743259,0.0109901428
7813,7.813051,0,-0.0988998413,1,3.11704874,-0.208789825
7814,7.814105,0,-0.0329666138,1,3.11781597,-0.120880127
7815,7.815051,0,-0.0329666138,1,3.11781597,-0.0549468994
7816,7.816053,0,0.450553894,1,3.11743259,-0.0109901428
7817,7.817080,0,0.450553894,1,3.11743259,-0.0329666138
7818,7.818061,0,0.098903656,1,3.11781597,-0.0549468994
7819,7.819055,0,0.098903656,1,3.11781597,0.0109901428
7820,7.820133,0,-0.0769233704,1,3.11781597,0.0329704285
7821,7.821054,0,-0.0769233704,1,3.11743259,0.0329704285
7822,7.822082,0,0.0769271851,1,1.54114723,0.0769271851
7823,7.823050,0,0.0769271851,1,3.11858273,0.0329704285
7824,7.824053,0,-0.0988998413,1,3.11781597,0.0329704285
7825,7.825060,0,-0.0988998413,1,3.11704874,-0.120880127
7826,7.826055,0,0.0329704285,1,3.11858273,-0.0329666138
7827,7.827052,0,0.0329704285,1,3.11858273,0.0329704285
7828,7.828054,0,0.0329704285,1,3.11781597,0.098903656
7829,7.829051,0,0.0329704285,1,3.11743259,0.0769271851
7830,7.830053,0,0.186817169,1,3.11819935,0.0329704285
7831,7.831050,0,0.186817169,1,3.11858273,0.0769271851
7832,7.832052,0,-0.0988998413,1,3.11781597,0.098903656
7833,7.833049,0,-0.0988998413,1,3.11743259,0.0549468994
7834,7.834051,0,0.0329704285,1,3.11781597,0.0329704285
7835,7.835087,0,0.0329704285,1,3.11858273,0.0329704285
7836,7.836054,0,0.0109901428,1,3.11819935,0.098903656
7837,7.837057,0,0.0109901428,1,3.11819935,0.0769271851
7838,7.838054,0,0.0769271851,1,3.11858273,0.0549468994
7839,7.839054,0,0.0769271851,1,3.11858273,0.0769271851
7840,7.840050,0,-0.186813354,1,3.11858273,0.098903656
7841,7.841050,0,-0.186813354,1,3.11896658,0.0769271851
7842,7.842054,0,0.0769271851,1,3.11896658,0.098903656
7843,7.843057,0,0.0769271851,1,3.11896658,0.098903656
7844,7.844051,0,-0.164836884,1,3.11896658,0.098903656
7845,7.845051,0,-0.164836884,1,3.11896658,0.098903656
7846,7.846061,0,0.142860413,1,3.11934996,0.0769271851
7847,7.847049,0,0.142860413,1,3.11934996,0.098903656
7848,7.848051,0,-0.0329666138,1,3.11896658,0.098903656
7849,7.849055,0,-0.0329666138,1,3.11896658,0.0769271851
7850,7.850056,0,0.120880127,1,3.11896658,0.0769271851
7851,7.851052,0,0.120880127,1,3.11934996,0.0549468994
7852,7.852053,0,-0.120880127,1,3.11896658,0.0549468994
7853,7.853050,0,-0.120880127,1,3.11934996,0.0329704285
7854,7.854051,0,-0.164836884,1,3.11934996,0.0329704285
7855,7.855051,0,-0.164836884,1,3.11934996,0.0329704285
7856,7.856052,0,0.186817169,1,3.11934996,0.0549468994
7857,7.857059,0,0.186817169,1,3.11934996,0.0329704285
7858,7.858052,0,0.230770111,1,3.11896658,0.0109901428
7859,7.859056,0,0.230770111,1,3.11934996,-0.0109901428
7860,7.860050,0,-0.186813354,1,3.11934996,0.0109901428
7861,7.861054,0,-0.186813354,1,3.11934996,-0.0109901428
7862,7.862055,0,0.0329704285,1,3.11973333,-0.0109901428
7863,7.863052,0,0.0329704285,1,3.11934996,0.0109901428
7864,7.864053,0,-0.0329666138,1,3.11934996,-0.0109901428
7865,7.865052,0,-0.0329666138,1,3.11973333,0.0109901428
7866,7.866053,0,-0.0329666138,1,3.11934996,-0.0109901428
7867,7.867087,0,-0.0329666138,1,3.11934996,-0.0109901428
7868,7.868054,0,0.0769271851,1,1.5408597,-0.186813354
7869,7.869056,0,0.0769271851,1,3.11934996,-0.0109901428
7870,7.870053,0,-0.0329666138,1,3.11934996,-0.0769233704
7871,7.871054,0,-0.0329666138,1,3.11896658,-0.230770111
7872,7.872050,0,-0.0769233704,1,3.11934996,-0.0988998413
7873,7.873051,0,-0.0769233704,1,3.11934996,-0.0549468994
7874,7.874056,0,-0.0109901428,1,3.11896658,-0.0109901428
7875,7.875053,0,-0.0109901428,1,3.11934996,-0.0549468994
7876,7.876050,0,-0.0988998413,1,3.11973333,-0.0329666138
7877,7.877053,0,-0.0988998413,1,3.11973333,0.0109901428
7878,7.878065,0,0.362640381,1,3.11934996,0.0549468994
7879,7.879052,0,0.362640381,1,3.11934996,0.0549468994
7880,7.880057,0,-0.0109901428,1,1.54133892,0.384616852
7881,7.881051,0,-0.0109901428,1,3.11973333,0.0549468994
7882,7.882056,0,0.0549468994,1,3.11934996,0.0109901428
7883,7.883050,0,0.0549468994,1,3.11896658,-0.252746582
7884,7.884054,0,-0.0109901428,1,3.11896658,-0.47252655
7885,7.885052,0,-0.0109901428,1,3.11896658,-0.494506836
7886,7.886049,0,-0.0988998413,1,3.11858273,-0.450550079
7887,7.887051,0,-0.0988998413,1,3.11781597,-0.428569794
7888,7.888072,0,-0.208789825,1,3.11743259,-0.450550079
7889,7.889064,0,-0.208789825,1,3.11781597,-0.428569794
7890,7.890051,0,0.0549468994,1,3.11781597,-0.362636566
7891,7.891055,0,0.0549468994,1,3.11704874,-0.296703339
7892,7.892050,0,0.0109901428,1,3.11704874,-0.296703339
7893,7.893055,0,0.0109901428,1,3.11743259,-0.252746582
7894,7.894061,0,0.142860413,1,3.11704874,-0.186813354
7895,7.895050,0,0.142860413,1,3.11666536,-0.120880127
7896,7.896055,0,-0.186813354,1,3.11666536,-0.0988998413
7897,7.897049,0,-0.186813354,1,3.11704874,-0.0769233704
7898,7.898054,0,-0.164836884,1,3.11704874,-0.0109901428
7899,7.899203,0,-0.164836884,1,3.11704874,0.0549468994
7900,7.900053,0,0.142860413,1,3.11666536,0.0769271851
7901,7.901056,0,0.142860413,1,3.11704874,0.0769271851
7902,7.902053,0,0.120880127,1,3.11704874,0.098903656
7903,7.903055,0,0.120880127,1,3.11743259,0.120880127
7904,7.904052,0,-0.274726868,1,3.11704874,0.164836884
7905,7.905055,0,-0.274726868,1,3.11781597,0.164836884
7906,7.906050,0,0.0549468994,1,3.11743259,0.186817169
7907,7.907051,0,0.0549468994,1,3.11781597,0.186817169
7908,7.908055,0,-0.0109901428,1,3.11781597,0.20879364
7909,7.909057,0,-0.0109901428,1,3.11781597,0.20879364
7910,7.910060,0,-0.0769233704,1,3.11819935,0.186817169
7911,7.911054,0,-0.0769233704,1,3.11781597,0.186817169
7912,7.912050,0,0.164836884,1,3.11781597,0.164836884
7913,7.913051,0,0.164836884,1,3.11819935,0.142860413
7914,7.914055,0,-0.142856598,1,3.11819935,0.120880127
7915,7.915052,0,-0.142856598,1,3.11858273,0.120880127
7916,7.916056,0,0.0769271851,1,3.11858273,0.120880127
7917,7.917050,0,0.0769271851,1,3.11858273,0.120880127
7918,7.918054,0,-0.208789825,1,3.11819935,0.120880127
7919,7.919055,0,-0.208789825,1,3.11819935,0.098903656
7920,7.920084,0,0.0769271851,1,3.11819935,0.0769271851
7921,7.921056,0,0.0769271851,1,3.11819935,0.0769271851
7922,7.922050,0,-0.0549468994,1,3.11858273,0.0549468994
7923,7.923054,0,-0.0549468994,1,3.11819935,0.0549468994
7924,7.924055,0,-0.186813354,1,3.11896658,0.0549468994
7925,7.925055,0,-0.186813354,1,3.11858273,0.0329704285
7926,7.926056,0,-0.230770111,1,1.54095554,-0.186813354
7927,7.927053,0,-0.230770111,1,3.11858273,0.0329704285
7928,7.928054,0,0.164836884,1,3.11858273,-0.0329666138
7929,7.929050,0,0.164836884,1,3.11819935,-0.186813354
7930,7.930051,0,-0.0988998413,1,3.11896658,-0.0549468994
7931,7.931080,0,-0.0988998413,1,3.11858273,-0.0109901428
7932,7.932056,0,-0.230770111,1,3.11819935,0.0109901428
7933,7.933050,0,-0.230770111,1,3.11819935,-0.0109901428
7934,7.934054,0,0.0329704285,1,3.11858273,-0.0109901428
7935,7.935050,0,0.0329704285,1,3.11858273,0.0329704285
7936,7.936055,0,-0.0109901428,1,3.11858273,0.0549468994
7937,7.937055,0,-0.0109901428,1,3.11858273,0.0549468994
7938,7.938052,0,-0.0549468994,1,1.54105139,-0.0549468994
7939,7.939053,0,-0.0549468994,1,3.11896658,0.0549468994
7940,7.940050,0,-0.208789825,1,3.11858273,-0.0109901428
7941,7.941052,0,-0.208789825,1,3.11781597,-0.252746582
7942,7.942064,0,0.186817169,1,3.11934996,-0.142856598
7943,7.943051,0,0.186817169,1,3.11896658,-0.0769233704
7944,7.944056,0,-0.0329666138,1,3.11858273,-0.0329666138
7945,7.945053,0,-0.0329666138,1,3.11819935,-0.0549468994
7946,7.946050,0,-0.252746582,1,3.11896658,-0.0549468994
7947,7.947052,0,-0.252746582,1,3.11934996,-0.0109901428
7948,7.948049,0,0.0329704285,1,3.11858273,0.0549468994
7949,7.949052,0,0.0329704285,1,3.11858273,0.0329704285
7950,7.950057,0,-0.0769233704,1,1.54133892,0.186817169
7951,7.951051,0,-0.0769233704,1,3.11896658,0.0329704285
7952,7.952197,0,-0.164836884,1,3.11858273,0.0329704285
7953,7.953055,0,-0.164836884,1,3.11781597,-0.230770111
7954,7.954049,0,-0.296703339,1,3.11819935,-0.47252655
7955,7.955049,0,-0.296703339,1,3.11819935,-0.494506836
7956,7.956051,0,-0.0109901428,1,3.11819935,-0.428569794
7957,7.957057,0,-0.0109901428,1,3.11704874,-0.384616852
7958,7.958051,0,-0.186813354,1,3.11704874,-0.406593323
7959,7.959056,0,-0.186813354,1,3.11743259,-0.384616852
7960,7.960050,0,-0.186813354,1,3.11704874,-0.31867981
7961,7.961055,0,-0.186813354,1,3.11628199,-0.274726868
7962,7.962057,0,-0.0549468994,1,3.11628199,-0.252746582
7963,7.963061,0,-0.0549468994,1,3.11666536,-0.230770111
7964,7.964050,0,-0.0329666138,1,3.11628199,-0.164836884
7965,7.965056,0,-0.0329666138,1,3.1156106,-0.120880127
7966,7.966053,0,0.186817169,1,3.11628199,-0.120880127
7967,7.967055,0,0.186817169,1,3.11628199,-0.0769233704
7968,7.968052,0,-0.164836884,1,3.11628199,-0.0329666138
7969,7.969054,0,-0.164836884,1,3.11599445,0.0109901428
7970,7.970049,0,0.0109901428,1,3.11666536,0.0329704285
7971,7.971050,0,0.0109901428,1,3.11628199,0.0769271851
7972,7.972054,0,-0.186813354,1,3.11666536,0.120880127
7973,7.973055,0,-0.186813354,1,3.11628199,0.142860413
7974,7.974087,0,-0.0109901428,1,3.11628199,0.142860413
7975,7.975055,0,-0.0109901428,1,3.11666536,0.142860413
7976,7.976049,0,-0.0109901428,1,3.11666536,0.164836884
7977,7.977053,0,-0.0109901428,1,3.11666536,0.186817169
7978,7.978054,0,-0.0329666138,1,3.11704874,0.164836884
7979,7.979051,0,-0.0329666138,1,3.11704874,0.164836884
7980,7.980052,0,-0.120880127,1,3.11704874,0.142860413
7981,7.981056,0,-0.120880127,1,3.11743259,0.142860413
7982,7.982050,0,-0.0549468994,1,3.11704874,0.142860413
7983,7.983054,0,-0.0549468994,1,3.11743259,0.164836884
7984,7.984055,0,0.0329704285,1,3.11743259,0.164836884
7985,7.985061,0,0.0329704285,1,3.11743259,0.164836884
7986,7.986055,0,-0.0329666138,1,3.11781597,0.164836884
7987,7.987051,0,-0.0329666138,1,3.11781597,0.142860413
7988,7.988052,0,0.20879364,1,3.11781597,0.164836884
7989,7.989056,0,0.20879364,1,3.11781597,0.142860413
7990,7.990081,0,-0.0109901428,1,3.11781597,0.120880127
7991,7.991050,0,-0.0109901428,1,3.11781597,0.098903656
7992,7.992052,0,-0.0329666138,1,3.11781597,0.098903656
7993,7.993056,0,-0.0329666138,1,3.11781597,0.0769271851
7994,7.994057,0,0.120880127,1,3.11781597,0.0549468994
7995,7.995166,0,0.120880127,1,3.11819935,0.0549468994
7996,7.996054,0,-0.142856598,1,1.54143476,0.274726868
7997,7.997056,0,-0.142856598,1,3.11781597,0.0549468994
7998,7.998053,0,0.0109901428,1,3.11781597,-0.0549468994
7999,7.999054,0,0.0109901428,1,3.11704874,-0.296703339
8000,8.000050,0,0.120880127,1,3.11781597,-0.186813354
8001,8.001051,0,0.120880127,1,3.11781597,-0.120880127
8002,8.002055,0,0.0109901428,1,3.11743259,-0.0769233704
8003,8.003056,0,0.0109901428,1,3.11704874,-0.0988998413
8004,8.004053,0,-0.186813354,1,3.11781597,-0.0988998413
8005,8.005050,0,-0.186813354,1,3.11781597,-0.0549468994
8006,8.006063,0,0.186817169,1,3.11743259,-0.0109901428
8007,8.007049,0,0.186817169,1,3.11781597,-0.0109901428
8008,8.008054,0,-0.230770111,1,1.54114723,0.340660095
8009,8.009056,0,-0.230770111,1,3.11819935,0.0329704285
8010,8.010053,0,-0.164836884,1,3.11743259,0.0109901428
8011,8.011156,0,-0.164836884,1,3.11743259,-0.164836884
8012,8.012053,0,0.142860413,1,3.11819935,-0.0549468994
8013,8.013056,0,0.142860413,1,3.11819935,0.0329704285
8014,8.014053,0,0.0769271851,1,3.11781597,0.0769271851
8015,8.015050,0,0.0769271851,1,3.11743259,0.0549468994
8016,8.016058,0,-0.0109901428,1,3.11819935,0.0329704285
8017,8.017052,0,-0.0109901428,1,3.11858273,0.0769271851
8018,8.018190,0,0.142860413,1,3.11819935,0.120880127
8019,8.019050,0,0.142860413,1,3.11781597,0.098903656
8020,8.020170,0,-0.208789825,1,3.11819935,0.0549468994
8021,8.021177,0,-0.208789825,1,3.11896658,0.0769271851
8022,8.022177,0,0.0769271851,1,3.11819935,0.120880127
8023,8.023165,0,0.0769271851,1,3.11819935,0.098903656
8024,8.024055,0,-0.340660095,1,3.11858273,0.098903656
8025,8.025053,0,-0.340660095,1,3.11896658,0.098903656
8026,8.026050,0,-0.0988998413,1,3.11858273,0.120880127
8027,8.027061,0,-0.0988998413,1,3.11858273,0.120880127
8028,8.028050,0,-0.0988998413,1,3.11896658,0.098903656
8029,8.029053,0,-0.0988998413,1,3.11896658,0.098903656
8030,8.030050,0,0.120880127,1,3.11896658,0.098903656
8031,8.031052,0,0.120880127,1,3.11896658,0.098903656
8032,8.032057,0,-0.0329666138,1,3.11934996,0.0769271851
8033,8.033051,0,-0.0329666138,1,3.11896658,0.098903656
8034,8.034056,0,-0.340660095,1,3.11896658,0.0769271851
8035,8.035053,0,-0.340660095,1,3.11896658,0.0549468994
8036,8.036056,0,0.0109901428,1,3.11934996,0.0549468994
8037,8.037081,0,0.0109901428,1,3.11934996,0.0549468994
8038,8.038064,0,0.186817169,1,3.11934996,0.0549468994
8039,8.039050,0,0.186817169,1,3.11896658,0.0549468994
8040,8.040054,0,-0.0769233704,1,3.11934996,0.0109901428
8041,8.041055,0,-0.0769233704,1,3.11973333,0.0329704285
8042,8.042052,0,0.186817169,1,3.11896658,0.0329704285
8043,8.043053,0,0.186817169,1,3.11934996,0.0109901428
8044,8.044057,0,-0.142856598,1,3.11934996,0.0109901428
8045,8.045054,0,-0.142856598,1,3.11934996,-0.0109901428
8046,8.046050,0,-0.0329666138,1,3.11934996,-0.0109901428
8047,8.047051,0,-0.0329666138,1,3.11934996,-0.0109901428
8048,8.048084,0,0.0329704285,1,3.11934996,-0.0329666138
8049,8.049053,0,0.0329704285,1,3.11896658,-0.0329666138
8050,8.050055,0,0.098903656,1,3.11934996,-0.0329666138
8051,8.051051,0,0.098903656,1,3.11934996,-0.0109901428
8052,8.052052,0,0.340660095,1,3.11934996,-0.0109901428
8053,8.053056,0,0.340660095,1,3.11934996,-0.0109901428
8054,8.054050,0,-0.252746582,1,1.54114723,0.120880127
8055,8.055057,0,-0.252746582,1,3.11934996,0.0109901428
8056,8.056050,0,-0.0549468994,1,3.11896658,-0.0329666138
8057,8.057054,0,-0.0549468994,1,3.11858273,-0.296703339
8058,8.058055,0,0.0549468994,1,3.11858273,-0.560440063
8059,8.059079,0,0.0549468994,1,3.11858273,-0.582416534
8060,8.060054,0,0.0109901428,1,3.11781597,-0.538459778
8061,8.061056,0,0.0109901428,1,3.11781597,-0.494506836
8062,8.062052,0,0.0549468994,1,3.11704874,-0.47252655
8063,8.063053,0,0.0549468994,1,3.11743259,-0.450550079
8064,8.064153,0,0.098903656,1,3.11743259,-0.406593323
8065,8.065052,0,0.098903656,1,3.11666536,-0.31867981
8066,8.066054,0,-0.164836884,1,1.54114723,0.0549468994
8067,8.067050,0,-0.164836884,1,3.11628199,-0.296703339
8068,8.068051,0,-0.0549468994,1,3.11628199,-0.296703339
8069,8.069056,0,-0.0549468994,1,3.11522722,-0.494506836
8070,8.070130,0,0.120880127,1,3.11484385,-0.714286804
8071,8.071050,0,0.120880127,1,3.11522722,-0.714286804
8072,8.072052,0,0.230770111,1,3.11484385,-0.626373291
8073,8.073057,0,0.230770111,1,3.11369324,-0.538459778
8074,8.074051,0,-0.142856598,1,3.11369324,-0.516483307
8075,8.075051,0,-0.142856598,1,3.11369324,-0.47252655
8076,8.076053,0,0.0109901428,1,3.11369324,-0.384616852
8077,8.077051,0,0.0109901428,1,3.11254263,-0.31867981
8078,8.078052,0,-0.142856598,1,1.54124308,0.0769271851
8079,8.079050,0,-0.142856598,1,3.11254263,-0.252746582
8080,8.080051,0,0.0549468994,1,3.11254263,-0.230770111
8081,8.081057,0,0.0549468994,1,3.11177588,-0.340660095
8082,8.082052,0,-0.208789825,1,3.11215925,-0.186813354
8083,8.083057,0,-0.208789825,1,3.11215925,-0.0988998413
8084,8.084051,0,0.0549468994,1,3.11177588,-0.0109901428
8085,8.085052,0,0.0549468994,1,3.11177588,0.0109901428
8086,8.086053,0,-0.120880127,1,3.11177588,0.0109901428
8087,8.087050,0,-0.120880127,1,3.11215925,0.0549468994
8088,8.088052,0,0.142860413,1,3.11177588,0.120880127
8089,8.089049,0,0.142860413,1,3.11215925,0.142860413
8090,8.090051,0,0.0329704285,1,3.11215925,0.164836884
8091,8.091075,0,0.0329704285,1,3.11254263,0.164836884
8092,8.092055,0,-0.0329666138,1,3.11254263,0.20879364
8093,8.093050,0,-0.0329666138,1,3.11215925,0.20879364
8094,8.094055,0,0.0329704285,1,3.11254263,0.20879364
8095,8.095052,0,0.0329704285,1,3.11254263,0.20879364
8096,8.096050,0,-0.0329666138,1,3.11292648,0.230770111
8097,8.097051,0,-0.0329666138,1,3.11254263,0.230770111
8098,8.098056,0,-0.296703339,1,3.11254263,0.20879364
8099,8.099050,0,-0.296703339,1,3.11292648,0.20879364
8100,8.100055,0,0.0549468994,1,3.11330986,0.186817169
8101,8.101056,0,0.0549468994,1,3.11292648,0.186817169
8102,8.102115,0,0.142860413,1,3.11330986,0.164836884
8103,8.103050,0,0.142860413,1,3.11330986,0.164836884
8104,8.104051,0,0.20879364,1,3.11330986,0.186817169
8105,8.105051,0,0.20879364,1,3.11369324,0.142860413
8106,8.106052,0,-0.0988998413,1,3.11330986,0.142860413
8107,8.107056,0,-0.0988998413,1,3.11407661,0.142860413
8108,8.108057,0,0.0109901428,1,3.11369324,0.164836884
8109,8.109054,0,0.0109901428,1,3.11407661,0.164836884
8110,8.110055,0,-0.164836884,1,3.11369324,0.164836884
8111,8.111051,0,-0.164836884,1,3.11407661,0.142860413
8112,8.112052,0,0.0549468994,1,3.11407661,0.142860413
8113,8.113060,0,0.0549468994,1,3.11407661,0.142860413
8114,8.114053,0,-0.230770111,1,3.11446047,0.098903656
8115,8.115061,0,-0.230770111,1,3.11446047,0.098903656
8116,8.116055,0,0.0769271851,1,3.11446047,0.0769271851
8117,8.117052,0,0.0769271851,1,3.11407661,0.098903656
8118,8.118053,0,-0.274726868,1,3.11484385,0.0769271851
8119,8.119057,0,-0.274726868,1,3.11446047,0.098903656
8120,8.120050,0,0.0769271851,1,3.11446047,0.0769271851
8121,8.121054,0,0.0769271851,1,3.11484385,0.0549468994
8122,8.122055,0,0.0109901428,1,3.11446047,0.0549468994
8123,8.123089,0,0.0109901428,1,3.11446047,0.0329704285
8124,8.124056,0,-0.0109901428,1,1.54114723,0.0549468994
8125,8.125053,0,-0.0109901428,1,3.11484385,0.0109901428
8126,8.126049,0,-0.0329666138,1,3.11446047,-0.0329666138
8127,8.127050,0,-0.0329666138,1,3.11407661,-0.296703339
8128,8.128054,0,0.164836884,1,3.11407661,-0.516483307
8129,8.129055,0,0.164836884,1,3.11407661,-0.560440063
8130,8.130052,0,-0.274726868,1,3.11369324,-0.516483307
8131,8.131053,0,-0.274726868,1,3.11254263,-0.47252655
8132,8.132049,0,-0.0549468994,1,3.11254263,-0.494506836
8133,8.133051,0,-0.0549468994,1,3.11254263,-0.47252655
8134,8.134082,0,0.098903656,1,3.11215925,-0.406593323
8135,8.135052,0,0.098903656,1,3.11215925,-0.362636566
8136,8.136054,0,0.0549468994,1,1.54095554,-0.31867981
8137,8.137051,0,0.0549468994,1,3.11177588,-0.296703339
8138,8.138053,0,-0.142856598,1,3.1113925,-0.274726868
8139,8.139050,0,-0.142856598,1,3.11062527,-0.47252655
8140,8.140052,0,-0.538459778,1,3.11062527,-0.670330048
8141,8.141049,0,-0.538459778,1,3.11062527,-0.648349762
8142,8.142051,0,-0.0109901428,1,3.11062527,-0.538459778
8143,8.143056,0,-0.0109901428,1,3.10947466,-0.450550079
8144,8.144050,0,0.0769271851,1,3.10909128,-0.428569794
8145,8.145098,0,0.0769271851,1,3.10909128,-0.406593323
8146,8.146056,0,0.0109901428,1,3.10947466,-0.340660095
8147,8.147051,0,0.0109901428,1,3.10880375,-0.252746582
8148,8.148056,0,-0.0549468994,1,3.10842037,-0.230770111
8149,8.149050,0,-0.0549468994,1,3.10842037,-0.208789825
8150,8.150055,0,0.230770111,1,3.10880375,-0.142856598
8151,8.151057,0,0.230770111,1,3.10803699,-0.0769233704
8152,8.152054,0,0.120880127,1,3.10765314,-0.0769233704
8153,8.153056,0,0.120880127,1,3.10803699,-0.0769233704
8154,8.154053,0,-0.142856598,1,3.10803699,-0.0109901428
8155,8.155050,0,-0.142856598,1,3.10803699,0.0109901428
8156,8.156063,0,0.120880127,1,3.10803699,0.0549468994
8157,8.157051,0,0.120880127,1,3.10803699,0.0769271851
8158,8.158055,0,-0.0988998413,1,3.10842037,0.142860413
8159,8.159049,0,-0.0988998413,1,3.10765314,0.164836884
8160,8.160054,0,0.0109901428,1,3.10842037,0.164836884
8161,8.161056,0,0.0109901428,1,3.10842037,0.186817169
8162,8.162053,0,0.098903656,1,3.10842037,0.20879364
8163,8.163055,0,0.098903656,1,3.10842037,0.186817169
8164,8.164052,0,-0.0769233704,1,3.10842037,0.186817169
8165,8.165050,0,-0.0769233704,1,3.10880375,0.186817169
8166,8.166104,0,-0.0549468994,1,3.10880375,0.20879364
8167,8.167049,0,-0.0549468994,1,3.10909128,0.230770111
8168,8.168063,0,0.0549468994,1,3.10909128,0.230770111
8169,8.169056,0,0.0549468994,1,3.10909128,0.20879364
8170,8.170053,0,-0.0988998413,1,3.10947466,0.20879364
8171,8.171054,0,-0.0988998413,1,3.10947466,0.20879364
8172,8.172050,0,0.0769271851,1,3.10947466,0.20879364
8173,8.173052,0,0.0769271851,1,3.10947466,0.164836884
8174,8.174056,0,-0.0769233704,1,3.10985851,0.142860413
8175,8.175052,0,-0.0769233704,1,3.10947466,0.164836884
8176,8.176056,0,0.098903656,1,3.10985851,0.142860413
8177,8.177117,0,0.098903656,1,3.10985851,0.142860413
8178,8.178055,0,0.0549468994,1,3.10985851,0.120880127
8179,8.179056,0,0.0549468994,1,3.10985851,0.098903656
8180,8.180052,0,0.0769271851,1,3.10985851,0.098903656
8181,8.181053,0,0.0769271851,1,3.10985851,0.098903656
8182,8.182050,0,-0.428569794,1,1.54114723,0.0549468994
8183,8.183051,0,-0.428569794,1,3.11024189,0.0769271851
8184,8.184055,0,-0.120880127,1,3.11024189,0.0109901428
8185,8.185051,0,-0.120880127,1,3.10985851,-0.142856598
8186,8.186055,0,0.186817169,1,3.11062527,-0.0329666138
8187,8.187057,0,0.186817169,1,3.10985851,0.0109901428
8188,8.188060,0,-0.164836884,1,3.10985851,0.0329704285
8189,8.189054,0,-0.164836884,1,3.11024189,-0.0109901428
8190,8.190051,0,0.142860413,1,3.11062527,0.0109901428
8191,8.191051,0,0.142860413,1,3.11024189,0.0329704285
8192,8.192056,0,-0.164836884,1,3.11024189,0.0769271851
8193,8.193057,0,-0.164836884,1,3.11024189,0.0769271851
8194,8.194053,0,-0.0109901428,1,1.5408597,-0.230770111
8195,8.195049,0,-0.0109901428,1,3.11100864,0.0769271851
8196,8.196053,0,0.0769271851,1,3.11062527,0.0329704285
8197,8.197055,0,0.0769271851,1,3.11024189,-0.208789825
8198,8.198080,0,-0.0549468994,1,3.11100864,-0.0769233704
8199,8.199051,0,-0.0549468994,1,3.11100864,-0.0329666138
8200,8.200052,0,-0.252746582,1,3.11024189,0.0109901428
8201,8.201056,0,-0.252746582,1,3.11024189,-0.0109901428
8202,8.202051,0,0.0549468994,1,3.11100864,-0.0549468994
8203,8.203055,0,0.0549468994,1,3.11062527,-0.0109901428
8204,8.204050,0,-0.0549468994,1,3.11062527,0.0329704285
8205,8.205050,0,-0.0549468994,1,3.11024189,0.0329704285
8206,8.206053,0,0.0109901428,1,1.54105139,0.0549468994
8207,8.207050,0,0.0109901428,1,3.11062527,0.0329704285
8208,8.208052,0,-0.164836884,1,3.11062527,-0.0109901428
8209,8.209125,0,-0.164836884,1,3.10985851,-0.252746582
8210,8.210053,0,0.0329704285,1,3.11062527,-0.142856598
8211,8.211055,0,0.0329704285,1,3.11100864,-0.0988998413
8212,8.212052,0,-0.0109901428,1,3.11024189,-0.0109901428
8213,8.213054,0,-0.0109901428,1,3.11024189,-0.0109901428
8214,8.214052,0,0.0549468994,1,3.11100864,-0.0329666138
8215,8.215056,0,0.0549468994,1,3.11100864,0.0109901428
8216,8.216054,0,-0.252746582,1,3.11100864,0.0549468994
8217,8.217055,0,-0.252746582,1,3.11062527,0.0549468994
8218,8.218053,0,0.0109901428,1,3.11100864,0.0329704285
8219,8.219054,0,0.0109901428,1,3.11100864,0.0549468994
8220,8.220059,0,0.098903656,1,3.11062527,0.098903656
8221,8.221054,0,0.098903656,1,3.11100864,0.0769271851
8222,8.222051,0,-0.0329666138,1,3.11100864,0.0769271851
8223,8.223053,0,-0.0329666138,1,3.1113925,0.0769271851
8224,8.224050,0,-0.0988998413,1,3.1113925,0.120880127
8225,8.225054,0,-0.0988998413,1,3.11100864,0.120880127
8226,8.226052,0,0.0549468994,1,3.1113925,0.0769271851
8227,8.227078,0,0.0549468994,1,3.11177588,0.098903656
8228,8.228064,0,0.164836884,1,3.1113925,0.120880127
8229,8.229051,0,0.164836884,1,3.11100864,0.120880127
8230,8.230060,0,-0.208789825,1,3.1113925,0.0769271851
8231,8.231052,0,-0.208789825,1,3.11177588,0.0769271851
8232,8.232053,0,-0.0988998413,1,3.1113925,0.0769271851
8233,8.233057,0,-0.0988998413,1,3.1113925,0.0549468994
8234,8.234049,0,-0.142856598,1,3.1113925,0.0549468994
8235,8.235057,0,-0.142856598,1,3.11177588,0.0549468994
8236,8.236050,0,-0.186813354,1,3.11177588,0.0549468994
8237,8.237055,0,-0.186813354,1,3.1113925,0.0769271851
8238,8.238056,0,0.0109901428,1,3.11177588,0.0549468994
8239,8.239052,0,0.0109901428,1,3.11177588,0.0769271851
8240,8.240053,0,-0.0329666138,1,3.11177588,0.0769271851
8241,8.241127,0,-0.0329666138,1,3.11177588,0.0549468994
8242,8.242054,0,0.230770111,1,3.11215925,0.0549468994
8243,8.243055,0,0.230770111,1,3.11215925,0.0329704285
8244,8.244052,0,-0.0549468994,1,3.11215925,0.0549468994
8245,8.245056,0,-0.0549468994,1,3.1113925,0.0329704285
8246,8.246053,0,0.0329704285,1,3.11215925,0.0109901428
8247,8.247054,0,0.0329704285,1,3.11215925,0.0329704285
8248,8.248050,0,-0.208789825,1,3.11215925,0.0329704285
8249,8.249051,0,-0.208789825,1,3.11215925,0.0329704285
8250,8.250055,0,-0.0769233704,1,3.11254263,0.0109901428
8251,8.251056,0,-0.0769233704,1,3.11215925,0.0329704285
8252,8.252061,0,0.186817169,1,1.54105139,0.0329704285
8253,8.253055,0,0.186817169,1,3.11215925,0.0329704285
8254,8.254052,0,-0.186813354,1,3.11215925,-0.0329666138
8255,8.255056,0,-0.186813354,1,3.1113925,-0.186813354
8256,8.256052,0,-0.142856598,1,3.11215925,-0.0549468994
8257,8.257053,0,-0.142856598,1,3.11215925,-0.0329666138
8258,8.258050,0,0.0109901428,1,3.11177588,0.0109901428
8259,8.259051,0,0.0109901428,1,3.11177588,-0.0329666138
8260,8.260055,0,-0.0988998413,1,3.11254263,-0.0329666138
8261,8.261056,0,-0.0988998413,1,3.11254263,0.0109901428
8262,8.262090,0,0.0549468994,1,3.11215925,0.0549468994
8263,8.263053,0,0.0549468994,1,3.11215925,0.0549468994
8264,8.264055,0,0.0109901428,1,1.54124308,0.0329704285
8265,8.265054,0,0.0109901428,1,3.11254263,0.0549468994
8266,8.266055,0,0.20879364,1,3.11215925,0.0109901428
8267,8.267052,0,0.20879364,1,3.11215925,-0.164836884
8268,8.268054,0,-0.0109901428,1,3.11254263,-0.0329666138
8269,8.269052,0,-0.0109901428,1,3.11292648,0.0329704285
8270,8.270053,0,-0.120880127,1,3.11254263,0.0769271851
8271,8.271050,0,-0.120880127,1,3.11254263,0.0769271851
8272,8.272052,0,0.0329704285,1,3.11330986,0.0769271851
8273,8.273063,0,0.0329704285,1,3.11292648,0.120880127
8274,8.274053,0,-0.0769233704,1,3.11292648,0.142860413
8275,8.275050,0,-0.0769233704,1,3.11292648,0.120880127
8276,8.276055,0,-0.0769233704,1,3.11369324,0.120880127
8277,8.277049,0,-0.0769233704,1,3.11369324,0.142860413
8278,8.278063,0,0.186817169,1,3.11330986,0.142860413
8279,8.279050,0,0.186817169,1,3.11330986,0.120880127
8280,8.280055,0,0.098903656,1,3.11369324,0.098903656
8281,8.281057,0,0.098903656,1,3.11369324,0.098903656
8282,8.282054,0,0.098903656,1,3.11369324,0.098903656
8283,8.283056,0,0.098903656,1,3.11407661,0.098903656
8284,8.284065,0,0.0549468994,1,3.11369324,0.098903656
8285,8.285201,0,0.0549468994,1,3.11407661,0.098903656
8286,8.286053,0,0.20879364,1,3.11407661,0.098903656
8287,8.287107,0,0.20879364,1,3.11407661,0.098903656
8288,8.288069,0,-0.208789825,1,3.11446047,0.098903656
8289,8.289151,0,-0.208789825,1,3.11446047,0.098903656
8290,8.290154,0,-0.120880127,1,3.11446047,0.098903656
8291,8.291052,0,-0.120880127,1,3.11446047,0.098903656
8292,8.292054,0,-0.0988998413,1,3.11484385,0.098903656
8293,8.293052,0,-0.0988998413,1,3.11484385,0.098903656
8294,8.294084,0,0.0549468994,1,3.11446047,0.098903656
8295,8.295050,0,0.0549468994,1,3.11484385,0.0549468994
8296,8.296052,0,-0.0769233704,1,3.11484385,0.0549468994
8297,8.297050,0,-0.0769233704,1,3.11484385,0.0769271851
8298,8.298050,0,0.098903656,1,3.11484385,0.0549468994
8299,8.299053,0,0.098903656,1,3.11446047,0.0329704285
8300,8.300054,0,-0.0109901428,1,3.11522722,0.0109901428
8301,8.301051,0,-0.0109901428,1,3.11522722,0.0329704285
8302,8.302052,0,-0.274726868,1,3.11484385,0.0329704285
8303,8.303056,0,-0.274726868,1,3.11484385,0.0329704285
8304,8.304050,0,-0.252746582,1,3.11522722,0.0329704285
8305,8.305064,0,-0.252746582,1,3.11522722,0.0549468994
8306,8.306053,0,0.164836884,1,3.11522722,0.0549468994
8307,8.307054,0,0.164836884,1,3.11522722,0.0329704285
8308,8.308050,0,0.120880127,1,3.11522722,0.0329704285
8309,8.309052,0,0.120880127,1,3.11522722,0.0329704285
8310,8.310056,0,-0.120880127,1,1.54105139,-0.0988998413
8311,8.311057,0,-0.120880127,1,3.11522722,0.0109901428
8312,8.312053,0,-0.0549468994,1,3.11522722,-0.0549468994
8313,8.313054,0,-0.0549468994,1,3.11484385,-0.208789825
8314,8.314051,0,0.20879364,1,3.11522722,-0.0769233704
8315,8.315055,0,0.20879364,1,3.11522722,-0.0329666138
8316,8.316060,0,-0.120880127,1,3.11484385,-0.0109901428
8317,8.317054,0,-0.120880127,1,3.11484385,-0.0329666138
8318,8.318050,0,-0.208789825,1,3.1156106,-0.0549468994
8319,8.319051,0,-0.208789825,1,3.11522722,-0.0109901428
8320,8.320055,0,-0.0329666138,1,3.11522722,0.0329704285
8321,8.321056,0,-0.0329666138,1,3.11484385,0.0329704285
8322,8.322053,0,0.098903656,1,1.54114723,-0.0769233704
8323,8.323054,0,0.098903656,1,3.1156106,0.0549468994
8324,8.324050,0,-0.0769233704,1,3.1156106,0.0329704285
8325,8.325055,0,-0.0769233704,1,3.11522722,-0.208789825
8326,8.326086,0,-0.164836884,1,3.11522722,-0.428569794
8327,8.327056,0,-0.164836884,1,3.11522722,-0.450550079
8328,8.328050,0,0.120880127,1,3.11484385,-0.428569794
8329,8.329054,0,0.120880127,1,3.11407661,-0.384616852
8330,8.330055,0,-0.0549468994,1,3.11407661,-0.406593323
8331,8.331051,0,-0.0549468994,1,3.11407661,-0.384616852
8332,8.332058,0,0.0549468994,1,3.11369324,-0.31867981
8333,8.333053,0,0.0549468994,1,3.11330986,-0.274726868
8334,8.334050,0,-0.164836884,1,1.54124308,0.0769271851
8335,8.335054,0,-0.164836884,1,3.11330986,-0.230770111
8336,8.336052,0,0.120880127,1,3.11330986,-0.252746582
8337,8.337057,0,0.120880127,1,3.11215925,-0.428569794
8338,8.338050,0,0.406597137,1,3.11292648,-0.296703339
8339,8.339051,0,0.406597137,1,3.11330986,-0.208789825
8340,8.340056,0,-0.120880127,1,3.11254263,-0.120880127
8341,8.341051,0,-0.120880127,1,3.11215925,-0.0769233704
8342,8.342056,0,-0.164836884,1,3.11292648,-0.0769233704
8343,8.343050,0,-0.164836884,1,3.11330986,-0.0329666138
8344,8.344055,0,-0.0549468994,1,3.11292648,0.0549468994
8345,8.345052,0,-0.0549468994,1,3.11254263,0.0769271851
8346,8.346057,0,0.0549468994,1,3.11254263,0.0769271851
8347,8.347051,0,0.0549468994,1,3.11292648,0.098903656
8348,8.348061,0,-0.0988998413,1,3.11254263,0.142860413
8349,8.349056,0,-0.0988998413,1,3.11254263,0.142860413
8350,8.350054,0,-0.208789825,1,3.11330986,0.142860413
8351,8.351055,0,-0.208789825,1,3.11330986,0.186817169
8352,8.352053,0,-0.164836884,1,3.11292648,0.20879364
8353,8.353055,0,-0.164836884,1,3.11330986,0.20879364
8354,8.354052,0,0.0549468994,1,3.11330986,0.186817169
8355,8.355056,0,0.0549468994,1,3.11369324,0.20879364
8356,8.356054,0,-0.0329666138,1,3.11407661,0.230770111
8357,8.357056,0,-0.0329666138,1,3.11407661,0.230770111
8358,8.358082,0,0.318683624,1,3.11407661,0.230770111
8359,8.359050,0,0.318683624,1,3.11446047,0.20879364
8360,8.360052,0,0.186817169,1,3.11446047,0.20879364
8361,8.361057,0,0.186817169,1,3.11446047,0.186817169
8362,8.362051,0,0.0549468994,1,3.11484385,0.164836884
8363,8.363054,0,0.0549468994,1,3.11484385,0.186817169
8364,8.364055,0,-0.0769233704,1,3.11446047,0.164836884
8365,8.365054,0,-0.0769233704,1,3.11446047,0.142860413
8366,8.366055,0,0.0329704285,1,3.11446047,0.120880127
8367,8.367052,0,0.0329704285,1,3.11484385,0.098903656
8368,8.368053,0,-0.164836884,1,3.11484385,0.098903656
8369,8.369063,0,-0.164836884,1,3.11484385,0.098903656
8370,8.370049,0,-0.0329666138,1,3.11484385,0.0769271851
8371,8.371051,0,-0.0329666138,1,3.11522722,0.0769271851
8372,8.372055,0,0.0109901428,1,3.11484385,0.0769271851
8373,8.373056,0,0.0109901428,1,3.11522722,0.0769271851
8374,8.374053,0,0.098903656,1,3.11522722,0.0769271851
8375,8.375057,0,0.098903656,1,3.11522722,0.0549468994
8376,8.376053,0,0.0549468994,1,3.1156106,0.0549468994
8377,8.377054,0,0.0549468994,1,3.11522722,0.0549468994
8378,8.378051,0,0.098903656,1,3.1156106,0.0329704285
8379,8.379051,0,0.098903656,1,3.1156106,0.0549468994
8380,8.380063,0,0.20879364,1,1.5408597,-0.120880127
8381,8.381050,0,0.20879364,1,3.11522722,0.0329704285
8382,8.382052,0,-0.0549468994,1,3.11522722,-0.0329666138
8383,8.383061,0,-0.0549468994,1,3.11484385,-0.208789825
8384,8.384055,0,0.120880127,1,3.1156106,-0.0549468994
8385,8.385054,0,0.120880127,1,3.1156106,-0.0109901428
8386,8.386055,0,0.0329704285,1,3.1156106,0.0109901428
8387,8.387052,0,0.0329704285,1,3.11522722,-0.0109901428
8388,8.388053,0,-0.0988998413,1,3.1156106,-0.0109901428
8389,8.389050,0,-0.0988998413,1,3.11599445,0.0109901428
8390,8.390051,0,-0.31867981,1,3.11522722,0.0549468994
8391,8.391147,0,-0.31867981,1,3.1156106,0.0329704285
8392,8.392050,0,0.186817169,1,1.54076385,-0.252746582
8393,8.393052,0,0.186817169,1,3.1156106,0.0549468994
8394,8.394056,0,0.0329704285,1,3.1156106,0.0109901428
8395,8.395052,0,0.0329704285,1,3.11522722,-0.230770111
8396,8.396056,0,-0.0988998413,1,3.11484385,-0.47252655
8397,8.397050,0,-0.0988998413,1,3.1156106,-0.494506836
8398,8.398055,0,0.120880127,1,3.11484385,-0.450550079
8399,8.399056,0,0.120880127,1,3.11407661,-0.406593323
8400,8.400054,0,0.098903656,1,3.11407661,-0.406593323
8401,8.401055,0,0.098903656,1,3.11407661,-0.406593323
8402,8.402059,0,0.0329704285,1,3.11369324,-0.340660095
8403,8.403054,0,0.0329704285,1,3.11330986,-0.31867981
8404,8.404051,0,0.0769271851,1,3.11330986,-0.274726868
8405,8.405056,0,0.0769271851,1,3.11369324,-0.230770111
8406,8.406053,0,-0.0988998413,1,3.11330986,-0.164836884
8407,8.407055,0,-0.0988998413,1,3.11292648,-0.120880127
8408,8.408052,0,-0.428569794,1,3.11330986,-0.0988998413
8409,8.409054,0,-0.428569794,1,3.11330986,-0.0329666138
8410,8.410076,0,0.186817169,1,3.11330986,0.0109901428
8411,8.411161,0,0.186817169,1,3.11292648,0.0329704285
8412,8.412075,0,0.142860413,1,3.11330986,0.0549468994
8413,8.413061,0,0.142860413,1,3.11369324,0.098903656
8414,8.414055,0,-0.384616852,1,3.11369324,0.142860413
8415,8.415056,0,-0.384616852,1,3.11369324,0.164836884
8416,8.416050,0,0.164836884,1,3.11369324,0.164836884
8417,8.417055,0,0.164836884,1,3.11407661,0.164836884
8418,8.418057,0,0.20879364,1,3.11369324,0.186817169
8419,8.419054,0,0.20879364,1,3.11369324,0.186817169
8420,8.420056,0,-0.230770111,1,3.11407661,0.142860413
8421,8.421053,0,-0.230770111,1,3.11407661,0.164836884
8422,8.422055,0,-0.0109901428,1,3.11446047,0.164836884
8423,8.423052,0,-0.0109901428,1,3.11446047,0.164836884
8424,8.424059,0,0.0549468994,1,3.11446047,0.142860413
8425,8.425056,0,0.0549468994,1,3.11446047,0.142860413
8426,8.426053,0,0.142860413,1,3.11446047,0.142860413
8427,8.427055,0,0.142860413,1,3.11446047,0.142860413
8428,8.428052,0,-0.0329666138,1,3.11484385,0.142860413
8429,8.429053,0,-0.0329666138,1,3.11484385,0.142860413
8430,8.430056,0,0.274726868,1,3.11522722,0.142860413
8431,8.431050,0,0.274726868,1,3.11484385,0.142860413
8432,8.432054,0,0.098903656,1,3.11522722,0.120880127
8433,8.433055,0,0.098903656,1,3.11522722,0.120880127
8434,8.434051,0,-0.0769233704,1,3.11522722,0.098903656
8435,8.435060,0,-0.0769233704,1,3.11522722,0.098903656
8436,8.436056,0,-0.384616852,1,3.11522722,0.0769271851
8437,8.437051,0,-0.384616852,1,3.1156106,0.0549468994
8438,8.438055,0,-0.0109901428,1,1.54095554,-0.186813354
8439,8.439056,0,-0.0109901428,1,3.11522722,0.0549468994
8440,8.440052,0,-0.120880127,1,3.11522722,-0.0109901428
8441,8.441160,0,-0.120880127,1,3.11446047,-0.274726868
8442,8.442056,0,-0.0769233704,1,3.11407661,-0.516483307
8443,8.443050,0,-0.0769233704,1,3.11446047,-0.560440063
8444,8.444054,0,-0.0109901428,1,3.11407661,-0.516483307
8445,8.445051,0,-0.0109901428,1,3.11330986,-0.494506836
8446,8.446061,0,-0.230770111,1,3.11292648,-0.494506836
8447,8.447055,0,-0.230770111,1,3.11292648,-0.494506836
8448,8.448051,0,-0.186813354,1,3.11330986,-0.428569794
8449,8.449052,0,-0.186813354,1,3.11215925,-0.362636566
8450,8.450056,0,0.340660095,1,1.5408597,-0.186813354
8451,8.451050,0,0.340660095,1,3.11215925,-0.296703339
8452,8.452054,0,0.0549468994,1,3.11215925,-0.274726868
8453,8.453055,0,0.0549468994,1,3.1113925,-0.384616852
8454,8.454052,0,-0.120880127,1,3.11215925,-0.230770111
8455,8.455056,0,-0.120880127,1,3.11215925,-0.142856598
8456,8.456107,0,0.230770111,1,3.11177588,-0.0549468994
8457,8.457052,0,0.230770111,1,3.1113925,-0.0329666138
8458,8.458054,0,-0.164836884,1,3.11215925,-0.0109901428
8459,8.459050,0,-0.164836884,1,3.11215925,0.0549468994
8460,8.460051,0,-0.120880127,1,3.11177588,0.098903656
8461,8.461056,0,-0.120880127,1,3.11177588,0.098903656
8462,8.462057,0,0.0549468994,1,1.5408597,-0.252746582
8463,8.463053,0,0.0549468994,1,3.11215925,0.142860413
8464,8.464055,0,0.0109901428,1,3.11215925,0.120880127
8465,8.465055,0,0.0109901428,1,3.11177588,-0.0109901428
8466,8.466049,0,-0.0329666138,1,3.11254263,0.098903656
8467,8.467081,0,-0.0329666138,1,3.11292648,0.142860413
8468,8.468049,0,-0.164836884,1,3.11254263,0.20879364
8469,8.469052,0,-0.164836884,1,3.11254263,0.164836884
8470,8.470049,0,0.0549468994,1,3.11292648,0.164836884
8471,8.471051,0,0.0549468994,1,3.11330986,0.186817169
8472,8.472056,0,-0.0988998413,1,3.11292648,0.230770111
8473,8.473050,0,-0.0988998413,1,3.11292648,0.186817169
8474,8.474055,0,0.230770111,1,3.11330986,0.164836884
8475,8.475052,0,0.230770111,1,3.11330986,0.164836884
8476,8.476050,0,0.142860413,1,3.11330986,0.186817169
8477,8.477052,0,0.142860413,1,3.11330986,0.186817169
8478,8.478075,0,-0.0769233704,1,3.11407661,0.164836884
8479,8.479056,0,-0.0769233704,1,3.11407661,0.186817169
8480,8.480051,0,-0.0769233704,1,3.11369324,0.20879364
8481,8.481056,0,-0.0769233704,1,3.11407661,0.186817169
8482,8.482050,0,-0.142856598,1,3.11407661,0.164836884
8483,8.483055,0,-0.142856598,1,3.11446047,0.164836884
8484,8.484057,0,0.098903656,1,3.11446047,0.164836884
8485,8.485050,0,0.098903656,1,3.11446047,0.164836884
8486,8.486051,0,-0.0769233704,1,3.11484385,0.142860413
8487,8.487056,0,-0.0769233704,1,3.11484385,0.142860413
8488,8.488050,0,-0.0769233704,1,3.11484385,0.164836884
8489,8.489061,0,-0.0769233704,1,3.11484385,0.142860413
8490,8.490056,0,0.0549468994,1,3.11522722,0.120880127
8491,8.491053,0,0.0549468994,1,3.11522722,0.120880127
8492,8.492058,0,0.142860413,1,3.11522722,0.098903656
8493,8.493053,0,0.142860413,1,3.11522722,0.098903656
8494,8.494177,0,-0.0329666138,1,3.11522722,0.0549468994
8495,8.495191,0,-0.0329666138,1,3.11522722,0.0549468994
8496,8.496075,0,-0.0329666138,1,3.11522722,0.0549468994
8497,8.497065,0,-0.0329666138,1,3.11522722,0.0549468994
8498,8.498171,0,-0.0988998413,1,3.1156106,0.0329704285
8499,8.499092,0,-0.0988998413,1,3.11522722,0.0329704285
8500,8.500054,0,-0.0109901428,1,3.11522722,0.0109901428
8501,8.501056,0,-0.0109901428,1,3.1156106,0.0109901428
8502,8.502052,0,0.0109901428,1,3.1156106,0.0109901428
8503,8.503053,0,0.0109901428,1,3.1156106,0.0109901428
8504,8.504050,0,0.0329704285,1,3.11522722,0.0109901428
8505,8.505054,0,0.0329704285,1,3.11522722,-0.0109901428
8506,8.506050,0,-0.0329666138,1,3.11522722,-0.0329666138
8507,8.507051,0,-0.0329666138,1,3.11522722,-0.0329666138
8508,8.508055,0,-0.0988998413,1,1.54066753,-0.362636566
8509,8.509057,0,-0.0988998413,1,3.1156106,-0.0329666138
8510,8.510124,0,0.0549468994,1,3.11522722,-0.0769233704
8511,8.511053,0,0.0549468994,1,3.11484385,-0.31867981
8512,8.512055,0,0.0109901428,1,3.11446047,-0.538459778
8513,8.513051,0,0.0109901428,1,3.11484385,-0.582416534
8514,8.514052,0,-0.0549468994,1,3.11446047,-0.516483307
8515,8.515051,0,-0.0549468994,1,3.11369324,-0.450550079
8516,8.516052,0,0.0769271851,1,3.11369324,-0.47252655
8517,8.517057,0,0.0769271851,1,3.11330986,-0.450550079
8518,8.518050,0,0.252750397,1,3.11330986,-0.406593323
8519,8.519054,0,0.252750397,1,3.11292648,-0.340660095
8520,8.520055,0,-0.208789825,1,1.54105139,0.0549468994
8521,8.521059,0,-0.208789825,1,3.11254263,-0.252746582
8522,8.522053,0,-0.230770111,1,3.11254263,-0.296703339
8523,8.523057,0,-0.230770111,1,3.1113925,-0.47252655
8524,8.524050,0,-0.120880127,1,3.11177588,-0.340660095
8525,8.525050,0,-0.120880127,1,3.11215925,-0.252746582
8526,8.526051,0,0.0549468994,1,3.1113925,-0.142856598
8527,8.527055,0,0.0549468994,1,3.11100864,-0.120880127
8528,8.528056,0,-0.0109901428,1,3.11177588,-0.142856598
8529,8.529053,0,-0.0109901428,1,3.11177588,-0.0549468994
8530,8.530055,0,0.0549468994,1,3.1113925,-0.0109901428
8531,8.531111,0,0.0549468994,1,3.1113925,0.0109901428
8532,8.532056,0,0.0549468994,1,3.11177588,0.0329704285
8533,8.533050,0,0.0549468994,1,3.11215925,0.098903656
8534,8.534055,0,0.142860413,1,3.11177588,0.142860413
8535,8.535052,0,0.142860413,1,3.11177588,0.142860413
8536,8.536050,0,0.0329704285,1,3.11215925,0.164836884
8537,8.537051,0,0.0329704285,1,3.11254263,0.186817169
8538,8.538056,0,0.0329704285,1,3.11215925,0.230770111
8539,8.539050,0,0.0329704285,1,3.11215925,0.230770111
8540,8.540055,0,0.098903656,1,3.11292648,0.230770111
8541,8.541050,0,0.098903656,1,3.11292648,0.230770111
8542,8.542100,0,-0.0988998413,1,3.11330986,0.252750397
8543,8.543051,0,-0.0988998413,1,3.11330986,0.252750397
8544,8.544053,0,0.0109901428,1,3.11330986,0.252750397
8545,8.545053,0,0.0109901428,1,3.11369324,0.230770111
8546,8.546055,0,-0.186813354,1,3.11330986,0.230770111
8547,8.547052,0,-0.186813354,1,3.11369324,0.20879364
8548,8.548054,0,0.0769271851,1,3.11369324,0.186817169
8549,8.549126,0,0.0769271851,1,3.11369324,0.186817169
8550,8.550054,0,-0.0549468994,1,3.11369324,0.164836884
8551,8.551056,0,-0.0549468994,1,3.11407661,0.142860413
8552,8.552053,0,0.0109901428,1,3.11369324,0.120880127
8553,8.553060,0,0.0109901428,1,3.11446047,0.120880127
8554,8.554054,0,-0.0109901428,1,3.11446047,0.142860413
8555,8.555055,0,-0.0109901428,1,3.11446047,0.142860413
8556,8.556057,0,0.098903656,1,3.11446047,0.120880127
8557,8.557054,0,0.098903656,1,3.11446047,0.120880127
8558,8.558056,0,0.142860413,1,3.11446047,0.098903656
8559,8.559053,0,0.142860413,1,3.11446047,0.098903656
8560,8.560053,0,-0.186813354,1,3.11446047,0.0769271851
8561,8.561057,0,-0.186813354,1,3.11484385,0.0549468994
8562,8.562050,0,-0.0329666138,1,3.11407661,0.0549468994
8563,8.563073,0,-0.0329666138,1,3.11446047,0.0329704285
8564,8.564056,0,0.120880127,1,3.11446047,0.0109901428
8565,8.565054,0,0.120880127,1,3.11446047,0.0109901428
8566,8.566050,0,0.0769271851,1,1.54114723,0.0109901428
8567,8.567051,0,0.0769271851,1,3.11484385,-0.0109901428
8568,8.568055,0,-0.0549468994,1,3.11446047,-0.0329666138
8569,8.569056,0,-0.0549468994,1,3.11407661,-0.296703339
8570,8.570053,0,-0.340660095,1,3.11330986,-0.538459778
8571,8.571054,0,-0.340660095,1,3.11407661,-0.560440063
8572,8.572050,0,-0.0109901428,1,3.11330986,-0.516483307
8573,8.573052,0,-0.0109901428,1,3.11292648,-0.494506836
8574,8.574096,0,-0.450550079,1,3.11254263,-0.494506836
8575,8.575057,0,-0.450550079,1,3.11254263,-0.47252655
8576,8.576051,0,-0.0329666138,1,3.11215925,-0.406593323
8577,8.577055,0,-0.0329666138,1,3.11177588,-0.362636566
8578,8.578056,0,-0.164836884,1,1.54124308,0.142860413
8579,8.579052,0,-0.164836884,1,3.11177588,-0.296703339
8580,8.580053,0,0.120880127,1,3.1113925,-0.296703339
8581,8.581050,0,0.120880127,1,3.11062527,-0.406593323
8582,8.582051,0,0.0549468994,1,3.11100864,-0.230770111
8583,8.583055,0,0.0549468994,1,3.1113925,-0.164836884
8584,8.584056,0,-0.186813354,1,3.11100864,-0.0769233704
8585,8.585065,0,-0.186813354,1,3.11100864,-0.0549468994
8586,8.586051,0,0.164836884,1,3.1113925,-0.0109901428
8587,8.587055,0,0.164836884,1,3.1113925,0.0549468994
8588,8.588056,0,-0.208789825,1,3.11100864,0.098903656
8589,8.589053,0,-0.208789825,1,3.1113925,0.120880127
8590,8.590054,0,-0.142856598,1,1.54114723,0.120880127
8591,8.591050,0,-0.142856598,1,3.11177588,0.142860413
8592,8.592051,0,-0.0329666138,1,3.1113925,0.142860413
8593,8.593055,0,-0.0329666138,1,3.11100864,-0.0988998413
8594,8.594056,0,0.142860413,1,3.11062527,-0.340660095
8595,8.595081,0,0.142860413,1,3.1113925,-0.362636566
8596,8.596063,0,0.318683624,1,3.1113925,-0.31867981
8597,8.597051,0,0.318683624,1,3.10985851,-0.274726868
8598,8.598056,0,0.0769271851,1,3.11024189,-0.296703339
8599,8.599050,0,0.0769271851,1,3.11062527,-0.274726868
8600,8.600064,0,-0.208789825,1,3.11024189,-0.208789825
8601,8.601051,0,-0.208789825,1,3.10947466,-0.164836884
8602,8.602056,0,-0.230770111,1,3.10947466,-0.164836884
8603,8.603050,0,-0.230770111,1,3.10985851,-0.120880127
8604,8.604055,0,0.142860413,1,3.10985851,-0.0769233704
8605,8.605052,0,0.142860413,1,3.10947466,-0.0329666138
8606,8.606050,0,-0.0988998413,1,3.10909128,-0.0109901428
8607,8.607064,0,-0.0988998413,1,3.10985851,0.0109901428
8608,8.608051,0,-0.252746582,1,3.10985851,0.0549468994
8609,8.609056,0,-0.252746582,1,3.10947466,0.098903656
8610,8.610050,0,0.0109901428,1,3.10985851,0.098903656
8611,8.611054,0,0.0109901428,1,3.11024189,0.120880127
8612,8.612150,0,-0.0109901428,1,3.11024189,0.164836884
8613,8.613049,0,-0.0109901428,1,3.10985851,0.186817169
8614,8.614052,0,0.20879364,1,3.10985851,0.164836884
8615,8.615052,0,0.20879364,1,3.10985851,0.164836884
8616,8.616054,0,-0.0769233704,1,3.11024189,0.164836884
8617,8.617051,0,-0.0769233704,1,3.11024189,0.186817169
8618,8.618059,0,-0.230770111,1,3.11062527,0.164836884
8619,8.619053,0,-0.230770111,1,3.11062527,0.186817169
8620,8.620050,0,0.0549468994,1,3.11062527,0.186817169
8621,8.621052,0,0.0549468994,1,3.11062527,0.164836884
8622,8.622050,0,-0.0109901428,1,3.11062527,0.142860413
8623,8.623051,0,-0.0109901428,1,3.11100864,0.164836884
8624,8.624056,0,0.186817169,1,3.11100864,0.142860413
8625,8.625053,0,0.186817169,1,3.11100864,0.142860413
8626,8.626056,0,-0.186813354,1,3.1113925,0.120880127
8627,8.627056,0,-0.186813354,1,3.11100864,0.142860413
8628,8.628143,0,-0.0329666138,1,3.1113925,0.142860413
8629,8.629052,0,-0.0329666138,1,3.11100864,0.120880127
8630,8.630053,0,0.186817169,1,3.11177588,0.098903656
8631,8.631049,0,0.186817169,1,3.1113925,0.098903656
8632,8.632051,0,0.142860413,1,3.11100864,0.098903656
8633,8.633055,0,0.142860413,1,3.1113925,0.0769271851
8634,8.634056,0,-0.142856598,1,3.1113925,0.0769271851
8635,8.635055,0,-0.142856598,1,3.11177588,0.0549468994
8636,8.636056,0,-0.142856598,1,1.54105139,-0.142856598
8637,8.637053,0,-0.142856598,1,3.1113925,0.0329704285
8638,8.638054,0,0.0549468994,1,3.11177588,-0.0329666138
8639,8.639099,0,0.0549468994,1,3.1113925,-0.186813354
8640,8.640050,0,0.0329704285,1,3.11177588,-0.0329666138
8641,8.641051,0,0.0329704285,1,3.11177588,0.0109901428
8642,8.642055,0,0.098903656,1,3.1113925,0.0329704285
8643,8.643056,0,0.098903656,1,3.1113925,0.0109901428
8644,8.644053,0,0.252750397,1,3.11177588,0.0109901428
8645,8.645050,0,0.252750397,1,3.11254263,0.0549468994
8646,8.646054,0,-0.164836884,1,3.11177588,0.098903656
8647,8.647055,0,-0.164836884,1,3.11177588,0.0769271851
8648,8.648051,0,0.0109901428,1,1.54124308,0.0769271851
8649,8.649052,0,0.0109901428,1,3.11215925,0.098903656
8650,8.650064,0,0.296707153,1,3.11215925,0.0549468994
8651,8.651050,0,0.296707153,1,3.11177588,-0.120880127
8652,8.652054,0,-0.120880127,1,3.11254263,-0.0109901428
8653,8.653111,0,-0.120880127,1,3.11254263,0.0549468994
8654,8.654054,0,-0.0769233704,1,3.11215925,0.098903656
8655,8.655050,0,-0.0769233704,1,3.11215925,0.0769271851
8656,8.656055,0,-0.0769233704,1,3.11254263,0.0549468994
8657,8.657056,0,-0.0769233704,1,3.11330986,0.098903656
8658,8.658052,0,-0.0329666138,1,3.11254263,0.120880127
8659,8.659053,0,-0.0329666138,1,3.11254263,0.098903656
8660,8.660107,0,0.120880127,1,3.11292648,0.0549468994
8661,8.661053,0,0.120880127,1,3.11330986,0.098903656
8662,8.662055,0,-0.0109901428,1,3.11292648,0.142860413
8663,8.663052,0,-0.0109901428,1,3.11330986,0.120880127
8664,8.664054,0,0.0769271851,1,3.11330986,0.120880127
8665,8.665054,0,0.0769271851,1,3.11369324,0.098903656
8666,8.666056,0,-0.0109901428,1,3.11330986,0.120880127
8667,8.667054,0,-0.0109901428,1,3.11330986,0.120880127
8668,8.668055,0,0.20879364,1,3.11330986,0.0769271851
8669,8.669053,0,0.20879364,1,3.11407661,0.098903656
8670,8.670055,0,-0.120880127,1,3.11369324,0.120880127
8671,8.671085,0,-0.120880127,1,3.11330986,0.120880127
8672,8.672052,0,0.0769271851,1,3.11407661,0.098903656
8673,8.673054,0,0.0769271851,1,3.11407661,0.098903656
8674,8.674051,0,-0.120880127,1,3.11407661,0.098903656
8675,8.675056,0,-0.120880127,1,3.11446047,0.098903656
8676,8.676053,0,-0.164836884,1,3.11446047,0.098903656
8677,8.677055,0,-0.164836884,1,3.11484385,0.098903656
8678,8.678053,0,0.0549468994,1,3.11446047,0.098903656
8679,8.679054,0,0.0549468994,1,3.11446047,0.0769271851
8680,8.680051,0,-0.186813354,1,3.11484385,0.0769271851
8681,8.681053,0,-0.186813354,1,3.11446047,0.0769271851
8682,8.682058,0,-0.0329666138,1,3.11446047,0.0769271851
8683,8.683052,0,-0.0329666138,1,3.11484385,0.0549468994
8684,8.684049,0,0.230770111,1,3.11484385,0.0329704285
8685,8.685055,0,0.230770111,1,3.11446047,0.0329704285
8686,8.686052,0,-0.186813354,1,3.11446047,0.0109901428
8687,8.687054,0,-0.186813354,1,3.11446047,-0.0109901428
8688,8.688051,0,-0.142856598,1,3.11484385,-0.0109901428
8689,8.689053,0,-0.142856598,1,3.11484385,-0.0109901428
8690,8.690050,0,0.120880127,1,3.11446047,-0.0109901428
8691,8.691050,0,0.120880127,1,3.11446047,-0.0109901428
8692,8.692085,0,-0.230770111,1,3.11484385,0.0109901428
8693,8.693053,0,-0.230770111,1,3.11446047,0.0329704285
8694,8.694055,0,0.0329704285,1,1.54095554,-0.0329666138
8695,8.695054,0,0.0329704285,1,3.11484385,0.0109901428
8696,8.696055,0,-0.208789825,1,3.11484385,-0.0549468994
8697,8.697052,0,-0.208789825,1,3.11407661,-0.296703339
8698,8.698053,0,0.0109901428,1,3.11369324,-0.516483307
8699,8.699174,0,0.0109901428,1,3.11407661,-0.560440063
8700,8.700159,0,0.0769271851,1,3.11369324,-0.516483307
8701,8.701099,0,0.0769271851,1,3.11292648,-0.47252655
8702,8.702134,0,-0.0109901428,1,3.11292648,-0.47252655
8703,8.703116,0,-0.0109901428,1,3.11292648,-0.450550079
8704,8.704169,0,0.098903656,1,3.11254263,-0.384616852
8705,8.705075,0,0.098903656,1,3.11215925,-0.31867981
8706,8.706052,0,-0.252746582,1,1.5408597,-0.120880127
8707,8.707053,0,-0.252746582,1,3.11177588,-0.296703339
8708,8.708050,0,-0.120880127,1,3.11215925,-0.274726868
8709,8.709051,0,-0.120880127,1,3.11100864,-0.384616852
8710,8.710055,0,0.164836884,1,3.11177588,-0.208789825
8711,8.711057,0,0.164836884,1,3.11177588,-0.142856598
8712,8.712053,0,0.274726868,1,3.1113925,-0.0769233704
8713,8.713054,0,0.274726868,1,3.11100864,-0.0329666138
8714,8.714061,0,-0.296703339,1,3.11177588,-0.0329666138
8715,8.715055,0,-0.296703339,1,3.11177588,0.0329704285
8716,8.716056,0,0.0769271851,1,3.11177588,0.098903656
8717,8.717053,0,0.0769271851,1,3.1113925,0.098903656
8718,8.718054,0,0.0109901428,1,1.54124308,-0.252746582
8719,8.719051,0,0.0109901428,1,3.11215925,0.164836884
8720,8.720052,0,-0.0549468994,1,3.11177588,0.120880127
8721,8.721056,0,-0.0549468994,1,3.1113925,-0.0329666138
8722,8.722057,0,0.0329704285,1,3.11215925,0.0769271851
8723,8.723053,0,0.0329704285,1,3.11254263,0.142860413
8724,8.724054,0,0.164836884,1,3.11177588,0.20879364
8725,8.725063,0,0.164836884,1,3.11177588,0.186817169
8726,8.726050,0,-0.186813354,1,3.11254263,0.164836884
8727,8.727054,0,-0.186813354,1,3.11254263,0.20879364
8728,8.728056,0,0.120880127,1,3.11254263,0.230770111
8729,8.729054,0,0.120880127,1,3.11292648,0.20879364
8730,8.730055,0,-0.120880127,1,3.11292648,0.186817169
8731,8.731053,0,-0.120880127,1,3.11330986,0.20879364
8732,8.732054,0,0.098903656,1,3.11330986,0.230770111
8733,8.733052,0,0.098903656,1,3.11330986,0.20879364
8734,8.734054,0,0.164836884,1,3.11369324,0.186817169
8735,8.735107,0,0.164836884,1,3.11407661,0.20879364
8736,8.736055,0,0.0329704285,1,3.11369324,0.230770111
8737,8.737050,0,0.0329704285,1,3.11330986,0.186817169
8738,8.738055,0,-0.230770111,1,3.11407661,0.142860413
8739,8.739056,0,-0.230770111,1,3.11407661,0.142860413
8740,8.740054,0,-0.208789825,1,3.11446047,0.142860413
8741,8.741056,0,-0.208789825,1,3.11446047,0.142860413
8742,8.742053,0,-0.0329666138,1,3.11446047,0.120880127
8743,8.743055,0,-0.0329666138,1,3.11446047,0.120880127
8744,8.744052,0,0.186817169,1,3.11446047,0.120880127
8745,8.745049,0,0.186817169,1,3.11446047,0.098903656
8746,8.746132,0,-0.142856598,1,3.11484385,0.0769271851
8747,8.747052,0,-0.142856598,1,3.11484385,0.0769271851
8748,8.748054,0,-0.0109901428,1,3.11484385,0.0769271851
8749,8.749052,0,-0.0109901428,1,3.11484385,0.0769271851
8750,8.750054,0,0.0329704285,1,3.11522722,0.0769271851
8751,8.751051,0,0.0329704285,1,3.11484385,0.098903656
8752,8.752053,0,0.142860413,1,3.11484385,0.098903656
8753,8.753050,0,0.142860413,1,3.11522722,0.0549468994
8754,8.754052,0,-0.120880127,1,3.11522722,0.0549468994
8755,8.755052,0,-0.120880127,1,3.11522722,0.0549468994
8756,8.756053,0,-0.0769233704,1,3.11522722,0.0549468994
8757,8.757057,0,-0.0769233704,1,3.11522722,0.0329704285
8758,8.758051,0,-0.120880127,1,3.11522722,0.0329704285
8759,8.759055,0,-0.120880127,1,3.11522722,0.0329704285
8760,8.760056,0,-0.164836884,1,3.11522722,0.0109901428
8761,8.761052,0,-0.164836884,1,3.11522722,-0.0109901428
8762,8.762053,0,0.142860413,1,3.1156106,-0.0109901428
8763,8.763062,0,0.142860413,1,3.11522722,0.0109901428
8764,8.764055,0,0.0109901428,1,1.54133892,0.142860413
8765,8.765055,0,0.0109901428,1,3.11522722,-0.0109901428
8766,8.766057,0,-0.252746582,1,3.1156106,-0.0769233704
8767,8.767064,0,-0.252746582,1,3.11446047,-0.31867981
8768,8.768056,0,-0.0329666138,1,3.11407661,-0.538459778
8769,8.769050,0,-0.0329666138,1,3.11484385,-0.582416534
8770,8.770054,0,-0.142856598,1,3.11407661,-0.516483307
8771,8.771055,0,-0.142856598,1,3.11330986,-0.494506836
8772,8.772051,0,0.296707153,1,3.11292648,-0.494506836
8773,8.773053,0,0.296707153,1,3.11330986,-0.47252655
8774,8.774057,0,0.0109901428,1,3.11292648,-0.428569794
8775,8.775053,0,0.0109901428,1,3.11254263,-0.362636566
8776,8.776050,0,0.0769271851,1,1.54105139,0.0549468994
8777,8.777051,0,0.0769271851,1,3.11215925,-0.31867981
8778,8.778133,0,0.0329704285,1,3.11215925,-0.296703339
8779,8.779055,0,0.0329704285,1,3.1113925,-0.406593323
8780,8.780057,0,-0.0769233704,1,3.11215925,-0.252746582
8781,8.781053,0,-0.0769233704,1,3.11254263,-0.142856598
8782,8.782054,0,-0.0329666138,1,3.11177588,-0.0329666138
8783,8.783051,0,-0.0329666138,1,3.1113925,-0.0109901428
8784,8.784052,0,-0.0988998413,1,3.11177588,-0.0109901428
8785,8.785051,0,-0.0988998413,1,3.11215925,0.0329704285
8786,8.786052,0,0.362640381,1,3.11215925,0.098903656
8787,8.787056,0,0.362640381,1,3.11177588,0.120880127
8788,8.788050,0,0.0769271851,1,3.11215925,0.120880127
8789,8.789061,0,0.0769271851,1,3.11254263,0.142860413
8790,8.790055,0,-0.252746582,1,3.11215925,0.164836884
8791,8.791051,0,-0.252746582,1,3.11215925,0.164836884
8792,8.792053,0,0.098903656,1,3.11215925,0.164836884
8793,8.793050,0,0.098903656,1,3.11292648,0.164836884
8794,8.794052,0,0.0109901428,1,3.11292648,0.186817169
8795,8.795052,0,0.0109901428,1,3.11254263,0.20879364
8796,8.796054,0,-0.0769233704,1,3.11292648,0.186817169
8797,8.797052,0,-0.0769233704,1,3.11330986,0.186817169
8798,8.798053,0,0.098903656,1,3.11330986,0.20879364
8799,8.799108,0,0.098903656,1,3.11330986,0.20879364
8800,8.800050,0,0.186817169,1,3.11369324,0.20879364
8801,8.801052,0,0.186817169,1,3.11369324,0.20879364
8802,8.802057,0,-0.186813354,1,3.11369324,0.20879364
8803,8.803051,0,-0.186813354,1,3.11407661,0.20879364
8804,8.804056,0,-0.142856598,1,3.11407661,0.20879364
8805,8.805054,0,-0.142856598,1,3.11446047,0.20879364
8806,8.806051,0,-0.0109901428,1,3.11407661,0.186817169
8807,8.807053,0,-0.0109901428,1,3.11446047,0.164836884
8808,8.808050,0,0.252750397,1,3.11484385,0.142860413
8809,8.809051,0,0.252750397,1,3.11446047,0.164836884
8810,8.810139,0,0.0329704285,1,3.11484385,0.142860413
8811,8.811051,0,0.0329704285,1,3.11446047,0.120880127
8812,8.812053,0,0.142860413,1,3.11484385,0.098903656
8813,8.813051,0,0.142860413,1,3.11484385,0.098903656
8814,8.814052,0,-0.186813354,1,3.11484385,0.0769271851
8815,8.815052,0,-0.186813354,1,3.11484385,0.0549468994
8816,8.816054,0,-0.164836884,1,3.11484385,0.0329704285
8817,8.817051,0,-0.164836884,1,3.11484385,0.0329704285
8818,8.818053,0,-0.186813354,1,3.11484385,0.0329704285
8819,8.819050,0,-0.186813354,1,3.11484385,0.0329704285
8820,8.820052,0,-0.208789825,1,3.11484385,0.0329704285
8821,8.821060,0,-0.208789825,1,3.11522722,0.0109901428
8822,8.822053,0,0.0329704285,1,1.54114723,0.142860413
8823,8.823056,0,0.0329704285,1,3.11484385,0.0109901428
8824,8.824061,0,0.20879364,1,3.11484385,-0.0329666138
8825,8.825050,0,0.20879364,1,3.11407661,-0.31867981
8826,8.826054,0,0.0329704285,1,3.11369324,-0.560440063
8827,8.827055,0,0.0329704285,1,3.11407661,-0.60439682
8828,8.828052,0,0.0329704285,1,3.11369324,-0.560440063
8829,8.829053,0,0.0329704285,1,3.11292648,-0.516483307
8830,8.830050,0,0.0769271851,1,3.11254263,-0.494506836
8831,8.831051,0,0.0769271851,1,3.11292648,-0.494506836
8832,8.832060,0,-0.252746582,1,3.11254263,-0.406593323
8833,8.833053,0,-0.252746582,1,3.11177588,-0.362636566
8834,8.834050,0,-0.0329666138,1,1.54076385,-0.340660095
8835,8.835088,0,-0.0329666138,1,3.11215925,-0.296703339
8836,8.836054,0,0.0109901428,1,3.11215925,-0.274726868
8837,8.837056,0,0.0109901428,1,3.11100864,-0.450550079
8838,8.838052,0,0.120880127,1,3.11062527,-0.648349762
8839,8.839053,0,0.120880127,1,3.11100864,-0.648349762
8840,8.840050,0,-0.0109901428,1,3.11062527,-0.560440063
8841,8.841051,0,-0.0109901428,1,3.10985851,-0.47252655
8842,8.842113,0,-0.120880127,1,3.10909128,-0.450550079
8843,8.843051,0,-0.120880127,1,3.10985851,-0.428569794
8844,8.844052,0,-0.0109901428,1,3.10947466,-0.340660095
8845,8.845052,0,-0.0109901428,1,3.10880375,-0.274726868
8846,8.846053,0,-0.274726868,1,1.54114723,-0.230770111
8847,8.847050,0,-0.274726868,1,3.10880375,-0.230770111
8848,8.848051,0,0.20879364,1,3.10842037,-0.186813354
8849,8.849055,0,0.20879364,1,3.10765314,-0.31867981
8850,8.850056,0,0.0549468994,1,3.10803699,-0.164836884
8851,8.851052,0,0.0549468994,1,3.10803699,-0.120880127
8852,8.852054,0,0.142860413,1,3.10803699,-0.0329666138
8853,8.853078,0,0.142860413,1,3.10803699,0.0109901428
8854,8.854056,0,0.230770111,1,3.10803699,0.0329704285
8855,8.855053,0,0.230770111,1,3.10842037,0.098903656
8856,8.856057,0,-0.120880127,1,3.10803699,0.164836884
8857,8.857051,0,-0.120880127,1,3.10842037,0.186817169
8858,8.858056,0,0.0109901428,1,3.10842037,0.20879364
8859,8.859050,0,0.0109901428,1,3.10880375,0.230770111
8860,8.860055,0,0.0109901428,1,3.10880375,0.252750397
8861,8.861049,0,0.0109901428,1,3.10842037,0.230770111
8862,8.862054,0,-0.0329666138,1,3.10880375,0.20879364
8863,8.863056,0,-0.0329666138,1,3.10909128,0.230770111
8864,8.864059,0,0.186817169,1,3.10909128,0.252750397
8865,8.865052,0,0.186817169,1,3.10909128,0.252750397
8866,8.866054,0,-0.0769233704,1,3.10947466,0.230770111
8867,8.867051,0,-0.0769233704,1,3.10947466,0.252750397
8868,8.868053,0,0.0769271851,1,3.10947466,0.252750397
8869,8.869051,0,0.0769271851,1,3.10947466,0.230770111
8870,8.870052,0,-0.142856598,1,3.10985851,0.20879364
8871,8.871050,0,-0.142856598,1,3.10985851,0.20879364
8872,8.872051,0,0.120880127,1,3.11024189,0.20879364
8873,8.873056,0,0.120880127,1,3.11024189,0.20879364
8874,8.874050,0,0.0769271851,1,3.11062527,0.186817169
8875,8.875063,0,0.0769271851,1,3.11062527,0.186817169
8876,8.876059,0,-0.0988998413,1,3.11062527,0.186817169
8877,8.877054,0,-0.0988998413,1,3.11062527,0.186817169
8878,8.878051,0,0.142860413,1,3.11062527,0.164836884
8879,8.879053,0,0.142860413,1,3.11100864,0.164836884
8880,8.880050,0,-0.142856598,1,3.11100864,0.164836884
8881,8.881051,0,-0.142856598,1,3.1113925,0.142860413
8882,8.882056,0,-0.0109901428,1,3.1113925,0.142860413
8883,8.883050,0,-0.0109901428,1,3.1113925,0.120880127
8884,8.884055,0,-0.120880127,1,3.1113925,0.120880127
8885,8.885090,0,-0.120880127,1,3.1113925,0.120880127
8886,8.886053,0,-0.0549468994,1,3.1113925,0.098903656
8887,8.887054,0,-0.0549468994,1,3.11177588,0.0769271851
8888,8.888050,0,0.0329704285,1,3.1113925,0.0769271851
8889,8.889050,0,0.0329704285,1,3.11177588,0.0549468994
8890,8.890054,0,0.098903656,1,3.11177588,0.0549468994
8891,8.891055,0,0.098903656,1,3.11177588,0.0549468994
8892,8.892052,0,-0.0109901428,1,1.54105139,0.0549468994
8893,8.893053,0,-0.0109901428,1,3.11177588,0.0549468994
8894,8.894050,0,-0.252746582,1,3.11177588,-0.0109901428
8895,8.895054,0,-0.252746582,1,3.1113925,-0.186813354
8896,8.896080,0,-0.274726868,1,3.11177588,-0.0769233704
8897,8.897053,0,-0.274726868,1,3.11215925,-0.0109901428
8898,8.898054,0,-0.0988998413,1,3.11177588,0.0329704285
8899,8.899051,0,-0.0988998413,1,3.11177588,0.0109901428
8900,8.900052,0,-0.0988998413,1,3.11177588,0.0109901428
8901,8.901056,0,-0.0988998413,1,3.11177588,0.0329704285
8902,8.902050,0,0.0769271851,1,3.11215925,0.0329704285
8903,8.903054,0,0.0769271851,1,3.11215925,0.0329704285
8904,8.904055,0,0.098903656,1,1.54095554,-0.31867981
8905,8.905054,0,0.098903656,1,3.11254263,0.0549468994
8906,8.906055,0,0.0549468994,1,3.11215925,0.0329704285
8907,8.907160,0,0.0549468994,1,3.11177588,-0.230770111
8908,8.908056,0,-0.0549468994,1,3.11177588,-0.450550079
8909,8.909050,0,-0.0549468994,1,3.11177588,-0.47252655
8910,8.910054,0,-0.252746582,1,3.11215925,-0.428569794
8911,8.911055,0,-0.252746582,1,3.11100864,-0.362636566
8912,8.912052,0,0.0329704285,1,3.11100864,-0.362636566
8913,8.913053,0,0.0329704285,1,3.1113925,-0.340660095
8914,8.914057,0,-0.0769233704,1,3.11062527,-0.274726868
8915,8.915053,0,-0.0769233704,1,3.11024189,-0.230770111
8916,8.916050,0,0.296707153,1,3.10985851,-0.230770111
8917,8.917051,0,0.296707153,1,3.11062527,-0.208789825
8918,8.918061,0,-0.230770111,1,3.11024189,-0.142856598
8919,8.919054,0,-0.230770111,1,3.10985851,-0.0988998413
8920,8.920051,0,0.0549468994,1,3.10985851,-0.0988998413
8921,8.921052,0,0.0549468994,1,3.11024189,-0.0769233704
8922,8.922056,0,-0.0988998413,1,3.11024189,-0.0329666138
8923,8.923050,0,-0.0988998413,1,3.10985851,0.0109901428
8924,8.924055,0,-0.0329666138,1,3.10985851,0.0549468994
8925,8.925053,0,-0.0329666138,1,3.11024189,0.0549468994
8926,8.926050,0,0.098903656,1,3.11024189,0.098903656
8927,8.927052,0,0.098903656,1,3.11062527,0.142860413
8928,8.928113,0,0.0769271851,1,3.11024189,0.164836884
8929,8.929054,0,0.0769271851,1,3.11100864,0.142860413
8930,8.930057,0,-0.0109901428,1,3.11100864,0.186817169
8931,8.931054,0,-0.0109901428,1,3.11062527,0.186817169
8932,8.932056,0,0.120880127,1,3.11062527,0.164836884
8933,8.933053,0,0.120880127,1,3.11100864,0.164836884
8934,8.934055,0,-0.208789825,1,3.11100864,0.164836884
8935,8.935055,0,-0.208789825,1,3.11100864,0.164836884
8936,8.936050,0,0.164836884,1,3.1113925,0.164836884
8937,8.937058,0,0.164836884,1,3.11100864,0.164836884
8938,8.938053,0,-0.0549468994,1,3.1113925,0.164836884
8939,8.939084,0,-0.0549468994,1,3.1113925,0.164836884
8940,8.940079,0,-0.274726868,1,3.11177588,0.142860413
8941,8.941135,0,-0.274726868,1,3.11177588,0.164836884
8942,8.942114,0,-0.120880127,1,3.11177588,0.142860413
8943,8.943122,0,-0.120880127,1,3.11177588,0.120880127
8944,8.944150,0,0.0549468994,1,3.11215925,0.120880127
8945,8.945130,0,0.0549468994,1,3.11215925,0.120880127
8946,8.946056,0,0.0109901428,1,3.11177588,0.120880127
8947,8.947053,0,0.0109901428,1,3.11177588,0.098903656
8948,8.948055,0,0.186817169,1,3.11215925,0.0769271851
8949,8.949053,0,0.186817169,1,3.11215925,0.0769271851
8950,8.950060,0,0.0109901428,1,1.54114723,-0.274726868
8951,8.951055,0,0.0109901428,1,3.11177588,0.0549468994
8952,8.952052,0,-0.164836884,1,3.11177588,-0.0329666138
8953,8.953052,0,-0.164836884,1,3.1113925,-0.296703339
8954,8.954056,0,-0.340660095,1,3.11100864,-0.538459778
8955,8.955052,0,-0.340660095,1,3.11177588,-0.560440063
8956,8.956056,0,0.252750397,1,3.11100864,-0.494506836
8957,8.957050,0,0.252750397,1,3.11024189,-0.47252655
8958,8.958054,0,-0.120880127,1,3.10985851,-0.47252655
8959,8.959055,0,-0.120880127,1,3.11024189,-0.450550079
8960,8.960051,0,-0.120880127,1,3.10985851,-0.362636566
8961,8.961064,0,-0.120880127,1,3.10909128,-0.31867981
8962,8.962051,0,0.142860413,1,1.54133892,0.230770111
8963,8.963055,0,0.142860413,1,3.10947466,-0.274726868
8964,8.964056,0,-0.186813354,1,3.10947466,-0.252746582
8965,8.965056,0,-0.186813354,1,3.10880375,-0.450550079
8966,8.966057,0,0.0549468994,1,3.10842037,-0.648349762
8967,8.967053,0,0.0549468994,1,3.10880375,-0.648349762
8968,8.968054,0,-0.274726868,1,3.10880375,-0.560440063
8969,8.969050,0,-0.274726868,1,3.10688639,-0.47252655
8970,8.970051,0,0.0109901428,1,3.10688639,-0.47252655
8971,8.971055,0,0.0109901428,1,3.10688639,-0.450550079
8972,8.972064,0,-0.0988998413,1,3.10688639,-0.362636566
8973,8.973050,0,-0.0988998413,1,3.10650301,-0.296703339
8974,8.974054,0,-0.252746582,1,1.54076385,-0.252746582
8975,8.975051,0,-0.252746582,1,3.10650301,-0.230770111
8976,8.976055,0,-0.0549468994,1,3.10573578,-0.208789825
8977,8.977056,0,-0.0549468994,1,3.10496902,-0.406593323
8978,8.978052,0,-0.0329666138,1,3.10458517,-0.582416534
8979,8.979053,0,-0.0329666138,1,3.1053524,-0.60439682
8980,8.980050,0,-0.0549468994,1,3.10496902,-0.494506836
8981,8.981051,0,-0.0549468994,1,3.10420132,-0.406593323
8982,8.982080,0,0.0329704285,1,3.10343456,-0.384616852
8983,8.983061,0,0.0329704285,1,3.10381794,-0.362636566
8984,8.984055,0,0.0329704285,1,3.10343456,-0.252746582
8985,8.985054,0,0.0329704285,1,3.10305119,-0.186813354
8986,8.986055,0,0.0769271851,1,3.10266733,-0.164836884
8987,8.987052,0,0.0769271851,1,3.10305119,-0.142856598
8988,8.988053,0,-0.142856598,1,3.10305119,-0.0769233704
8989,8.989051,0,-0.142856598,1,3.10266733,0.0109901428
8990,8.990053,0,-0.0988998413,1,3.10228395,0.0329704285
8991,8.991050,0,-0.0988998413,1,3.10305119,0.0549468994
8992,8.992052,0,-0.120880127,1,3.10305119,0.0769271851
8993,8.993056,0,-0.120880127,1,3.10266733,0.142860413
8994,8.994062,0,-0.0988998413,1,3.10305119,0.142860413
8995,8.995062,0,-0.0988998413,1,3.10266733,0.164836884
8996,8.996056,0,-0.0109901428,1,3.10305119,0.186817169
8997,8.997054,0,-0.0109901428,1,3.10343456,0.20879364
8998,8.998056,0,0.0549468994,1,3.10343456,0.230770111
8999,8.999053,0,0.0549468994,1,3.10343456,0.230770111
9000,9.000055,0,0.186817169,1,3.10343456,0.230770111
9001,9.001052,0,0.186817169,1,3.10381794,0.230770111
9002,9.002054,0,0.0329704285,1,3.10381794,0.230770111
9003,9.003051,0,0.0329704285,1,3.10381794,0.230770111
9004,9.004053,0,0.0329704285,1,3.10420132,0.230770111
9005,9.005086,0,0.0329704285,1,3.10381794,0.230770111
9006,9.006050,0,-0.0549468994,1,3.10381794,0.20879364
9007,9.007052,0,-0.0549468994,1,3.10420132,0.186817169
9008,9.008057,0,-0.296703339,1,3.10420132,0.186817169
9009,9.009051,0,-0.296703339,1,3.10420132,0.186817169
9010,9.010056,0,-0.142856598,1,3.10420132,0.164836884
9011,9.011050,0,-0.142856598,1,3.10458517,0.164836884
9012,9.012054,0,0.0329704285,1,3.10458517,0.164836884
9013,9.013057,0,0.0329704285,1,3.10458517,0.164836884
9014,9.014054,0,0.0549468994,1,3.10458517,0.164836884
9015,9.015051,0,0.0549468994,1,3.10458517,0.142860413
9016,9.016063,0,-0.0549468994,1,3.10458517,0.120880127
9017,9.017050,0,-0.0549468994,1,3.10496902,0.120880127
9018,9.018052,0,0.186817169,1,3.10496902,0.120880127
9019,9.019055,0,0.186817169,1,3.1053524,0.120880127
9020,9.020055,0,-0.0769233704,1,1.54124308,0.120880127
9021,9.021052,0,-0.0769233704,1,3.1053524,0.098903656
9022,9.022053,0,-0.120880127,1,3.10496902,0.0329704285
9023,9.023049,0,-0.120880127,1,3.10496902,-0.208789825
9024,9.024050,0,0.164836884,1,3.10573578,-0.0988998413
9025,9.025050,0,0.164836884,1,3.1053524,-0.0769233704
9026,9.026051,0,0.120880127,1,3.10458517,-0.0329666138
9027,9.027061,0,0.120880127,1,3.10458517,-0.0549468994
9028,9.028056,0,-0.0769233704,1,3.1053524,-0.0769233704
9029,9.029050,0,-0.0769233704,1,3.10496902,-0.0109901428
9030,9.030054,0,-0.0109901428,1,3.10496902,0.0109901428
9031,9.031055,0,-0.0109901428,1,3.10496902,0.0109901428
9032,9.032051,0,-0.0329666138,1,1.54114723,0.0549468994
9033,9.033052,0,-0.0329666138,1,3.1053524,0.0549468994
9034,9.034056,0,0.0109901428,1,3.1053524,0.0109901428
9035,9.035053,0,0.0109901428,1,3.10458517,-0.142856598
9036,9.036057,0,-0.120880127,1,3.10573578,-0.0329666138
9037,9.037051,0,-0.120880127,1,3.10573578,0.0329704285
9038,9.038143,0,-0.230770111,1,3.10496902,0.098903656
9039,9.039054,0,-0.230770111,1,3.10496902,0.0769271851
9040,9.040056,0,0.142860413,1,3.10573578,0.0549468994
9041,9.041052,0,0.142860413,1,3.10573578,0.098903656
9042,9.042053,0,-0.142856598,1,3.1053524,0.120880127
9043,9.043049,0,-0.142856598,1,3.1053524,0.098903656
9044,9.044051,0,-0.230770111,1,3.10573578,0.0769271851
9045,9.045050,0,-0.230770111,1,3.10611916,0.098903656
9046,9.046062,0,0.0549468994,1,3.10611916,0.142860413
9047,9.047055,0,0.0549468994,1,3.10573578,0.120880127
9048,9.048052,0,0.296707153,1,3.10650301,0.120880127
9049,9.049064,0,0.296707153,1,3.10650301,0.142860413
9050,9.050051,0,0.0329704285,1,3.10650301,0.164836884
9051,9.051055,0,0.0329704285,1,3.10650301,0.142860413
9052,9.052056,0,-0.208789825,1,3.10650301,0.142860413
9053,9.053053,0,-0.208789825,1,3.10688639,0.120880127
9054,9.054055,0,-0.0329666138,1,3.10688639,0.142860413
9055,9.055055,0,-0.0329666138,1,3.10688639,0.120880127
9056,9.056057,0,0.0549468994,1,3.10726976,0.120880127
9057,9.057054,0,0.0549468994,1,3.10726976,0.120880127
9058,9.058096,0,-0.0988998413,1,3.10688639,0.120880127
9059,9.059050,0,-0.0988998413,1,3.10726976,0.0769271851
9060,9.060065,0,0.0769271851,1,3.10726976,0.0769271851
9061,9.061052,0,0.0769271851,1,3.10726976,0.0769271851
9062,9.062049,0,-0.0988998413,1,3.10726976,0.0769271851
9063,9.063051,0,-0.0988998413,1,3.10765314,0.0549468994
9064,9.064056,0,-0.186813354,1,3.10726976,0.0549468994
9065,9.065053,0,-0.186813354,1,3.10765314,0.0549468994
9066,9.066051,0,0.142860413,1,3.10765314,0.0549468994
9067,9.067052,0,0.142860413,1,3.10765314,0.0549468994
9068,9.068050,0,-0.142856598,1,3.10765314,0.0329704285
9069,9.069052,0,-0.142856598,1,3.10765314,0.0329704285
9070,9.070057,0,0.0329704285,1,3.10803699,0.0329704285
9071,9.071060,0,0.0329704285,1,3.10803699,0.0329704285
9072,9.072055,0,-0.0109901428,1,3.10765314,0.0549468994
9073,9.073052,0,-0.0109901428,1,3.10803699,0.0549468994
9074,9.074053,0,-0.252746582,1,3.10803699,0.0549468994
9075,9.075054,0,-0.252746582,1,3.10803699,0.0549468994
9076,9.076056,0,0.0769271851,1,3.10803699,0.0329704285
9077,9.077053,0,0.0769271851,1,3.10765314,0.0549468994
9078,9.078055,0,0.0329704285,1,1.54076385,-0.252746582
9079,9.079052,0,0.0329704285,1,3.10803699,0.0109901428
9080,9.080054,0,0.296707153,1,3.10803699,-0.0549468994
9081,9.081051,0,0.296707153,1,3.10765314,-0.208789825
9082,9.082061,0,-0.0329666138,1,3.10803699,-0.0769233704
9083,9.083055,0,-0.0329666138,1,3.10842037,-0.0329666138
9084,9.084051,0,-0.0109901428,1,3.10765314,0.0109901428
9085,9.085055,0,-0.0109901428,1,3.10765314,-0.0109901428
9086,9.086051,0,-0.0769233704,1,3.10842037,-0.0109901428
9087,9.087052,0,-0.0769233704,1,3.10842037,0.0329704285
9088,9.088056,0,0.0109901428,1,3.10803699,0.0549468994
9089,9.089057,0,0.0109901428,1,3.10803699,0.0549468994
9090,9.090053,0,-0.0769233704,1,1.5408597,-0.208789825
9091,9.091054,0,-0.0769233704,1,3.10880375,0.098903656
9092,9.092051,0,0.20879364,1,3.10803699,0.0329704285
9093,9.093062,0,0.20879364,1,3.10765314,-0.230770111
9094,9.094056,0,-0.186813354,1,3.10842037,-0.120880127
9095,9.095055,0,-0.186813354,1,3.10880375,-0.0769233704
9096,9.096056,0,-0.0988998413,1,3.10803699,0.0109901428
9097,9.097053,0,-0.0988998413,1,3.10803699,-0.0109901428
9098,9.098054,0,0.0549468994,1,3.10880375,-0.0329666138
9099,9.099050,0,0.0549468994,1,3.10880375,0.0109901428
9100,9.100064,0,-0.142856598,1,3.10842037,0.0549468994
9101,9.101050,0,-0.142856598,1,3.10842037,0.0549468994
9102,9.102054,0,-0.142856598,1,1.54114723,0.098903656
9103,9.103055,0,-0.142856598,1,3.10909128,0.0769271851
9104,9.104064,0,0.120880127,1,3.10880375,0.0549468994
9105,9.105053,0,0.120880127,1,3.10803699,-0.208789825
9106,9.106050,0,-0.142856598,1,3.10803699,-0.450550079
9107,9.107051,0,-0.142856598,1,3.10880375,-0.494506836
9108,9.108055,0,-0.0329666138,1,3.10765314,-0.406593323
9109,9.109056,0,-0.0329666138,1,3.10726976,-0.384616852
9110,9.110053,0,0.120880127,1,3.10688639,-0.384616852
9111,9.111054,0,0.120880127,1,3.10726976,-0.406593323
9112,9.112050,0,0.186817169,1,3.10688639,-0.31867981
9113,9.113051,0,0.186817169,1,3.10611916,-0.274726868
9114,9.114055,0,0.164836884,1,3.10611916,-0.274726868
9115,9.115064,0,0.164836884,1,3.10688639,-0.252746582
9116,9.116050,0,-0.142856598,1,3.10650301,-0.164836884
9117,9.117054,0,-0.142856598,1,3.10611916,-0.0988998413
9118,9.118055,0,0.318683624,1,3.10611916,-0.0769233704
9119,9.119052,0,0.318683624,1,3.10650301,-0.0549468994
9120,9.120054,0,-0.0769233704,1,3.10650301,0.0109901428
9121,9.121051,0,-0.0769233704,1,3.10650301,0.0769271851
9122,9.122053,0,-0.0769233704,1,3.10650301,0.098903656
9123,9.123050,0,-0.0769233704,1,3.10650301,0.098903656
9124,9.124052,0,0.0769271851,1,3.10650301,0.120880127
9125,9.125053,0,0.0769271851,1,3.10650301,0.164836884
9126,9.126064,0,0.120880127,1,3.10650301,0.164836884
9127,9.127051,0,0.120880127,1,3.10688639,0.186817169
9128,9.128056,0,-0.340660095,1,3.10726976,0.186817169
9129,9.129050,0,-0.340660095,1,3.10726976,0.20879364
9130,9.130055,0,0.296707153,1,3.10688639,0.186817169
9131,9.131057,0,0.296707153,1,3.10765314,0.186817169
9132,9.132054,0,0.0769271851,1,3.10726976,0.186817169
9133,9.133056,0,0.0769271851,1,3.10726976,0.186817169
9134,9.134053,0,0.0769271851,1,3.10765314,0.186817169
9135,9.135050,0,0.0769271851,1,3.10765314,0.164836884
9136,9.136079,0,-0.0769233704,1,3.10765314,0.164836884
9137,9.137064,0,-0.0769233704,1,3.10803699,0.164836884
9138,9.138051,0,0.0549468994,1,3.10765314,0.164836884
9139,9.139055,0,0.0549468994,1,3.10803699,0.164836884
9140,9.140050,0,-0.164836884,1,3.10803699,0.142860413
9141,9.141055,0,-0.164836884,1,3.10803699,0.142860413
9142,9.142057,0,-0.0109901428,1,3.10803699,0.120880127
9143,9.143054,0,-0.0109901428,1,3.10842037,0.098903656
9144,9.144056,0,0.0109901428,1,3.10803699,0.120880127
9145,9.145056,0,0.0109901428,1,3.10842037,0.098903656
9146,9.146050,0,0.0549468994,1,3.10803699,0.098903656
9147,9.147079,0,0.0549468994,1,3.10842037,0.0549468994
9148,9.148064,0,0.120880127,1,1.54114723,-0.0109901428
9149,9.149051,0,0.120880127,1,3.10842037,0.0549468994
9150,9.150207,0,-0.208789825,1,3.10880375,-0.0109901428
9151,9.151056,0,-0.208789825,1,3.10803699,-0.164836884
9152,9.152050,0,-0.164836884,1,3.10880375,-0.0329666138
9153,9.153054,0,-0.164836884,1,3.10880375,0.0109901428
9154,9.154055,0,0.0109901428,1,3.10842037,0.0329704285
9155,9.155055,0,0.0109901428,1,3.10842037,0.0109901428
9156,9.156056,0,0.274726868,1,3.10909128,0.0109901428
9157,9.157053,0,0.274726868,1,3.10909128,0.0549468994
9158,9.158152,0,-0.0109901428,1,3.10880375,0.098903656
9159,9.159054,0,-0.0109901428,1,3.10842037,0.0769271851
9160,9.160056,0,-0.0769233704,1,1.54124308,0.0549468994
9161,9.161052,0,-0.0769233704,1,3.10909128,0.0769271851
9162,9.162053,0,-0.0109901428,1,3.10880375,0.0329704285
9163,9.163050,0,-0.0109901428,1,3.10842037,-0.230770111
9164,9.164054,0,-0.186813354,1,3.10947466,-0.120880127
9165,9.165097,0,-0.186813354,1,3.10909128,-0.0549468994
9166,9.166146,0,0.318683624,1,3.10842037,-0.0329666138
9167,9.167077,0,0.318683624,1,3.10842037,-0.0549468994
9168,9.168079,0,0.120880127,1,3.10909128,-0.0769233704
9169,9.169130,0,0.120880127,1,3.10947466,-0.0329666138
9170,9.170089,0,-0.0988998413,1,3.10880375,0.0329704285
9171,9.171052,0,-0.0988998413,1,3.10880375,0.0329704285
9172,9.172053,0,0.340660095,1,3.10909128,0.0329704285
9173,9.173050,0,0.340660095,1,3.10909128,0.0769271851
9174,9.174051,0,-0.0988998413,1,3.10909128,0.098903656
9175,9.175050,0,-0.0988998413,1,3.10909128,0.098903656
9176,9.176051,0,0.186817169,1,3.10947466,0.098903656
9177,9.177055,0,0.186817169,1,3.10985851,0.098903656
9178,9.178057,0,0.0329704285,1,3.10947466,0.120880127
9179,9.179053,0,0.0329704285,1,3.10985851,0.120880127
9180,9.180054,0,-0.186813354,1,3.10985851,0.120880127
9181,9.181070,0,-0.186813354,1,3.11024189,0.120880127
9182,9.182051,0,-0.208789825,1,3.10985851,0.142860413
9183,9.183052,0,-0.208789825,1,3.10985851,0.142860413
9184,9.184056,0,0.142860413,1,3.11024189,0.120880127
9185,9.185053,0,0.142860413,1,3.11062527,0.120880127
9186,9.186050,0,-0.230770111,1,3.11062527,0.142860413
9187,9.187052,0,-0.230770111,1,3.11024189,0.120880127
9188,9.188050,0,0.120880127,1,3.11024189,0.120880127
9189,9.189052,0,0.120880127,1,3.11062527,0.098903656
9190,9.190057,0,-0.0988998413,1,3.11024189,0.098903656
9191,9.191051,0,-0.0988998413,1,3.11062527,0.0769271851
9192,9.192059,0,0.274726868,1,3.11100864,0.0769271851
9193,9.193054,0,0.274726868,1,3.11100864,0.098903656
9194,9.194051,0,-0.0329666138,1,3.11100864,0.098903656
9195,9.195056,0,-0.0329666138,1,3.11062527,0.0769271851
9196,9.196053,0,-0.0988998413,1,3.11100864,0.0549468994
9197,9.197055,0,-0.0988998413,1,3.11100864,0.0549468994
9198,9.198053,0,0.20879364,1,3.1113925,0.0549468994
9199,9.199054,0,0.20879364,1,3.1113925,0.0549468994
9200,9.200051,0,-0.164836884,1,3.1113925,0.0769271851
9201,9.201053,0,-0.164836884,1,3.11100864,0.0549468994
9202,9.202086,0,-0.186813354,1,3.1113925,0.0549468994
9203,9.203053,0,-0.186813354,1,3.1113925,0.0549468994
9204,9.204055,0,-0.0769233704,1,3.1113925,0.0549468994
9205,9.205056,0,-0.0769233704,1,3.11177588,0.0549468994
9206,9.206050,0,0.296707153,1,1.54076385,-0.296703339
9207,9.207055,0,0.296707153,1,3.11177588,0.0329704285
9208,9.208058,0,-0.0988998413,1,3.1113925,-0.0109901428
9209,9.209053,0,-0.0988998413,1,3.11062527,-0.252746582
9210,9.210050,0,0.186817169,1,3.11062527,-0.494506836
9211,9.211052,0,0.186817169,1,3.11100864,-0.516483307
9212,9.212057,0,-0.0988998413,1,3.11062527,-0.47252655
9213,9.213060,0,-0.0988998413,1,3.10985851,-0.450550079
9214,9.214051,0,0.0769271851,1,3.10947466,-0.428569794
9215,9.215055,0,0.0769271851,1,3.10985851,-0.428569794
9216,9.216050,0,0.186817169,1,3.10947466,-0.362636566
9217,9.217051,0,0.186817169,1,3.10880375,-0.31867981
9218,9.218055,0,-0.362636566,1,1.54105139,0.0109901428
9219,9.219056,0,-0.362636566,1,3.10909128,-0.230770111
9220,9.220053,0,-0.0988998413,1,3.10880375,-0.252746582
9221,9.221054,0,-0.0988998413,1,3.10803699,-0.450550079
9222,9.222051,0,0.098903656,1,3.10880375,-0.31867981
9223,9.223052,0,0.098903656,1,3.10880375,-0.230770111
9224,9.224084,0,0.120880127,1,3.10803699,-0.142856598
9225,9.225054,0,0.120880127,1,3.10803699,-0.120880127
9226,9.226055,0,-0.274726868,1,3.10842037,-0.120880127
9227,9.227052,0,-0.274726868,1,3.10880375,-0.0549468994
9228,9.228053,0,0.0769271851,1,3.10842037,0.0329704285
9229,9.229049,0,0.0769271851,1,3.10803699,0.0769271851
9230,9.230050,0,0.0769271851,1,1.54124308,-0.296703339
9231,9.231054,0,0.0769271851,1,3.10909128,0.120880127
9232,9.232055,0,-0.120880127,1,3.10842037,0.098903656
9233,9.233052,0,-0.120880127,1,3.10803699,-0.120880127
9234,9.234053,0,0.0769271851,1,3.10909128,0.0109901428
9235,9.235058,0,0.0769271851,1,3.10909128,0.0549468994
9236,9.236055,0,-0.0549468994,1,3.10842037,0.142860413
9237,9.237050,0,-0.0549468994,1,3.10803699,0.120880127
9238,9.238054,0,-0.0549468994,1,3.10909128,0.098903656
9239,9.239055,0,-0.0549468994,1,3.10880375,0.120880127
9240,9.240051,0,0.0769271851,1,3.10880375,0.164836884
9241,9.241052,0,0.0769271851,1,3.10880375,0.164836884
9242,9.242056,0,-0.208789825,1,3.10909128,0.120880127
9243,9.243049,0,-0.208789825,1,3.10947466,0.142860413
9244,9.244054,0,-0.0988998413,1,3.10947466,0.164836884
9245,9.245050,0,-0.0988998413,1,3.10947466,0.186817169
9246,9.246062,0,-0.0988998413,1,3.10947466,0.164836884
9247,9.247053,0,-0.0988998413,1,3.10985851,0.186817169
9248,9.248054,0,0.120880127,1,3.10947466,0.20879364
9249,9.249051,0,0.120880127,1,3.10985851,0.186817169
9250,9.250052,0,-0.0988998413,1,3.10985851,0.186817169
9251,9.251049,0,-0.0988998413,1,3.11024189,0.164836884
9252,9.252051,0,-0.0329666138,1,3.11062527,0.164836884
9253,9.253057,0,-0.0329666138,1,3.11024189,0.186817169
9254,9.254051,0,0.120880127,1,3.11062527,0.186817169
9255,9.255051,0,0.120880127,1,3.11100864,0.186817169
9256,9.256053,0,0.0329704285,1,3.11062527,0.186817169
9257,9.257107,0,0.0329704285,1,3.11062527,0.164836884
9258,9.258053,0,0.098903656,1,3.11100864,0.142860413
9259,9.259054,0,0.098903656,1,3.11062527,0.120880127
9260,9.260052,0,-0.186813354,1,3.11100864,0.098903656
9261,9.261054,0,-0.186813354,1,3.11100864,0.098903656
9262,9.262051,0,-0.164836884,1,3.1113925,0.098903656
9263,9.263053,0,-0.164836884,1,3.1113925,0.098903656
9264,9.264050,0,0.0329704285,1,3.11100864,0.120880127
9265,9.265055,0,0.0329704285,1,3.11100864,0.098903656
9266,9.266052,0,0.098903656,1,3.1113925,0.0769271851
9267,9.267154,0,0.098903656,1,3.1113925,0.0549468994
9268,9.268060,0,-0.164836884,1,3.11100864,0.0549468994
9269,9.269050,0,-0.164836884,1,3.1113925,0.0549468994
9270,9.270052,0,0.0549468994,1,3.1113925,0.0329704285
9271,9.271049,0,0.0549468994,1,3.1113925,0.0329704285
9272,9.272051,0,-0.208789825,1,3.11100864,0.0329704285
9273,9.273056,0,-0.208789825,1,3.1113925,0.0109901428
9274,9.274050,0,0.296707153,1,3.1113925,0.0109901428
9275,9.275050,0,0.296707153,1,3.11177588,-0.0109901428
9276,9.276052,0,0.0769271851,1,1.54095554,-0.0988998413
9277,9.277050,0,0.0769271851,1,3.1113925,-0.0109901428
9278,9.278107,0,-0.362636566,1,3.1113925,-0.0329666138
9279,9.279051,0,-0.362636566,1,3.11100864,-0.296703339
9280,9.280053,0,0.120880127,1,3.11062527,-0.516483307
9281,9.281057,0,0.120880127,1,3.11100864,-0.538459778
9282,9.282049,0,-0.0329666138,1,3.11062527,-0.516483307
9283,9.283053,0,-0.0329666138,1,3.10985851,-0.47252655
9284,9.284054,0,-0.0329666138,1,3.10947466,-0.47252655
9285,9.285054,0,-0.0329666138,1,3.10985851,-0.428569794
9286,9.286055,0,-0.142856598,1,3.10947466,-0.362636566
9287,9.287052,0,-0.142856598,1,3.10909128,-0.31867981
9288,9.288053,0,0.340660095,1,1.54133892,0.340660095
9289,9.289063,0,0.340660095,1,3.10909128,-0.252746582
9290,9.290052,0,0.230770111,1,3.10880375,-0.252746582
9291,9.291053,0,0.230770111,1,3.10765314,-0.450550079
9292,9.292050,0,-0.0109901428,1,3.10726976,-0.670330048
9293,9.293051,0,-0.0109901428,1,3.10765314,-0.692306519
9294,9.294055,0,-0.208789825,1,3.10765314,-0.60439682
9295,9.295052,0,-0.208789825,1,3.10650301,-0.516483307
9296,9.296056,0,-0.0988998413,1,3.10611916,-0.494506836
9297,9.297057,0,-0.0988998413,1,3.10650301,-0.47252655
9298,9.298053,0,0.0549468994,1,3.10611916,-0.384616852
9299,9.299054,0,0.0549468994,1,3.1053524,-0.296703339
9300,9.300059,0,-0.230770111,1,3.1053524,-0.274726868
9301,9.301053,0,-0.230770111,1,3.10573578,-0.208789825
9302,9.302049,0,0.20879364,1,3.10573578,-0.142856598
9303,9.303050,0,0.20879364,1,3.1053524,-0.0549468994
9304,9.304054,0,-0.31867981,1,3.10496902,-0.0329666138
9305,9.305051,0,-0.31867981,1,3.1053524,-0.0109901428
9306,9.306055,0,0.164836884,1,3.1053524,0.0329704285
9307,9.307056,0,0.164836884,1,3.1053524,0.0769271851
9308,9.308052,0,0.0549468994,1,3.10496902,0.098903656
9309,9.309054,0,0.0549468994,1,3.1053524,0.120880127
9310,9.310106,0,-0.0549468994,1,3.10573578,0.164836884
9311,9.311056,0,-0.0549468994,1,3.10573578,0.20879364
9312,9.312050,0,0.0769271851,1,3.10573578,0.20879364
9313,9.313054,0,0.0769271851,1,3.10611916,0.230770111
9314,9.314055,0,-0.0769233704,1,3.10611916,0.252750397
9315,9.315054,0,-0.0769233704,1,3.10611916,0.274726868
9316,9.316056,0,-0.0549468994,1,3.10650301,0.274726868
9317,9.317054,0,-0.0549468994,1,3.10650301,0.252750397
9318,9.318064,0,0.098903656,1,3.10650301,0.274726868
9319,9.319051,0,0.098903656,1,3.10688639,0.252750397
9320,9.320056,0,-0.0988998413,1,3.10688639,0.252750397
9321,9.321063,0,-0.0988998413,1,3.10726976,0.230770111
9322,9.322050,0,0.296707153,1,3.10726976,0.230770111
9323,9.323054,0,0.296707153,1,3.10726976,0.20879364
9324,9.324056,0,0.120880127,1,3.10726976,0.20879364
9325,9.325049,0,0.120880127,1,3.10765314,0.186817169
9326,9.326051,0,-0.0988998413,1,3.10726976,0.186817169
9327,9.327056,0,-0.0988998413,1,3.10765314,0.164836884
9328,9.328050,0,-0.0109901428,1,3.10765314,0.164836884
9329,9.329055,0,-0.0109901428,1,3.10765314,0.142860413
9330,9.330049,0,0.164836884,1,3.10765314,0.142860413
9331,9.331151,0,0.164836884,1,3.10803699,0.142860413
9332,9.332051,0,-0.252746582,1,3.10803699,0.142860413
9333,9.333053,0,-0.252746582,1,3.10842037,0.142860413
9334,9.334050,0,0.120880127,1,1.54114723,-0.208789825
9335,9.335055,0,0.120880127,1,3.10842037,0.142860413
9336,9.336052,0,-0.0329666138,1,3.10842037,0.0769271851
9337,9.337054,0,-0.0329666138,1,3.10842037,-0.0988998413
9338,9.338051,0,-0.516483307,1,3.10880375,0.0329704285
9339,9.339053,0,-0.516483307,1,3.10880375,0.0769271851
9340,9.340050,0,0.0109901428,1,3.10842037,0.098903656
9341,9.341052,0,0.0109901428,1,3.10880375,0.0769271851
9342,9.342064,0,-0.120880127,1,3.10909128,0.0769271851
9343,9.343051,0,-0.120880127,1,3.10909128,0.098903656
9344,9.344056,0,-0.0769233704,1,3.10842037,0.120880127
9345,9.345053,0,-0.0769233704,1,3.10880375,0.0769271851
9346,9.346050,0,0.142860413,1,1.54114723,-0.296703339
9347,9.347050,0,0.142860413,1,3.10947466,0.0769271851
9348,9.348053,0,-0.164836884,1,3.10909128,0.0549468994
9349,9.349055,0,-0.164836884,1,3.10880375,-0.208789825
9350,9.350051,0,-0.0109901428,1,3.10842037,-0.450550079
9351,9.351052,0,-0.0109901428,1,3.10909128,-0.494506836
9352,9.352152,0,0.142860413,1,3.10842037,-0.428569794
9353,9.353051,0,0.142860413,1,3.10765314,-0.406593323
9354,9.354052,0,0.120880127,1,3.10803699,-0.406593323
9355,9.355052,0,0.120880127,1,3.10803699,-0.384616852
9356,9.356053,0,0.120880127,1,3.10765314,-0.296703339
9357,9.357049,0,0.120880127,1,3.10726976,-0.252746582
9358,9.358050,0,0.0769271851,1,1.54124308,0.120880127
9359,9.359054,0,0.0769271851,1,3.10726976,-0.230770111
9360,9.360055,0,-0.142856598,1,3.10726976,-0.208789825
9361,9.361052,0,-0.142856598,1,3.10611916,-0.340660095
9362,9.362053,0,-0.0549468994,1,3.10688639,-0.208789825
9363,9.363058,0,-0.0549468994,1,3.10726976,-0.120880127
9364,9.364052,0,-0.208789825,1,3.10650301,-0.0329666138
9365,9.365051,0,-0.208789825,1,3.10650301,-0.0329666138
9366,9.366052,0,0.0329704285,1,3.10650301,-0.0109901428
9367,9.367057,0,0.0329704285,1,3.10688639,0.0329704285
9368,9.368050,0,0.20879364,1,3.10688639,0.098903656
9369,9.369054,0,0.20879364,1,3.10688639,0.120880127
9370,9.370055,0,-0.230770111,1,3.10688639,0.142860413
9371,9.371062,0,-0.230770111,1,3.10726976,0.164836884
9372,9.372056,0,-0.340660095,1,3.10688639,0.186817169
9373,9.373077,0,-0.340660095,1,3.10726976,0.164836884
9374,9.374062,0,0.142860413,1,3.10765314,0.186817169
9375,9.375051,0,0.142860413,1,3.10765314,0.20879364
9376,9.376055,0,-0.120880127,1,3.10765314,0.20879364
9377,9.377056,0,-0.120880127,1,3.10765314,0.20879364
9378,9.378052,0,-0.0329666138,1,3.10803699,0.20879364
9379,9.379053,0,-0.0329666138,1,3.10803699,0.20879364
9380,9.380050,0,-0.0769233704,1,3.10803699,0.230770111
9381,9.381052,0,-0.0769233704,1,3.10803699,0.20879364
9382,9.382057,0,0.0549468994,1,3.10842037,0.164836884
9383,9.383051,0,0.0549468994,1,3.10842037,0.164836884
9384,9.384087,0,0.230770111,1,3.10880375,0.186817169
9385,9.385054,0,0.230770111,1,3.10880375,0.186817169
9386,9.386057,0,-0.0769233704,1,3.10909128,0.164836884
9387,9.387054,0,-0.0769233704,1,3.10909128,0.164836884
9388,9.388056,0,-0.296703339,1,3.10909128,0.164836884
9389,9.389054,0,-0.296703339,1,3.10909128,0.164836884
9390,9.390055,0,0.0549468994,1,3.10947466,0.142860413
9391,9.391053,0,0.0549468994,1,3.10947466,0.142860413
9392,9.392054,0,-0.164836884,1,3.10909128,0.164836884
9393,9.393052,0,-0.164836884,1,3.10909128,0.120880127
9394,9.394053,0,0.0329704285,1,3.10947466,0.098903656
9395,9.395058,0,0.0329704285,1,3.10985851,0.098903656
9396,9.396055,0,0.0109901428,1,3.10985851,0.098903656
9397,9.397050,0,0.0109901428,1,3.10947466,0.0769271851
9398,9.398055,0,-0.0329666138,1,3.10985851,0.0549468994
9399,9.399057,0,-0.0329666138,1,3.10985851,0.0549468994
9400,9.400054,0,-0.0549468994,1,3.10985851,0.0549468994
9401,9.401056,0,-0.0549468994,1,3.10947466,0.0549468994
9402,9.402053,0,-0.186813354,1,3.10985851,0.0329704285
9403,9.403055,0,-0.186813354,1,3.10985851,0.0549468994
9404,9.404052,0,-0.0769233704,1,1.54143476,0.230770111
9405,9.405050,0,-0.0769233704,1,3.11024189,0.0109901428
9406,9.406059,0,-0.0329666138,1,3.10985851,-0.0329666138
9407,9.407053,0,-0.0329666138,1,3.10909128,-0.296703339
9408,9.408050,0,0.120880127,1,3.11024189,-0.164836884
9409,9.409052,0,0.120880127,1,3.11024189,-0.120880127
9410,9.410049,0,-0.0329666138,1,3.10947466,-0.0549468994
9411,9.411051,0,-0.0329666138,1,3.10947466,-0.0988998413
9412,9.412054,0,-0.208789825,1,3.10985851,-0.0988998413
9413,9.413055,0,-0.208789825,1,3.11024189,-0.0549468994
9414,9.414052,0,-0.0329666138,1,3.10947466,0.0109901428
9415,9.415055,0,-0.0329666138,1,3.10947466,-0.0109901428
9416,9.416089,0,0.0549468994,1,1.54114723,0.318683624
9417,9.417057,0,0.0549468994,1,3.10985851,-0.0109901428
9418,9.418051,0,0.450553894,1,3.10985851,-0.0329666138
9419,9.419055,0,0.450553894,1,3.10947466,-0.186813354
9420,9.420056,0,-0.142856598,1,3.11024189,-0.0329666138
9421,9.421052,0,-0.142856598,1,3.11062527,0.0549468994
9422,9.422054,0,0.0329704285,1,3.10985851,0.142860413
9423,9.423050,0,0.0329704285,1,3.11024189,0.142860413
9424,9.424051,0,-0.0769233704,1,3.11024189,0.120880127
9425,9.425050,0,-0.0769233704,1,3.11062527,0.142860413
9426,9.426051,0,-0.296703339,1,3.11062527,0.186817169
9427,9.427221,0,-0.296703339,1,3.11024189,0.164836884
9428,9.428097,0,0.0769271851,1,3.11100864,0.142860413
9429,9.429125,0,0.0769271851,1,3.11100864,0.142860413
9430,9.430079,0,-0.0988998413,1,3.11100864,0.164836884
9431,9.431116,0,-0.0988998413,1,3.11100864,0.164836884
9432,9.432185,0,0.120880127,1,3.1113925,0.120880127
9433,9.433055,0,0.120880127,1,3.1113925,0.142860413
9434,9.434049,0,-0.0329666138,1,3.1113925,0.142860413
9435,9.435056,0,-0.0329666138,1,3.1113925,0.142860413
9436,9.436050,0,-0.0329666138,1,3.11177588,0.120880127
9437,9.437079,0,-0.0329666138,1,3.11215925,0.120880127
9438,9.438063,0,-0.186813354,1,3.11177588,0.142860413
9439,9.439056,0,-0.186813354,1,3.11177588,0.120880127
9440,9.440053,0,0.0329704285,1,3.11215925,0.098903656
9441,9.441054,0,0.0329704285,1,3.11254263,0.098903656
9442,9.442050,0,0.20879364,1,3.11254263,0.120880127
9443,9.443051,0,0.20879364,1,3.11254263,0.120880127
9444,9.444055,0,0.120880127,1,3.11254263,0.120880127
9445,9.445052,0,0.120880127,1,3.11254263,0.120880127
9446,9.446056,0,-0.142856598,1,3.11292648,0.120880127
9447,9.447050,0,-0.142856598,1,3.11292648,0.098903656
9448,9.448198,0,-0.0329666138,1,3.11292648,0.0769271851
9449,9.449056,0,-0.0329666138,1,3.11292648,0.0769271851
9450,9.450051,0,0.120880127,1,3.11292648,0.0769271851
9451,9.451056,0,0.120880127,1,3.11254263,0.0549468994
9452,9.452050,0,-0.0988998413,1,3.11292648,0.0329704285
9453,9.453055,0,-0.0988998413,1,3.11292648,0.0329704285
9454,9.454057,0,-0.230770111,1,3.11292648,0.0109901428
9455,9.455049,0,-0.230770111,1,3.11292648,0.0109901428
9456,9.456051,0,0.20879364,1,3.11330986,0.0109901428
9457,9.457056,0,0.20879364,1,3.11292648,0.0109901428
9458,9.458050,0,-0.120880127,1,3.11292648,0.0329704285
9459,9.459061,0,-0.120880127,1,3.11292648,0.0109901428
9460,9.460056,0,-0.0988998413,1,3.11330986,0.0109901428
9461,9.461054,0,-0.0988998413,1,3.11330986,0.0329704285
9462,9.462055,0,0.0549468994,1,1.54124308,0.142860413
9463,9.463053,0,0.0549468994,1,3.11292648,0.0109901428
9464,9.464054,0,-0.252746582,1,3.11292648,-0.0549468994
9465,9.465055,0,-0.252746582,1,3.11254263,-0.296703339
9466,9.466057,0,-0.208789825,1,3.11330986,-0.186813354
9467,9.467054,0,-0.208789825,1,3.11330986,-0.120880127
9468,9.468056,0,0.230770111,1,3.11254263,-0.0769233704
9469,9.469080,0,0.230770111,1,3.11254263,-0.0988998413
9470,9.470067,0,0.0329704285,1,3.11330986,-0.0988998413
9471,9.471050,0,0.0329704285,1,3.11292648,-0.0549468994
9472,9.472052,0,0.186817169,1,3.11254263,-0.0109901428
9473,9.473049,0,0.186817169,1,3.11292648,-0.0109901428
9474,9.474051,0,-0.186813354,1,1.54095554,-0.0549468994
9475,9.475051,0,-0.186813354,1,3.11330986,0.0549468994
9476,9.476053,0,-0.0769233704,1,3.11330986,0.0329704285
9477,9.477050,0,-0.0769233704,1,3.11292648,-0.0988998413
9478,9.478050,0,0.0549468994,1,3.11330986,0.0329704285
9479,9.479054,0,0.0549468994,1,3.11407661,0.098903656
9480,9.480065,0,-0.142856598,1,3.11292648,0.164836884
9481,9.481059,0,-0.142856598,1,3.11292648,0.120880127
9482,9.482052,0,0.0769271851,1,3.11407661,0.0769271851
9483,9.483056,0,0.0769271851,1,3.11407661,0.120880127
9484,9.484050,0,0.20879364,1,3.11369324,0.164836884
9485,9.485050,0,0.20879364,1,3.11330986,0.142860413
9486,9.486051,0,0.230770111,1,1.54095554,-0.252746582
9487,9.487055,0,0.230770111,1,3.11446047,0.098903656
9488,9.488056,0,0.0769271851,1,3.11407661,0.0769271851
9489,9.489052,0,0.0769271851,1,3.11330986,-0.164836884
9490,9.490078,0,-0.0329666138,1,3.11330986,-0.406593323
9491,9.491063,0,-0.0329666138,1,3.11407661,-0.428569794
9492,9.492056,0,-0.186813354,1,3.11369324,-0.384616852
9493,9.493053,0,-0.186813354,1,3.11254263,-0.362636566
9494,9.494054,0,-0.0988998413,1,3.11254263,-0.384616852
9495,9.495054,0,-0.0988998413,1,3.11292648,-0.362636566
9496,9.496055,0,-0.0109901428,1,3.11254263,-0.296703339
9497,9.497051,0,-0.0109901428,1,3.11215925,-0.252746582
9498,9.498052,0,-0.0109901428,1,3.11215925,-0.252746582
9499,9.499056,0,-0.0109901428,1,3.11215925,-0.208789825
9500,9.500049,0,-0.142856598,1,3.11215925,-0.142856598
9501,9.501083,0,-0.142856598,1,3.11177588,-0.0988998413
9502,9.502056,0,0.186817169,1,3.11215925,-0.0769233704
9503,9.503049,0,0.186817169,1,3.11254263,-0.0329666138
9504,9.504054,0,0.0549468994,1,3.11215925,0.0109901428
9505,9.505050,0,0.0549468994,1,3.11215925,0.0549468994
9506,9.506054,0,0.0109901428,1,3.11215925,0.0769271851
9507,9.507055,0,0.0109901428,1,3.11215925,0.0769271851
9508,9.508051,0,-0.0769233704,1,3.11215925,0.098903656
9509,9.509053,0,-0.0769233704,1,3.11215925,0.142860413
9510,9.510057,0,-0.0549468994,1,3.11254263,0.120880127
9511,9.511050,0,-0.0549468994,1,3.11254263,0.142860413
9512,9.512083,0,0.20879364,1,3.11254263,0.164836884
9513,9.513057,0,0.20879364,1,3.11292648,0.164836884
9514,9.514051,0,-0.0988998413,1,3.11292648,0.164836884
9515,9.515051,0,-0.0988998413,1,3.11330986,0.164836884
9516,9.516053,0,-0.230770111,1,3.11292648,0.186817169
9517,9.517051,0,-0.230770111,1,3.11292648,0.164836884
9518,9.518053,0,0.120880127,1,3.11330986,0.164836884
9519,9.519050,0,0.120880127,1,3.11369324,0.142860413
9520,9.520052,0,0.098903656,1,3.11330986,0.164836884
9521,9.521056,0,0.098903656,1,3.11330986,0.142860413
9522,9.522051,0,-0.0549468994,1,3.11369324,0.120880127
9523,9.523064,0,-0.0549468994,1,3.11369324,0.120880127
9524,9.524051,0,0.0769271851,1,3.11330986,0.120880127
9525,9.525051,0,0.0769271851,1,3.11369324,0.098903656
9526,9.526053,0,-0.384616852,1,3.11369324,0.098903656
9527,9.527050,0,-0.384616852,1,3.11369324,0.098903656
9528,9.528052,0,0.098903656,1,3.11407661,0.098903656
9529,9.529049,0,0.098903656,1,3.11369324,0.0769271851
9530,9.530051,0,0.20879364,1,3.11369324,0.0769271851
9531,9.531056,0,0.20879364,1,3.11369324,0.0549468994
9532,9.532064,0,0.0109901428,1,1.54114723,0.0769271851
9533,9.533066,0,0.0109901428,1,3.11407661,0.0329704285
9534,9.534053,0,-0.0769233704,1,3.11407661,-0.0109901428
9535,9.535051,0,-0.0769233704,1,3.11369324,-0.164836884
9536,9.536056,0,0.142860413,1,3.11407661,-0.0329666138
9537,9.537050,0,0.142860413,1,3.11446047,-0.0109901428
9538,9.538055,0,0.0769271851,1,3.11330986,0.0329704285
9539,9.539057,0,0.0769271851,1,3.11369324,0.0109901428
9540,9.540054,0,0.20879364,1,3.11446047,-0.0109901428
9541,9.541056,0,0.20879364,1,3.11407661,0.0329704285
9542,9.542053,0,0.0769271851,1,3.11407661,0.0549468994
9543,9.543053,0,0.0769271851,1,3.11407661,0.0329704285
9544,9.544062,0,0.164836884,1,1.54114723,-0.31867981
9545,9.545054,0,0.164836884,1,3.11446047,0.0549468994
9546,9.546055,0,-0.0549468994,1,3.11407661,0.0329704285
9547,9.547052,0,-0.0549468994,1,3.11369324,-0.230770111
9548,9.548053,0,-0.0769233704,1,3.11330986,-0.47252655
9549,9.549050,0,-0.0769233704,1,3.11407661,-0.47252655
9550,9.550051,0,-0.0549468994,1,3.11330986,-0.428569794
9551,9.551055,0,-0.0549468994,1,3.11292648,-0.384616852
9552,9.552056,0,-0.0329666138,1,3.11292648,-0.384616852
9553,9.553052,0,-0.0329666138,1,3.11254263,-0.362636566
9554,9.554053,0,0.0109901428,1,3.11254263,-0.31867981
9555,9.555063,0,0.0109901428,1,3.11177588,-0.252746582
9556,9.556057,0,0.0329704285,1,3.11215925,-0.252746582
9557,9.557054,0,0.0329704285,1,3.11215925,-0.208789825
9558,9.558055,0,0.0329704285,1,3.11215925,-0.142856598
9559,9.559051,0,0.0329704285,1,3.11177588,-0.0988998413
9560,9.560052,0,-0.142856598,1,3.11177588,-0.0988998413
9561,9.561056,0,-0.142856598,1,3.11254263,-0.0769233704
9562,9.562050,0,-0.142856598,1,3.11215925,-0.0109901428
9563,9.563054,0,-0.142856598,1,3.11177588,0.0329704285
9564,9.564055,0,0.186817169,1,3.11177588,0.0549468994
9565,9.565082,0,0.186817169,1,3.11215925,0.0769271851
9566,9.566053,0,0.0109901428,1,3.11254263,0.098903656
9567,9.567054,0,0.0109901428,1,3.11215925,0.142860413
9568,9.568051,0,0.0769271851,1,3.11254263,0.164836884
9569,9.569052,0,0.0769271851,1,3.11292648,0.164836884
9570,9.570056,0,0.0329704285,1,3.11254263,0.186817169
9571,9.571057,0,0.0329704285,1,3.11254263,0.186817169
9572,9.572053,0,-0.0549468994,1,3.11254263,0.186817169
9573,9.573055,0,-0.0549468994,1,3.11254263,0.164836884
9574,9.574051,0,-0.142856598,1,3.11330986,0.186817169
9575,9.575055,0,-0.142856598,1,3.11330986,0.20879364
9576,9.576071,0,0.186817169,1,3.11330986,0.186817169
9577,9.577052,0,0.186817169,1,3.11330986,0.164836884
9578,9.578054,0,0.164836884,1,3.11330986,0.164836884
9579,9.579051,0,0.164836884,1,3.11330986,0.164836884
9580,9.580053,0,-0.0329666138,1,3.11369324,0.142860413
9581,9.581051,0,-0.0329666138,1,3.11369324,0.142860413
9582,9.582053,0,0.0549468994,1,3.11369324,0.142860413
9583,9.583050,0,0.0549468994,1,3.11369324,0.120880127
9584,9.584052,0,0.186817169,1,3.11369324,0.098903656
9585,9.585052,0,0.186817169,1,3.11369324,0.098903656
9586,9.586054,0,-0.0329666138,1,3.11369324,0.098903656
9587,9.587086,0,-0.0329666138,1,3.11407661,0.0769271851
9588,9.588058,0,-0.120880127,1,3.11407661,0.0769271851
9589,9.589053,0,-0.120880127,1,3.11369324,0.0769271851
9590,9.590050,0,0.098903656,1,1.54114723,0.0549468994
9591,9.591052,0,0.098903656,1,3.11369324,0.0549468994
9592,9.592049,0,-0.0329666138,1,3.11407661,-0.0109901428
9593,9.593051,0,-0.0329666138,1,3.11369324,-0.186813354
9594,9.594056,0,-0.0988998413,1,3.11407661,-0.0769233704
9595,9.595053,0,-0.0988998413,1,3.11407661,-0.0329666138
9596,9.596050,0,0.0329704285,1,3.11369324,-0.0109901428
9597,9.597086,0,0.0329704285,1,3.11407661,-0.0329666138
9598,9.598051,0,0.0109901428,1,3.11407661,-0.0329666138
9599,9.599053,0,0.0109901428,1,3.11446047,0.0109901428
9600,9.600050,0,-0.0329666138,1,3.11407661,0.0549468994
9601,9.601052,0,-0.0329666138,1,3.11407661,0.0549468994
9602,9.602049,0,-0.0988998413,1,1.5408597,-0.0549468994
9603,9.603051,0,-0.0988998413,1,3.11446047,0.098903656
9604,9.604056,0,0.186817169,1,3.11407661,0.0549468994
9605,9.605054,0,0.186817169,1,3.11407661,-0.186813354
9606,9.606051,0,0.0329704285,1,3.11484385,-0.0549468994
9607,9.607053,0,0.0329704285,1,3.11484385,0.0549468994
9608,9.608060,0,-0.0988998413,1,3.11407661,0.098903656
9609,9.609052,0,-0.0988998413,1,3.11407661,0.0769271851
9610,9.610056,0,-0.252746582,1,3.11484385,0.0329704285
9611,9.611057,0,-0.252746582,1,3.11522722,0.0769271851
9612,9.612053,0,-0.0329666138,1,3.11484385,0.120880127
9613,9.613055,0,-0.0329666138,1,3.11446047,0.098903656
9614,9.614051,0,0.142860413,1,1.54095554,-0.296703339
9615,9.615055,0,0.142860413,1,3.11522722,0.098903656
9616,9.616051,0,-0.208789825,1,3.11484385,0.0549468994
9617,9.617052,0,-0.208789825,1,3.11407661,-0.208789825
9618,9.618155,0,0.0769271851,1,3.11407661,-0.47252655
9619,9.619055,0,0.0769271851,1,3.11522722,-0.494506836
9620,9.620049,0,-0.0329666138,1,3.11446047,-0.428569794
9621,9.621054,0,-0.0329666138,1,3.11330986,-0.384616852
9622,9.622055,0,-0.0109901428,1,3.11330986,-0.428569794
9623,9.623051,0,-0.0109901428,1,3.11369324,-0.406593323
9624,9.624052,0,0.142860413,1,3.11330986,-0.31867981
9625,9.625052,0,0.142860413,1,3.11254263,-0.296703339
9626,9.626109,0,-0.120880127,1,3.11254263,-0.296703339
9627,9.627049,0,-0.120880127,1,3.11254263,-0.252746582
9628,9.628076,0,0.0769271851,1,3.11215925,-0.208789825
9629,9.629139,0,0.0769271851,1,3.11215925,-0.164836884
9630,9.630178,0,0.0769271851,1,3.11254263,-0.120880127
9631,9.631189,0,0.0769271851,1,3.11215925,-0.0769233704
9632,9.632050,0,-0.230770111,1,3.11254263,-0.0329666138
9633,9.633051,0,-0.230770111,1,3.11254263,0.0329704285
9634,9.634055,0,-0.0769233704,1,3.11254263,0.0549468994
9635,9.635052,0,-0.0769233704,1,3.11292648,0.0769271851
9636,9.636056,0,0.406597137,1,3.11292648,0.120880127
9637,9.637050,0,0.406597137,1,3.11254263,0.142860413
9638,9.638054,0,-0.0769233704,1,3.11254263,0.142860413
9639,9.639055,0,-0.0769233704,1,3.11330986,0.142860413
9640,9.640093,0,-0.0769233704,1,3.11330986,0.164836884
9641,9.641056,0,-0.0769233704,1,3.11292648,0.186817169
9642,9.642074,0,-0.340660095,1,3.11292648,0.164836884
9643,9.643060,0,-0.340660095,1,3.11330986,0.164836884
9644,9.644055,0,0.0329704285,1,3.11330986,0.164836884
9645,9.645056,0,0.0329704285,1,3.11330986,0.164836884
9646,9.646050,0,0.0329704285,1,3.11369324,0.164836884
9647,9.647055,0,0.0329704285,1,3.11369324,0.164836884
9648,9.648057,0,-0.142856598,1,3.11369324,0.164836884
9649,9.649054,0,-0.142856598,1,3.11369324,0.164836884
9650,9.650056,0,-0.120880127,1,3.11407661,0.142860413
9651,9.651062,0,-0.120880127,1,3.11446047,0.164836884
9652,9.652054,0,0.20879364,1,3.11446047,0.164836884
9653,9.653056,0,0.20879364,1,3.11407661,0.164836884
9654,9.654054,0,-0.142856598,1,3.11407661,0.120880127
9655,9.655051,0,-0.142856598,1,3.11407661,0.120880127
9656,9.656056,0,0.098903656,1,3.11407661,0.098903656
9657,9.657050,0,0.098903656,1,3.11446047,0.0769271851
9658,9.658054,0,0.0109901428,1,3.11446047,0.098903656
9659,9.659056,0,0.0109901428,1,3.11446047,0.0769271851
9660,9.660054,0,-0.142856598,1,1.54076385,-0.164836884
9661,9.661056,0,-0.142856598,1,3.11446047,0.0549468994
9662,9.662064,0,0.186817169,1,3.11446047,0.0109901428
9663,9.663051,0,0.186817169,1,3.11369324,-0.274726868
9664,9.664056,0,-0.274726868,1,3.11369324,-0.494506836
9665,9.665053,0,-0.274726868,1,3.11369324,-0.560440063
9666,9.666050,0,0.0329704285,1,3.11330986,-0.516483307
9667,9.667052,0,0.0329704285,1,3.11254263,-0.494506836
9668,9.668049,0,-0.0769233704,1,3.11215925,-0.494506836
9669,9.669052,0,-0.0769233704,1,3.11254263,-0.47252655
9670,9.670057,0,0.0549468994,1,3.11215925,-0.406593323
9671,9.671051,0,0.0549468994,1,3.11177588,-0.340660095
9672,9.672123,0,-0.164836884,1,1.54114723,0.0329704285
9673,9.673050,0,-0.164836884,1,3.11177588,-0.274726868
9674,9.674051,0,0.230770111,1,3.1113925,-0.252746582
9675,9.675057,0,0.230770111,1,3.11024189,-0.450550079
9676,9.676050,0,-0.0109901428,1,3.11062527,-0.648349762
9677,9.677055,0,-0.0109901428,1,3.11062527,-0.670330048
9678,9.678056,0,-0.0988998413,1,3.11062527,-0.582416534
9679,9.679052,0,-0.0988998413,1,3.10947466,-0.516483307
9680,9.680200,0,0.0329704285,1,3.10880375,-0.516483307
9681,9.681053,0,0.0329704285,1,3.10909128,-0.494506836
9682,9.682054,0,0.0549468994,1,3.10909128,-0.406593323
9683,9.683065,0,0.0549468994,1,3.10803699,-0.31867981
9684,9.684056,0,0.0549468994,1,3.10765314,-0.296703339
9685,9.685053,0,0.0549468994,1,3.10842037,-0.274726868
9686,9.686050,0,-0.120880127,1,3.10803699,-0.186813354
9687,9.687051,0,-0.120880127,1,3.10765314,-0.0988998413
9688,9.688055,0,-0.0329666138,1,3.10765314,-0.0769233704
9689,9.689056,0,-0.0329666138,1,3.10765314,-0.0329666138
9690,9.690052,0,0.142860413,1,3.10765314,0.0109901428
9691,9.691053,0,0.142860413,1,3.10803699,0.0769271851
9692,9.692050,0,-0.0109901428,1,3.10765314,0.098903656
9693,9.693051,0,-0.0109901428,1,3.10765314,0.098903656
9694,9.694058,0,-0.0109901428,1,3.10842037,0.120880127
9695,9.695054,0,-0.0109901428,1,3.10803699,0.186817169
9696,9.696051,0,-0.0109901428,1,3.10765314,0.20879364
9697,9.697052,0,-0.0109901428,1,3.10842037,0.164836884
9698,9.698056,0,-0.0329666138,1,3.10842037,0.20879364
9699,9.699057,0,-0.0329666138,1,3.10842037,0.230770111
9700,9.700053,0,-0.186813354,1,3.10842037,0.20879364
9701,9.701114,0,-0.186813354,1,3.10842037,0.20879364
9702,9.702052,0,0.186817169,1,3.10880375,0.20879364
9703,9.703052,0,0.186817169,1,3.10880375,0.230770111
9704,9.704081,0,0.0109901428,1,3.10909128,0.230770111
9705,9.705062,0,0.0109901428,1,3.10909128,0.230770111
9706,9.706056,0,-0.362636566,1,3.10909128,0.252750397
9707,9.707052,0,-0.362636566,1,3.10947466,0.230770111
9708,9.708054,0,-0.428569794,1,3.10947466,0.20879364
9709,9.709051,0,-0.428569794,1,3.11024189,0.20879364
9710,9.710053,0,-0.0109901428,1,3.10985851,0.230770111
9711,9.711050,0,-0.0109901428,1,3.10985851,0.20879364
9712,9.712052,0,-0.120880127,1,3.10985851,0.20879364
9713,9.713057,0,-0.120880127,1,3.11024189,0.186817169
9714,9.714051,0,-0.0109901428,1,3.10985851,0.186817169
9715,9.715076,0,-0.0109901428,1,3.10985851,0.164836884
9716,9.716059,0,0.20879364,1,3.11062527,0.142860413
9717,9.717054,0,0.20879364,1,3.11024189,0.142860413
9718,9.718051,0,-0.0329666138,1,1.54143476,0.120880127
9719,9.719052,0,-0.0329666138,1,3.11024189,0.120880127
9720,9.720050,0,0.0329704285,1,3.11024189,0.0109901428
9721,9.721051,0,0.0329704285,1,3.10985851,-0.230770111
9722,9.722056,0,-0.208789825,1,3.11100864,-0.120880127
9723,9.723050,0,-0.208789825,1,3.11062527,-0.0549468994
9724,9.724055,0,0.098903656,1,3.11024189,-0.0109901428
9725,9.725053,0,0.098903656,1,3.10985851,0.0109901428
9726,9.726086,0,0.0329704285,1,3.11062527,-0.0329666138
9727,9.727052,0,0.0329704285,1,3.11100864,0.0329704285
9728,9.728055,0,0.450553894,1,3.11024189,0.0769271851
9729,9.729052,0,0.450553894,1,3.11024189,0.0769271851
9730,9.730053,0,-0.0549468994,1,1.54105139,-0.142856598
9731,9.731050,0,-0.0549468994,1,3.11100864,0.0769271851
9732,9.732052,0,-0.230770111,1,3.11062527,0.0329704285
9733,9.733050,0,-0.230770111,1,3.11024189,-0.230770111
9734,9.734052,0,-0.0109901428,1,3.11100864,-0.0988998413
9735,9.735052,0,-0.0109901428,1,3.11100864,-0.0329666138
9736,9.736054,0,0.0109901428,1,3.11062527,0.0549468994
9737,9.737112,0,0.0109901428,1,3.11024189,0.0329704285
9738,9.738055,0,0.120880127,1,3.11100864,0.0109901428
9739,9.739057,0,0.120880127,1,3.1113925,0.0549468994
9740,9.740052,0,0.296707153,1,3.11100864,0.098903656
9741,9.741053,0,0.296707153,1,3.11100864,0.098903656
9742,9.742050,0,0.0549468994,1,1.54114723,0.0769271851
9743,9.743051,0,0.0549468994,1,3.11177588,0.120880127
9744,9.744055,0,-0.164836884,1,3.11100864,0.0769271851
9745,9.745051,0,-0.164836884,1,3.11062527,-0.186813354
9746,9.746055,0,0.0109901428,1,3.11024189,-0.450550079
9747,9.747056,0,0.0109901428,1,3.11100864,-0.494506836
9748,9.748062,0,-0.0329666138,1,3.11024189,-0.428569794
9749,9.749056,0,-0.0329666138,1,3.10985851,-0.384616852
9750,9.750053,0,0.186817169,1,3.10947466,-0.406593323
9751,9.751053,0,0.186817169,1,3.10947466,-0.384616852
9752,9.752060,0,-0.186813354,1,3.10947466,-0.340660095
9753,9.753053,0,-0.186813354,1,3.10880375,-0.296703339
9754,9.754050,0,-0.0329666138,1,3.10880375,-0.296703339
9755,9.755054,0,-0.0329666138,1,3.10909128,-0.252746582
9756,9.756050,0,0.0329704285,1,3.10880375,-0.186813354
9757,9.757052,0,0.0329704285,1,3.10842037,-0.120880127
9758,9.758080,0,-0.208789825,1,3.10842037,-0.0988998413
9759,9.759060,0,-0.208789825,1,3.10880375,-0.0769233704
9760,9.760053,0,-0.0988998413,1,3.10880375,-0.0109901428
9761,9.761050,0,-0.0988998413,1,3.10880375,0.0109901428
9762,9.762051,0,-0.0109901428,1,3.10880375,0.0329704285
9763,9.763055,0,-0.0109901428,1,3.10909128,0.0549468994
9764,9.764056,0,-0.0549468994,1,3.10947466,0.098903656
9765,9.765056,0,-0.0549468994,1,3.10909128,0.142860413
9766,9.766049,0,-0.0769233704,1,3.10909128,0.164836884
9767,9.767053,0,-0.0769233704,1,3.10909128,0.164836884
9768,9.768055,0,-0.142856598,1,3.10909128,0.164836884
9769,9.769086,0,-0.142856598,1,3.10909128,0.164836884
9770,9.770053,0,0.098903656,1,3.10947466,0.164836884
9771,9.771054,0,0.098903656,1,3.10947466,0.164836884
9772,9.772051,0,0.120880127,1,3.10985851,0.186817169
9773,9.773052,0,0.120880127,1,3.10947466,0.186817169
9774,9.774057,0,-0.0329666138,1,3.10985851,0.164836884
9775,9.775054,0,-0.0329666138,1,3.10985851,0.164836884
9776,9.776051,0,-0.230770111,1,3.10985851,0.164836884
9777,9.777053,0,-0.230770111,1,3.11024189,0.164836884
9778,9.778050,0,-0.0329666138,1,3.11024189,0.142860413
9779,9.779051,0,-0.0329666138,1,3.11024189,0.142860413
9780,9.780080,0,0.252750397,1,3.11062527,0.142860413
9781,9.781057,0,0.252750397,1,3.11062527,0.164836884
9782,9.782051,0,-0.0109901428,1,3.11062527,0.142860413
9783,9.783056,0,-0.0109901428,1,3.11062527,0.142860413
9784,9.784050,0,0.0329704285,1,3.11062527,0.120880127
9785,9.785050,0,0.0329704285,1,3.11062527,0.098903656
9786,9.786052,0,-0.142856598,1,3.11024189,0.0769271851
9787,9.787049,0,-0.142856598,1,3.11062527,0.0549468994
9788,9.788051,0,0.0109901428,1,1.54124308,0.0329704285
9789,9.789057,0,0.0109901428,1,3.11062527,0.0549468994
9790,9.790051,0,-0.120880127,1,3.11062527,-0.0329666138
9791,9.791061,0,-0.120880127,1,3.11024189,-0.252746582
9792,9.792055,0,0.274726868,1,3.11062527,-0.142856598
9793,9.793052,0,0.274726868,1,3.11100864,-0.0769233704
9794,9.794054,0,-0.142856598,1,3.11024189,-0.0109901428
9795,9.795054,0,-0.142856598,1,3.11024189,-0.0109901428
9796,9.796056,0,0.0769271851,1,3.11100864,-0.0329666138
9797,9.797054,0,0.0769271851,1,3.11062527,0.0329704285
9798,9.798056,0,-0.0329666138,1,3.11062527,0.0549468994
9799,9.799053,0,-0.0329666138,1,3.11062527,0.0329704285
9800,9.800055,0,-0.230770111,1,1.54114723,0.0329704285
9801,9.801077,0,-0.230770111,1,3.11100864,0.0329704285
9802,9.802063,0,0.142860413,1,3.11024189,0.0109901428
9803,9.803050,0,0.142860413,1,3.10985851,-0.186813354
9804,9.804063,0,-0.0109901428,1,3.11100864,-0.0549468994
9805,9.805051,0,-0.0109901428,1,3.1113925,0.0329704285
9806,9.806055,0,-0.186813354,1,3.11062527,0.120880127
9807,9.807055,0,-0.186813354,1,3.11062527,0.120880127
9808,9.808052,0,-0.0109901428,1,3.11100864,0.0769271851
9809,9.809053,0,-0.0109901428,1,3.1113925,0.120880127
9810,9.810057,0,0.142860413,1,3.11100864,0.164836884
9811,9.811050,0,0.142860413,1,3.11100864,0.142860413
9812,9.812084,0,0.318683624,1,3.1113925,0.120880127
9813,9.813052,0,0.318683624,1,3.11177588,0.142860413
9814,9.814053,0,-0.340660095,1,3.11177588,0.164836884
9815,9.815053,0,-0.340660095,1,3.11177588,0.142860413
9816,9.816054,0,0.0329704285,1,3.11215925,0.098903656
9817,9.817050,0,0.0329704285,1,3.11215925,0.120880127
9818,9.818051,0,-0.0109901428,1,3.11215925,0.142860413
9819,9.819055,0,-0.0109901428,1,3.11215925,0.120880127
9820,9.820056,0,0.0549468994,1,3.11254263,0.098903656
9821,9.821053,0,0.0549468994,1,3.11292648,0.098903656
9822,9.822054,0,0.098903656,1,3.11254263,0.120880127
9823,9.823094,0,0.098903656,1,3.11254263,0.120880127
9824,9.824052,0,-0.142856598,1,3.11292648,0.098903656
9825,9.825056,0,-0.142856598,1,3.11254263,0.120880127
9826,9.826052,0,-0.0549468994,1,3.11292648,0.098903656
9827,9.827053,0,-0.0549468994,1,3.11292648,0.0769271851
9828,9.828050,0,-0.164836884,1,3.11292648,0.0769271851
9829,9.829190,0,-0.164836884,1,3.11330986,0.0769271851
9830,9.830099,0,0.296707153,1,3.11292648,0.0769271851
9831,9.831124,0,0.296707153,1,3.11330986,0.0769271851
9832,9.832081,0,-0.0769233704,1,3.11369324,0.0549468994
9833,9.833100,0,-0.0769233704,1,3.11369324,0.0549468994
9834,9.834149,0,0.20879364,1,3.11330986,0.0549468994
9835,9.835159,0,0.20879364,1,3.11330986,0.0769271851
9836,9.836053,0,-0.428569794,1,3.11330986,0.0549468994
9837,9.837054,0,-0.428569794,1,3.11369324,0.0329704285
9838,9.838051,0,-0.0988998413,1,3.11330986,0.0329704285
9839,9.839052,0,-0.0988998413,1,3.11369324,0.0109901428
9840,9.840057,0,0.098903656,1,3.11369324,0.0109901428
9841,9.841051,0,0.098903656,1,3.11369324,0.0109901428
9842,9.842056,0,0.20879364,1,3.11369324,0.0109901428
9843,9.843050,0,0.20879364,1,3.11369324,0.0109901428
9844,9.844107,0,-0.274726868,1,3.11407661,0.0109901428
9845,9.845051,0,-0.274726868,1,3.11369324,0.0329704285
9846,9.846053,0,-0.252746582,1,1.54095554,-0.0769233704
9847,9.847050,0,-0.252746582,1,3.11369324,0.0109901428
9848,9.848052,0,0.0329704285,1,3.11369324,-0.0329666138
9849,9.849057,0,0.0329704285,1,3.11292648,-0.186813354
9850,9.850051,0,0.0109901428,1,3.11407661,-0.0549468994
9851,9.851056,0,0.0109901428,1,3.11407661,0.0329704285
9852,9.852050,0,-0.296703339,1,3.11369324,0.0769271851
9853,9.853056,0,-0.296703339,1,3.11369324,0.0549468994
9854,9.854050,0,0.0769271851,1,3.11407661,0.0549468994
9855,9.855062,0,0.0769271851,1,3.11407661,0.0769271851
9856,9.856052,0,-0.0109901428,1,3.11407661,0.0769271851
9857,9.857061,0,-0.0109901428,1,3.11369324,0.0769271851
9858,9.858055,0,-0.0549468994,1,1.54095554,-0.142856598
9859,9.859052,0,-0.0549468994,1,3.11446047,0.0769271851
9860,9.860054,0,0.0329704285,1,3.11407661,0.0769271851
9861,9.861052,0,0.0329704285,1,3.11407661,-0.186813354
9862,9.862054,0,0.164836884,1,3.11407661,-0.428569794
9863,9.863051,0,0.164836884,1,3.11446047,-0.428569794
9864,9.864052,0,0.230770111,1,3.11407661,-0.384616852
9865,9.865077,0,0.230770111,1,3.11292648,-0.362636566
9866,9.866060,0,-0.186813354,1,3.11292648,-0.384616852
9867,9.867054,0,-0.186813354,1,3.11330986,-0.384616852
9868,9.868051,0,-0.120880127,1,3.11254263,-0.31867981
9869,9.869054,0,-0.120880127,1,3.11215925,-0.274726868
9870,9.870050,0,0.0769271851,1,1.54124308,0.098903656
9871,9.871051,0,0.0769271851,1,3.11254263,-0.208789825
9872,9.872054,0,0.142860413,1,3.11215925,-0.208789825
9873,9.873055,0,0.142860413,1,3.1113925,-0.340660095
9874,9.874051,0,-0.120880127,1,3.11254263,-0.164836884
9875,9.875055,0,-0.120880127,1,3.11254263,-0.0769233704
9876,9.876067,0,-0.142856598,1,3.11177588,0.0109901428
9877,9.877050,0,-0.142856598,1,3.11177588,0.0329704285
9878,9.878051,0,0.0769271851,1,3.11215925,0.0329704285
9879,9.879055,0,0.0769271851,1,3.11254263,0.0769271851
9880,9.880057,0,0.098903656,1,3.11215925,0.120880127
9881,9.881053,0,0.098903656,1,3.11215925,0.120880127
9882,9.882054,0,0.142860413,1,3.11215925,0.098903656
9883,9.883050,0,0.142860413,1,3.11292648,0.120880127
9884,9.884051,0,-0.120880127,1,3.11215925,0.164836884
9885,9.885051,0,-0.120880127,1,3.11292648,0.164836884
9886,9.886052,0,0.0549468994,1,3.11292648,0.164836884
9887,9.887058,0,0.0549468994,1,3.11292648,0.186817169
9888,9.888052,0,-0.208789825,1,3.11330986,0.20879364
9889,9.889056,0,-0.208789825,1,3.11330986,0.20879364
9890,9.890057,0,-0.186813354,1,3.11330986,0.20879364
9891,9.891053,0,-0.186813354,1,3.11407661,0.186817169
9892,9.892054,0,-0.0769233704,1,3.11369324,0.20879364
9893,9.893051,0,-0.0769233704,1,3.11369324,0.186817169
9894,9.894052,0,-0.164836884,1,3.11369324,0.164836884
9895,9.895051,0,-0.164836884,1,3.11407661,0.164836884
9896,9.896052,0,0.0549468994,1,3.11407661,0.186817169
9897,9.897117,0,0.0549468994,1,3.11407661,0.164836884
9898,9.898050,0,-0.0769233704,1,3.11407661,0.142860413
9899,9.899051,0,-0.0769233704,1,3.11407661,0.120880127
9900,9.900056,0,-0.208789825,1,3.11446047,0.120880127
9901,9.901049,0,-0.208789825,1,3.11446047,0.098903656
9902,9.902054,0,0.20879364,1,3.11446047,0.0769271851
9903,9.903055,0,0.20879364,1,3.11446047,0.0769271851
9904,9.904051,0,-0.142856598,1,3.11446047,0.0769271851
9905,9.905055,0,-0.142856598,1,3.11446047,0.0549468994
9906,9.906052,0,0.0549468994,1,3.11446047,0.0549468994
9907,9.907054,0,0.0549468994,1,3.11446047,0.0549468994
9908,9.908062,0,0.252750397,1,3.11446047,0.0329704285
9909,9.909052,0,0.252750397,1,3.11446047,0.0109901428
9910,9.910054,0,-0.186813354,1,3.11446047,0.0109901428
9911,9.911051,0,-0.186813354,1,3.11407661,-0.0109901428
9912,9.912053,0,0.142860413,1,3.11407661,-0.0329666138
9913,9.913050,0,0.142860413,1,3.11446047,-0.0329666138
9914,9.914052,0,0.142860413,1,3.11446047,-0.0109901428
9915,9.915052,0,0.142860413,1,3.11446047,-0.0109901428
9916,9.916054,0,-0.186813354,1,1.5408597,-0.31867981
9917,9.917088,0,-0.186813354,1,3.11484385,-0.0109901428
9918,9.918054,0,0.0109901428,1,3.11446047,-0.0329666138
9919,9.919062,0,0.0109901428,1,3.11407661,-0.186813354
9920,9.920049,0,-0.164836884,1,3.11484385,-0.0329666138
9921,9.921054,0,-0.164836884,1,3.11484385,0.0329704285
9922,9.922056,0,0.0109901428,1,3.11407661,0.0769271851
9923,9.923053,0,0.0109901428,1,3.11407661,0.0549468994
9924,9.924055,0,-0.0769233704,1,3.11522722,0.0329704285
9925,9.925056,0,-0.0769233704,1,3.11522722,0.098903656
9926,9.926050,0,0.0769271851,1,3.11484385,0.142860413
9927,9.927055,0,0.0769271851,1,3.11484385,0.120880127
9928,9.928057,0,-0.120880127,1,1.54095554,-0.274726868
9929,9.929205,0,-0.120880127,1,3.1156106,0.098903656
9930,9.930056,0,-0.0109901428,1,3.11484385,0.0549468994
9931,9.931050,0,-0.0109901428,1,3.11407661,-0.208789825
9932,9.932055,0,-0.384616852,1,3.11446047,-0.494506836
9933,9.933050,0,-0.384616852,1,3.11522722,-0.516483307
9934,9.934053,0,0.0109901428,1,3.11446047,-0.47252655
9935,9.935050,0,0.0109901428,1,3.11369324,-0.428569794
9936,9.936054,0,0.0109901428,1,3.11330986,-0.428569794
9937,9.937054,0,0.0109901428,1,3.11369324,-0.406593323
9938,9.938050,0,-0.142856598,1,3.11330986,-0.340660095
9939,9.939051,0,-0.142856598,1,3.11254263,-0.296703339
9940,9.940063,0,-0.0329666138,1,3.11254263,-0.274726868
9941,9.941057,0,-0.0329666138,1,3.11292648,-0.252746582
9942,9.942053,0,0.0109901428,1,3.11254263,-0.186813354
9943,9.943054,0,0.0109901428,1,3.11254263,-0.142856598
9944,9.944051,0,-0.252746582,1,3.11254263,-0.120880127
9945,9.945054,0,-0.252746582,1,3.11254263,-0.0769233704
9946,9.946051,0,0.428573608,1,3.11254263,-0.0329666138
9947,9.947052,0,0.428573608,1,3.11254263,-0.0109901428
9948,9.948056,0,-0.0988998413,1,3.11254263,0.0109901428
9949,9.949050,0,-0.0988998413,1,3.11292648,0.0549468994
9950,9.950080,0,-0.0109901428,1,3.11292648,0.098903656
9951,9.951051,0,-0.0109901428,1,3.11292648,0.142860413
9952,9.952052,0,-0.0329666138,1,3.11292648,0.142860413
9953,9.953056,0,-0.0329666138,1,3.11292648,0.164836884
9954,9.954050,0,-0.164836884,1,3.11330986,0.164836884
9955,9.955057,0,-0.164836884,1,3.11330986,0.186817169
9956,9.956050,0,-0.142856598,1,3.11330986,0.186817169
9957,9.957055,0,-0.142856598,1,3.11369324,0.186817169
9958,9.958056,0,-0.0329666138,1,3.11330986,0.20879364
9959,9.959052,0,-0.0329666138,1,3.11369324,0.186817169
9960,9.960053,0,0.274726868,1,3.11369324,0.186817169
9961,9.961121,0,0.274726868,1,3.11407661,0.164836884
9962,9.962051,0,-0.208789825,1,3.11369324,0.164836884
9963,9.963051,0,-0.208789825,1,3.11369324,0.142860413
9964,9.964056,0,-0.0109901428,1,3.11407661,0.120880127
9965,9.965052,0,-0.0109901428,1,3.11407661,0.098903656
9966,9.966057,0,-0.0769233704,1,3.11407661,0.098903656
9967,9.967050,0,-0.0769233704,1,3.11446047,0.098903656
9968,9.968054,0,-0.120880127,1,3.11446047,0.098903656
9969,9.969055,0,-0.120880127,1,3.11407661,0.098903656
9970,9.970051,0,0.0549468994,1,3.11446047,0.0769271851
9971,9.971053,0,0.0549468994,1,3.11407661,0.0769271851
9972,9.972064,0,0.0109901428,1,3.11446047,0.0549468994
9973,9.973052,0,0.0109901428,1,3.11407661,0.0549468994
9974,9.974057,0,0.142860413,1,1.54076385,-0.208789825
9975,9.975054,0,0.142860413,1,3.11446047,0.0329704285
9976,9.976172,0,0.120880127,1,3.11446047,-0.0109901428
9977,9.977053,0,0.120880127,1,3.11369324,-0.252746582
9978,9.978055,0,-0.142856598,1,3.11330986,-0.494506836
9979,9.979052,0,-0.142856598,1,3.11330986,-0.538459778
9980,9.980054,0,0.0769271851,1,3.11330986,-0.516483307
9981,9.981051,0,0.0769271851,1,3.11254263,-0.47252655
9982,9.982053,0,-0.0549468994,1,3.11215925,-0.494506836
9983,9.983063,0,-0.0549468994,1,3.11215925,-0.47252655
9984,9.984050,0,-0.120880127,1,3.11215925,-0.428569794
9985,9.985050,0,-0.120880127,1,3.1113925,-0.362636566
9986,9.986052,0,-0.186813354,1,1.54105139,-0.120880127
9987,9.987057,0,-0.186813354,1,3.1113925,-0.296703339
9988,9.988051,0,-0.0549468994,1,3.1113925,-0.274726868
9989,9.989056,0,-0.0549468994,1,3.11062527,-0.362636566
9990,9.990050,0,-0.0109901428,1,3.1113925,-0.208789825
9991,9.991055,0,-0.0109901428,1,3.1113925,-0.120880127
9992,9.992049,0,-0.0549468994,1,3.11100864,-0.0549468994
9993,9.993083,0,-0.0549468994,1,3.11062527,-0.0329666138
9994,9.994056,0,-0.0549468994,1,3.11100864,-0.0329666138
9995,9.995053,0,-0.0549468994,1,3.1113925,0.0329704285
9996,9.996050,0,-0.252746582,1,3.11100864,0.0769271851
9997,9.997052,0,-0.252746582,1,3.11100864,0.098903656
9998,9.998050,0,0.142860413,1,1.54133892,0.098903656
9999,9.999051,0,0.142860413,1,3.1113925,0.120880127
10000,10.000056,0,-0.0549468994,1,3.11100864,0.120880127
10001,10.001050,0,-0.0549468994,1,3.11062527,-0.142856598
10002,10.002053,0,0.120880127,1,3.11062527,-0.406593323
10003,10.003054,0,0.120880127,1,3.11100864,-0.450550079
10004,10.004063,0,0.0329704285,1,3.11062527,-0.384616852
10005,10.005055,0,0.0329704285,1,3.10985851,-0.31867981
10006,10.006056,0,-0.296703339,1,3.10985851,-0.340660095
10007,10.007053,0,-0.296703339,1,3.10947466,-0.31867981
10008,10.008054,0,-0.0549468994,1,3.10985851,-0.252746582
10009,10.009050,0,-0.0549468994,1,3.10880375,-0.186813354
10010,10.010051,0,-0.142856598,1,3.10880375,-0.186813354
10011,10.011055,0,-0.142856598,1,3.10947466,-0.164836884
10012,10.012056,0,-0.0329666138,1,3.10909128,-0.0988998413
10013,10.013053,0,-0.0329666138,1,3.10909128,-0.0549468994
10014,10.014079,0,0.0549468994,1,3.10909128,-0.0329666138
10015,10.015182,0,0.0549468994,1,3.10909128,-0.0109901428
10016,10.016055,0,-0.142856598,1,3.10909128,0.0109901428
10017,10.017056,0,-0.142856598,1,3.10880375,0.0549468994
10018,10.018052,0,0.142860413,1,3.10880375,0.0769271851
10019,10.019053,0,0.142860413,1,3.10909128,0.098903656
10020,10.020050,0,0.20879364,1,3.10909128,0.120880127
10021,10.021051,0,0.20879364,1,3.10909128,0.142860413
10022,10.022055,0,-0.142856598,1,3.10909128,0.142860413
10023,10.023057,0,-0.142856598,1,3.10947466,0.164836884
10024,10.024053,0,0.0769271851,1,3.10947466,0.186817169
10025,10.025057,0,0.0769271851,1,3.10947466,0.20879364
10026,10.026059,0,0.20879364,1,3.10947466,0.186817169
10027,10.027062,0,0.20879364,1,3.10985851,0.186817169
10028,10.028056,0,-0.0109901428,1,3.11024189,0.20879364
10029,10.029053,0,-0.0109901428,1,3.10985851,0.230770111
10030,10.030054,0,-0.164836884,1,3.11024189,0.20879364
10031,10.031050,0,-0.164836884,1,3.11062527,0.230770111
10032,10.032160,0,-0.0329666138,1,3.11062527,0.230770111
10033,10.033086,0,-0.0329666138,1,3.11024189,0.20879364
10034,10.034112,0,-0.208789825,1,3.11062527,0.164836884
10035,10.035178,0,-0.208789825,1,3.11062527,0.164836884
10036,10.036075,0,0.142860413,1,3.11062527,0.142860413
10037,10.037161,0,0.142860413,1,3.11062527,0.142860413
10038,10.038157,0,-0.142856598,1,3.11062527,0.120880127
10039,10.039053,0,-0.142856598,1,3.11100864,0.120880127
10040,10.040056,0,0.0329704285,1,3.11100864,0.098903656
10041,10.041053,0,0.0329704285,1,3.11100864,0.0769271851
10042,10.042055,0,0.0549468994,1,3.11100864,0.0769271851
10043,10.043052,0,0.0549468994,1,3.11100864,0.0769271851
10044,10.044054,0,-0.0549468994,1,1.54095554,-0.274726868
10045,10.045054,0,-0.0549468994,1,3.11100864,0.0549468994
10046,10.046056,0,0.120880127,1,3.11100864,0.0109901428
10047,10.047081,0,0.120880127,1,3.11062527,-0.142856598
10048,10.048055,0,-0.0549468994,1,3.11177588,0.0109901428
10049,10.049049,0,-0.0549468994,1,3.1113925,0.0769271851
10050,10.050054,0,0.0549468994,1,3.11100864,0.120880127
10051,10.051056,0,0.0549468994,1,3.11100864,0.0769271851
10052,10.052053,0,-0.186813354,1,3.11177588,0.0769271851
10053,10.053056,0,-0.186813354,1,3.1113925,0.098903656
10054,10.054053,0,0.098903656,1,3.11177588,0.120880127
10055,10.055050,0,0.098903656,1,3.11177588,0.120880127
10056,10.056055,0,0.0329704285,1,1.54133892,0.098903656
10057,10.057057,0,0.0329704285,1,3.11177588,0.120880127
10058,10.058062,0,0.0549468994,1,3.11177588,0.0769271851
10059,10.059055,0,0.0549468994,1,3.1113925,-0.186813354
10060,10.060050,0,-0.0769233704,1,3.1113925,-0.450550079
10061,10.061055,0,-0.0769233704,1,3.11177588,-0.47252655
10062,10.062049,0,0.142860413,1,3.1113925,-0.428569794
10063,10.063054,0,0.142860413,1,3.11062527,-0.384616852
10064,10.064056,0,0.0549468994,1,3.11062527,-0.384616852
10065,10.065056,0,0.0549468994,1,3.11024189,-0.384616852
10066,10.066051,0,-0.164836884,1,3.11062527,-0.340660095
10067,10.067054,0,-0.164836884,1,3.10985851,-0.274726868
10068,10.068054,0,-0.0109901428,1,3.10985851,-0.274726868
10069,10.069065,0,-0.0109901428,1,3.10985851,-0.252746582
10070,10.070050,0,0.0549468994,1,3.10985851,-0.186813354
10071,10.071052,0,0.0549468994,1,3.10909128,-0.142856598
10072,10.072056,0,-0.0329666138,1,3.10947466,-0.142856598
10073,10.073057,0,-0.0329666138,1,3.10947466,-0.0988998413
10074,10.074053,0,-0.0329666138,1,3.10985851,-0.0549468994
10075,10.075049,0,-0.0329666138,1,3.10947466,0.0109901428
10076,10.076054,0,-0.186813354,1,3.10985851,0.0109901428
10077,10.077055,0,-0.186813354,1,3.10985851,0.0549468994
10078,10.078052,0,-0.120880127,1,3.10985851,0.098903656
10079,10.079052,0,-0.120880127,1,3.10985851,0.120880127
10080,10.080062,0,0.0109901428,1,3.10985851,0.142860413
10081,10.081051,0,0.0109901428,1,3.11062527,0.164836884
10082,10.082052,0,0.186817169,1,3.11024189,0.186817169
10083,10.083056,0,0.186817169,1,3.11024189,0.186817169
10084,10.084050,0,0.0329704285,1,3.11062527,0.186817169
10085,10.085049,0,0.0329704285,1,3.11062527,0.186817169
10086,10.086051,0,0.0329704285,1,3.11062527,0.186817169
10087,10.087055,0,0.0329704285,1,3.11062527,0.186817169
10088,10.088056,0,0.0549468994,1,3.11062527,0.164836884
10089,10.089052,0,0.0549468994,1,3.11100864,0.164836884
10090,10.090053,0,-0.0329666138,1,3.11062527,0.164836884
10091,10.091059,0,-0.0329666138,1,3.11100864,0.142860413
10092,10.092053,0,0.0109901428,1,3.11100864,0.120880127
10093,10.093049,0,0.0109901428,1,3.1113925,0.120880127
10094,10.094050,0,0.0329704285,1,3.1113925,0.120880127
10095,10.095050,0,0.0329704285,1,3.11100864,0.120880127
10096,10.096051,0,0.230770111,1,3.1113925,0.098903656
10097,10.097055,0,0.230770111,1,3.11100864,0.120880127
10098,10.098056,0,-0.0329666138,1,3.1113925,0.098903656
10099,10.099052,0,-0.0329666138,1,3.1113925,0.0769271851
10100,10.100053,0,-0.0329666138,1,3.1113925,0.0769271851
10101,10.101087,0,-0.0329666138,1,3.1113925,0.0769271851
10102,10.102053,0,0.186817169,1,1.54124308,-0.296703339
10103,10.103055,0,0.186817169,1,3.1113925,0.0329704285
10104,10.104052,0,-0.0329666138,1,3.1113925,-0.0109901428
10105,10.105049,0,-0.0329666138,1,3.11100864,-0.186813354
10106,10.106054,0,-0.0329666138,1,3.1113925,-0.0769233704
10107,10.107056,0,-0.0329666138,1,3.1113925,-0.0329666138
10108,10.108053,0,-0.120880127,1,3.1113925,-0.0109901428
10109,10.109056,0,-0.120880127,1,3.11100864,-0.0109901428
10110,10.110053,0,-0.0109901428,1,3.11177588,-0.0109901428
10111,10.111055,0,-0.0109901428,1,3.1113925,0.0109901428
10112,10.112064,0,-0.0988998413,1,3.1113925,0.0329704285
10113,10.113052,0,-0.0988998413,1,3.1113925,0.0329704285
10114,10.114054,0,-0.0988998413,1,1.54124308,0.164836884
10115,10.115055,0,-0.0988998413,1,3.11177588,0.0549468994
10116,10.116057,0,0.0109901428,1,3.11177588,0.0329704285
10117,10.117054,0,0.0109901428,1,3.1113925,-0.120880127
10118,10.118056,0,0.098903656,1,3.11177588,-0.0109901428
10119,10.119053,0,0.098903656,1,3.11215925,0.0549468994
10120,10.120055,0,-0.120880127,1,3.11177588,0.098903656
10121,10.121052,0,-0.120880127,1,3.11177588,0.0769271851
10122,10.122054,0,-0.0109901428,1,3.11215925,0.0549468994
10123,10.123059,0,-0.0109901428,1,3.11215925,0.0549468994
10124,10.124056,0,0.0329704285,1,3.11215925,0.0769271851
10125,10.125054,0,0.0329704285,1,3.11177588,0.0549468994
10126,10.126051,0,-0.230770111,1,1.54105139,0.0329704285
10127,10.127053,0,-0.230770111,1,3.11254263,0.0769271851
10128,10.128050,0,0.0329704285,1,3.11254263,0.0549468994
10129,10.129052,0,0.0329704285,1,3.11177588,-0.0988998413
10130,10.130049,0,0.0329704285,1,3.11292648,0.0329704285
10131,10.131063,0,0.0329704285,1,3.11292648,0.098903656
10132,10.132049,0,0.0769271851,1,3.11254263,0.164836884
10133,10.133053,0,0.0769271851,1,3.11254263,0.142860413
10134,10.134061,0,0.0549468994,1,3.11292648,0.120880127
10135,10.135050,0,0.0549468994,1,3.11330986,0.142860413
10136,10.136054,0,0.186817169,1,3.11330986,0.186817169
10137,10.137055,0,0.186817169,1,3.11330986,0.164836884
10138,10.138052,0,0.120880127,1,3.11369324,0.142860413
10139,10.139053,0,0.120880127,1,3.11407661,0.164836884
10140,10.140057,0,-0.230770111,1,3.11369324,0.186817169
10141,10.141051,0,-0.230770111,1,3.11407661,0.186817169
10142,10.142055,0,0.142860413,1,3.11407661,0.164836884
10143,10.143056,0,0.142860413,1,3.11446047,0.164836884
10144,10.144052,0,-0.186813354,1,3.11446047,0.164836884
10145,10.145065,0,-0.186813354,1,3.11446047,0.164836884
10146,10.146051,0,0.0109901428,1,3.11446047,0.142860413
10147,10.147055,0,0.0109901428,1,3.11484385,0.120880127
10148,10.148056,0,-0.0109901428,1,3.11484385,0.120880127
10149,10.149053,0,-0.0109901428,1,3.11484385,0.120880127
10150,10.150054,0,0.0549468994,1,3.11484385,0.098903656
10151,10.151050,0,0.0549468994,1,3.11522722,0.120880127
10152,10.152051,0,-0.0549468994,1,3.11522722,0.098903656
10153,10.153055,0,-0.0549468994,1,3.11522722,0.0769271851
10154,10.154056,0,0.0549468994,1,3.11522722,0.0769271851
10155,10.155056,0,0.0549468994,1,3.11522722,0.0549468994
10156,10.156060,0,0.0109901428,1,3.11522722,0.0549468994
10157,10.157054,0,0.0109901428,1,3.1156106,0.0329704285
10158,10.158050,0,0.120880127,1,3.11522722,0.0109901428
10159,10.159051,0,0.120880127,1,3.1156106,0.0329704285
10160,10.160055,0,-0.0988998413,1,3.11522722,0.0109901428
10161,10.161056,0,-0.0988998413,1,3.11522722,0.0109901428
10162,10.162053,0,-0.142856598,1,3.1156106,0.0109901428
10163,10.163054,0,-0.142856598,1,3.1156106,0.0329704285
10164,10.164050,0,0.20879364,1,3.1156106,0.0329704285
10165,10.165055,0,0.20879364,1,3.1156106,0.0109901428
10166,10.166051,0,0.0109901428,1,3.1156106,0.0109901428
10167,10.167062,0,0.0109901428,1,3.11599445,0.0329704285
10168,10.168056,0,-0.0329666138,1,3.11522722,0.0329704285
10169,10.169053,0,-0.0329666138,1,3.11599445,0.0109901428
10170,10.170055,0,0.0329704285,1,3.1156106,0.0109901428
10171,10.171052,0,0.0329704285,1,3.1156106,-0.0109901428
10172,10.172161,0,-0.208789825,1,1.54105139,-0.0988998413
10173,10.173051,0,-0.208789825,1,3.1156106,-0.0109901428
10174,10.174053,0,-0.186813354,1,3.1156106,-0.0549468994
10175,10.175053,0,-0.186813354,1,3.11484385,-0.230770111
10176,10.176055,0,-0.230770111,1,3.11599445,-0.120880127
10177,10.177076,0,-0.230770111,1,3.1156106,-0.0549468994
10178,10.178065,0,0.0549468994,1,3.11484385,-0.0109901428
10179,10.179051,0,0.0549468994,1,3.11522722,-0.0329666138
10180,10.180056,0,-0.0988998413,1,3.11599445,-0.0329666138
10181,10.181051,0,-0.0988998413,1,3.1156106,0.0109901428
10182,10.182056,0,-0.0329666138,1,3.1156106,0.0109901428
10183,10.183064,0,-0.0329666138,1,3.1156106,0.0329704285
10184,10.184051,0,-0.120880127,1,1.54076385,-0.31867981
10185,10.185051,0,-0.120880127,1,3.11628199,0.0549468994
10186,10.186053,0,-0.0988998413,1,3.11628199,0.0549468994
10187,10.187050,0,-0.0988998413,1,3.1156106,-0.186813354
10188,10.188077,0,-0.0329666138,1,3.1156106,-0.406593323
10189,10.189060,0,-0.0329666138,1,3.11522722,-0.450550079
10190,10.190055,0,0.120880127,1,3.11522722,-0.428569794
10191,10.191052,0,0.120880127,1,3.11446047,-0.406593323
10192,10.192054,0,0.142860413,1,3.11446047,-0.406593323
10193,10.193051,0,0.142860413,1,3.11484385,-0.406593323
10194,10.194053,0,-0.186813354,1,3.11407661,-0.31867981
10195,10.195053,0,-0.186813354,1,3.11369324,-0.252746582
10196,10.196055,0,0.252750397,1,3.11369324,-0.252746582
10197,10.197052,0,0.252750397,1,3.11369324,-0.230770111
10198,10.198053,0,-0.120880127,1,3.11369324,-0.186813354
10199,10.199080,0,-0.120880127,1,3.11292648,-0.120880127
10200,10.200061,0,-0.0769233704,1,3.11330986,-0.120880127
10201,10.201055,0,-0.0769233704,1,3.11369324,-0.0769233704
10202,10.202051,0,-0.0109901428,1,3.11369324,-0.0329666138
10203,10.203052,0,-0.0109901428,1,3.11369324,0.0109901428
10204,10.204056,0,-0.120880127,1,3.11330986,0.0549468994
10205,10.205053,0,-0.120880127,1,3.11369324,0.0769271851
10206,10.206049,0,0.0769271851,1,3.11407661,0.098903656
10207,10.207050,0,0.0769271851,1,3.11369324,0.142860413
10208,10.208054,0,0.186817169,1,3.11407661,0.142860413
10209,10.209055,0,0.186817169,1,3.11446047,0.164836884
10210,10.210093,0,-0.208789825,1,3.11446047,0.186817169
10211,10.211054,0,-0.208789825,1,3.11407661,0.186817169
10212,10.212055,0,0.274726868,1,3.11407661,0.186817169
10213,10.213052,0,0.274726868,1,3.11446047,0.164836884
10214,10.214053,0,-0.0769233704,1,3.11484385,0.164836884
10215,10.215052,0,-0.0769233704,1,3.11446047,0.186817169
10216,10.216053,0,0.0769271851,1,3.11446047,0.186817169
10217,10.217050,0,0.0769271851,1,3.11484385,0.164836884
10218,10.218051,0,-0.0109901428,1,3.11522722,0.164836884
10219,10.219055,0,-0.0109901428,1,3.11484385,0.142860413
10220,10.220056,0,-0.0549468994,1,3.11522722,0.142860413
10221,10.221058,0,-0.0549468994,1,3.11522722,0.142860413
10222,10.222052,0,-0.186813354,1,3.11522722,0.142860413
10223,10.223053,0,-0.186813354,1,3.11522722,0.120880127
10224,10.224049,0,0.120880127,1,3.11522722,0.098903656
10225,10.225053,0,0.120880127,1,3.11522722,0.098903656
10226,10.226050,0,0.0329704285,1,3.11522722,0.0769271851
10227,10.227051,0,0.0329704285,1,3.1156106,0.0769271851
10228,10.228055,0,-0.0329666138,1,3.1156106,0.0769271851
10229,10.229057,0,-0.0329666138,1,3.1156106,0.0549468994
10230,10.230053,0,-0.164836884,1,1.54124308,0.0549468994
10231,10.231054,0,-0.164836884,1,3.11522722,0.0549468994
10232,10.232058,0,0.164836884,1,3.11522722,-0.0109901428
10233,10.233050,0,0.164836884,1,3.11484385,-0.208789825
10234,10.234052,0,-0.0769233704,1,3.1156106,-0.0988998413
10235,10.235052,0,-0.0769233704,1,3.1156106,-0.0549468994
10236,10.236054,0,0.120880127,1,3.11522722,-0.0109901428
10237,10.237052,0,0.120880127,1,3.11522722,-0.0109901428
10238,10.238054,0,0.0549468994,1,3.1156106,-0.0109901428
10239,10.239051,0,0.0549468994,1,3.1156106,0.0109901428
10240,10.240052,0,-0.0109901428,1,3.1156106,0.0549468994
10241,10.241050,0,-0.0109901428,1,3.1156106,0.0329704285
10242,10.242051,0,-0.0109901428,1,1.54133892,0.340660095
10243,10.243062,0,-0.0109901428,1,3.11599445,0.0769271851
10244,10.244059,0,-0.186813354,1,3.1156106,0.0549468994
10245,10.245049,0,-0.186813354,1,3.1156106,-0.142856598
10246,10.246054,0,0.142860413,1,3.11628199,-0.0329666138
10247,10.247056,0,0.142860413,1,3.11628199,0.0549468994
10248,10.248053,0,-0.296703339,1,3.1156106,0.098903656
10249,10.249055,0,-0.296703339,1,3.11599445,0.0549468994
10250,10.250052,0,0.0329704285,1,3.11599445,0.0329704285
10251,10.251054,0,0.0329704285,1,3.11628199,0.0549468994
10252,10.252051,0,0.0769271851,1,3.11599445,0.098903656
10253,10.253054,0,0.0769271851,1,3.11628199,0.098903656
10254,10.254059,0,0.0549468994,1,1.54076385,-0.274726868
10255,10.255054,0,0.0549468994,1,3.11666536,0.098903656
10256,10.256056,0,0.0329704285,1,3.11599445,0.0769271851
10257,10.257053,0,0.0329704285,1,3.1156106,-0.186813354
10258,10.258055,0,0.274726868,1,3.11599445,-0.450550079
10259,10.259053,0,0.274726868,1,3.11628199,-0.47252655
10260,10.260054,0,-0.0769233704,1,3.11599445,-0.406593323
10261,10.261052,0,-0.0769233704,1,3.11484385,-0.362636566
10262,10.262054,0,-0.142856598,1,3.11484385,-0.384616852
10263,10.263051,0,-0.142856598,1,3.11522722,-0.362636566
10264,10.264051,0,-0.186813354,1,3.11484385,-0.296703339
10265,10.265079,0,-0.186813354,1,3.11446047,-0.252746582
10266,10.266079,0,0.120880127,1,3.11446047,-0.252746582
10267,10.267118,0,0.120880127,1,3.11446047,-0.230770111
10268,10.268203,0,0.164836884,1,3.11446047,-0.164836884
10269,10.269077,0,0.164836884,1,3.11369324,-0.120880127
10270,10.270085,0,-0.142856598,1,3.11369324,-0.0988998413
10271,10.271139,0,-0.142856598,1,3.11446047,-0.0549468994
10272,10.272050,0,-0.164836884,1,3.11407661,-0.0109901428
10273,10.273052,0,-0.164836884,1,3.11407661,0.0329704285
10274,10.274056,0,-0.0769233704,1,3.11407661,0.0549468994
10275,10.275052,0,-0.0769233704,1,3.11446047,0.0769271851
10276,10.276056,0,-0.0109901428,1,3.11446047,0.098903656
10277,10.277050,0,-0.0109901428,1,3.11407661,0.142860413
10278,10.278054,0,0.0329704285,1,3.11446047,0.142860413
10279,10.279055,0,0.0329704285,1,3.11446047,0.142860413
10280,10.280052,0,-0.0329666138,1,3.11446047,0.142860413
10281,10.281058,0,-0.0329666138,1,3.11446047,0.142860413
10282,10.282052,0,-0.0549468994,1,3.11484385,0.120880127
10283,10.283056,0,-0.0549468994,1,3.11484385,0.142860413
10284,10.284057,0,-0.186813354,1,3.11522722,0.164836884
10285,10.285057,0,-0.186813354,1,3.11522722,0.164836884
10286,10.286050,0,-0.142856598,1,3.11522722,0.164836884
10287,10.287054,0,-0.142856598,1,3.1156106,0.142860413
10288,10.288055,0,0.164836884,1,3.1156106,0.164836884
10289,10.289052,0,0.164836884,1,3.11522722,0.142860413
10290,10.290053,0,-0.120880127,1,3.11599445,0.120880127
10291,10.291068,0,-0.120880127,1,3.1156106,0.142860413
10292,10.292050,0,-0.120880127,1,3.1156106,0.142860413
10293,10.293052,0,-0.120880127,1,3.1156106,0.120880127
10294,10.294056,0,-0.0769233704,1,3.11599445,0.098903656
10295,10.295107,0,-0.0769233704,1,3.11599445,0.120880127
10296,10.296050,0,0.0769271851,1,3.11599445,0.120880127
10297,10.297051,0,0.0769271851,1,3.11628199,0.098903656
10298,10.298055,0,-0.0549468994,1,3.11599445,0.098903656
10299,10.299049,0,-0.0549468994,1,3.11599445,0.0769271851
10300,10.300054,0,0.0329704285,1,1.54114723,0.0549468994
10301,10.301057,0,0.0329704285,1,3.11599445,0.0549468994
10302,10.302085,0,0.098903656,1,3.11599445,-0.0109901428
10303,10.303051,0,0.098903656,1,3.1156106,-0.186813354
10304,10.304053,0,-0.120880127,1,3.11628199,-0.0769233704
10305,10.305054,0,-0.120880127,1,3.11599445,-0.0109901428
10306,10.306056,0,-0.0769233704,1,3.1156106,0.0109901428
10307,10.307053,0,-0.0769233704,1,3.1156106,-0.0109901428
10308,10.308055,0,0.120880127,1,3.11628199,-0.0109901428
10309,10.309052,0,0.120880127,1,3.11628199,0.0109901428
10310,10.310054,0,0.0769271851,1,3.11599445,0.0549468994
10311,10.311051,0,0.0769271851,1,3.11628199,0.0329704285
10312,10.312053,0,0.20879364,1,1.54124308,0.164836884
10313,10.313065,0,0.20879364,1,3.11628199,0.0329704285
10314,10.314051,0,0.0109901428,1,3.11628199,0.0329704285
10315,10.315052,0,0.0109901428,1,3.11599445,-0.164836884
10316,10.316053,0,-0.164836884,1,3.11666536,-0.0329666138
10317,10.317051,0,-0.164836884,1,3.11666536,0.0329704285
10318,10.318053,0,-0.0329666138,1,3.11628199,0.0769271851
10319,10.319050,0,-0.0329666138,1,3.11628199,0.0549468994
10320,10.320052,0,-0.186813354,1,3.11704874,0.0329704285
10321,10.321057,0,-0.186813354,1,3.11704874,0.0769271851
10322,10.322051,0,0.0109901428,1,3.11628199,0.120880127
10323,10.323085,0,0.0109901428,1,3.11666536,0.0769271851
10324,10.324049,0,-0.0549468994,1,3.11704874,0.0769271851
10325,10.325055,0,-0.0549468994,1,3.11704874,0.098903656
10326,10.326052,0,0.120880127,1,3.11704874,0.120880127
10327,10.327054,0,0.120880127,1,3.11704874,0.120880127
10328,10.328051,0,-0.0549468994,1,3.11743259,0.098903656
10329,10.329052,0,-0.0549468994,1,3.11781597,0.120880127
10330,10.330055,0,0.0109901428,1,3.11781597,0.120880127
10331,10.331056,0,0.0109901428,1,3.11743259,0.120880127
10332,10.332052,0,0.0549468994,1,3.11781597,0.120880127
10333,10.333054,0,0.0549468994,1,3.11781597,0.120880127
10334,10.334111,0,0.120880127,1,3.11781597,0.098903656
10335,10.335056,0,0.120880127,1,3.11743259,0.098903656
10336,10.336050,0,-0.142856598,1,3.11819935,0.0549468994
10337,10.337054,0,-0.142856598,1,3.11819935,0.0769271851
10338,10.338055,0,-0.120880127,1,3.11819935,0.098903656
10339,10.339051,0,-0.120880127,1,3.11819935,0.0769271851
10340,10.340052,0,-0.0549468994,1,3.11819935,0.0769271851
10341,10.341057,0,-0.0549468994,1,3.11819935,0.0769271851
10342,10.342050,0,0.098903656,1,3.11819935,0.0769271851
10343,10.343054,0,0.098903656,1,3.11858273,0.0769271851
10344,10.344055,0,-0.164836884,1,3.11858273,0.0549468994
10345,10.345060,0,-0.164836884,1,3.11858273,0.0549468994
10346,10.346061,0,0.0769271851,1,3.11858273,0.0549468994
10347,10.347055,0,0.0769271851,1,3.11858273,0.0549468994
10348,10.348052,0,-0.0329666138,1,3.11896658,0.0329704285
10349,10.349053,0,-0.0329666138,1,3.11858273,0.0329704285
10350,10.350050,0,-0.0769233704,1,3.11858273,0.0329704285
10351,10.351051,0,-0.0769233704,1,3.11896658,0.0109901428
10352,10.352055,0,-0.0769233704,1,3.11896658,0.0329704285
10353,10.353056,0,-0.0769233704,1,3.11896658,0.0329704285
10354,10.354052,0,-0.120880127,1,3.11896658,0.0549468994
10355,10.355088,0,-0.120880127,1,3.11896658,0.0549468994
10356,10.356054,0,0.0329704285,1,3.11896658,0.0549468994
10357,10.357056,0,0.0329704285,1,3.11896658,0.0549468994
10358,10.358053,0,-0.0549468994,1,1.54114723,0.0549468994
10359,10.359054,0,-0.0549468994,1,3.11896658,0.0329704285
10360,10.360050,0,-0.0549468994,1,3.11896658,-0.0329666138
10361,10.361051,0,-0.0549468994,1,3.11819935,-0.274726868
10362,10.362055,0,0.0109901428,1,3.11819935,-0.538459778
10363,10.363056,0,0.0109901428,1,3.11858273,-0.582416534
10364,10.364053,0,0.164836884,1,3.11781597,-0.538459778
10365,10.365051,0,0.164836884,1,3.11704874,-0.494506836
10366,10.366100,0,-0.0988998413,1,3.11704874,-0.494506836
10367,10.367051,0,-0.0988998413,1,3.11704874,-0.450550079
10368,10.368053,0,-0.0769233704,1,3.11666536,-0.406593323
10369,10.369050,0,-0.0769233704,1,3.11628199,-0.340660095
10370,10.370052,0,-0.164836884,1,1.54114723,0.20879364
10371,10.371049,0,-0.164836884,1,3.11628199,-0.274726868
10372,10.372051,0,-0.208789825,1,3.11628199,-0.252746582
10373,10.373057,0,-0.208789825,1,3.11522722,-0.450550079
10374,10.374051,0,0.098903656,1,3.11484385,-0.648349762
10375,10.375051,0,0.098903656,1,3.1156106,-0.670330048
10376,10.376126,0,0.0109901428,1,3.11484385,-0.582416534
10377,10.377058,0,0.0109901428,1,3.11407661,-0.494506836
10378,10.378051,0,-0.0329666138,1,3.11369324,-0.47252655
10379,10.379053,0,-0.0329666138,1,3.11407661,-0.47252655
10380,10.380051,0,0.120880127,1,3.11369324,-0.362636566
10381,10.381053,0,0.120880127,1,3.11330986,-0.274726868
10382,10.382050,0,-0.0109901428,1,1.54114723,0.120880127
10383,10.383052,0,-0.0109901428,1,3.11330986,-0.230770111
10384,10.384057,0,0.0109901428,1,3.11292648,-0.208789825
10385,10.385054,0,0.0109901428,1,3.11177588,-0.296703339
10386,10.386051,0,-0.0549468994,1,3.11254263,-0.164836884
10387,10.387053,0,-0.0549468994,1,3.11254263,-0.0769233704
10388,10.388060,0,0.142860413,1,3.11215925,-0.0109901428
10389,10.389055,0,0.142860413,1,3.11177588,0.0109901428
10390,10.390052,0,-0.0769233704,1,3.11215925,0.0109901428
10391,10.391054,0,-0.0769233704,1,3.11254263,0.0329704285
10392,10.392051,0,-0.274726868,1,3.11215925,0.098903656
10393,10.393053,0,-0.274726868,1,3.11215925,0.142860413
10394,10.394050,0,0.0769271851,1,3.11254263,0.142860413
10395,10.395054,0,0.0769271851,1,3.11292648,0.186817169
10396,10.396049,0,0.230770111,1,3.11292648,0.20879364
10397,10.397051,0,0.230770111,1,3.11292648,0.230770111
10398,10.398086,0,-0.0549468994,1,3.11330986,0.230770111
10399,10.399052,0,-0.0549468994,1,3.11330986,0.230770111
10400,10.400053,0,-0.0769233704,1,3.11292648,0.252750397
10401,10.401050,0,-0.0769233704,1,3.11330986,0.252750397
10402,10.402051,0,0.0329704285,1,3.11369324,0.252750397
10403,10.403055,0,0.0329704285,1,3.11369324,0.252750397
10404,10.404056,0,-0.0988998413,1,3.11407661,0.274726868
10405,10.405056,0,-0.0988998413,1,3.11369324,0.274726868
10406,10.406059,0,-0.0109901428,1,3.11446047,0.230770111
10407,10.407053,0,-0.0109901428,1,3.11484385,0.252750397
10408,10.408057,0,-0.142856598,1,3.11446047,0.252750397
10409,10.409082,0,-0.142856598,1,3.11446047,0.230770111
10410,10.410050,0,0.098903656,1,3.11484385,0.186817169
10411,10.411052,0,0.098903656,1,3.11484385,0.186817169
10412,10.412056,0,-0.0769233704,1,3.11484385,0.164836884
10413,10.413050,0,-0.0769233704,1,3.11484385,0.142860413
10414,10.414054,0,-0.208789825,1,3.11522722,0.142860413
10415,10.415050,0,-0.208789825,1,3.11522722,0.120880127
10416,10.416054,0,0.098903656,1,3.11484385,0.120880127
10417,10.417055,0,0.098903656,1,3.11522722,0.120880127
10418,10.418052,0,0.0549468994,1,3.11522722,0.098903656
10419,10.419052,0,0.0549468994,1,3.1156106,0.098903656
10420,10.420064,0,0.0769271851,1,3.11522722,0.098903656
10421,10.421055,0,0.0769271851,1,3.1156106,0.0769271851
10422,10.422057,0,-0.164836884,1,3.1156106,0.0769271851
10423,10.423053,0,-0.164836884,1,3.1156106,0.0549468994
10424,10.424054,0,-0.0769233704,1,3.1156106,0.0549468994
10425,10.425053,0,-0.0769233704,1,3.1156106,0.0549468994
10426,10.426054,0,0.142860413,1,3.1156106,0.0329704285
10427,10.427051,0,0.142860413,1,3.11522722,0.0109901428
10428,10.428052,0,0.0549468994,1,1.54105139,0.120880127
10429,10.429056,0,0.0549468994,1,3.1156106,0.0109901428
10430,10.430050,0,-0.0769233704,1,3.1156106,-0.0109901428
10431,10.431123,0,-0.0769233704,1,3.11522722,-0.186813354
10432,10.432053,0,-0.0329666138,1,3.11599445,-0.0769233704
10433,10.433055,0,-0.0329666138,1,3.11599445,-0.0109901428
10434,10.434052,0,0.098903656,1,3.11522722,0.0329704285
10435,10.435057,0,0.098903656,1,3.1156106,0.0109901428
10436,10.436054,0,-0.186813354,1,3.11599445,-0.0109901428
10437,10.437056,0,-0.186813354,1,3.11599445,0.0109901428
10438,10.438054,0,0.0329704285,1,3.11599445,0.0549468994
10439,10.439055,0,0.0329704285,1,3.11599445,0.0549468994
10440,10.440053,0,-0.0109901428,1,1.5408597,0.0329704285
10441,10.441054,0,-0.0109901428,1,3.11599445,0.0329704285
10442,10.442063,0,-0.186813354,1,3.1156106,-0.0109901428
10443,10.443049,0,-0.186813354,1,3.11522722,-0.252746582
10444,10.444054,0,0.0769271851,1,3.11628199,-0.142856598
10445,10.445052,0,0.0769271851,1,3.11628199,-0.0769233704
10446,10.446057,0,-0.230770111,1,3.1156106,-0.0109901428
10447,10.447051,0,-0.230770111,1,3.1156106,-0.0109901428
10448,10.448056,0,-0.0549468994,1,3.11599445,-0.0329666138
10449,10.449050,0,-0.0549468994,1,3.11599445,-0.0109901428
10450,10.450055,0,-0.0769233704,1,3.11599445,0.0549468994
10451,10.451049,0,-0.0769233704,1,3.11599445,0.0549468994
10452,10.452054,0,0.340660095,1,3.11628199,0.0329704285
10453,10.453061,0,0.340660095,1,3.11666536,0.0549468994
10454,10.454056,0,0.098903656,1,3.11628199,0.098903656
10455,10.455056,0,0.098903656,1,3.11628199,0.098903656
10456,10.456050,0,-0.0329666138,1,3.11666536,0.098903656
10457,10.457055,0,-0.0329666138,1,3.11666536,0.098903656
10458,10.458049,0,0.0329704285,1,3.11666536,0.120880127
10459,10.459054,0,0.0329704285,1,3.11628199,0.120880127
10460,10.460055,0,-0.0988998413,1,3.11704874,0.098903656
10461,10.461051,0,-0.0988998413,1,3.11666536,0.098903656
10462,10.462051,0,-0.0109901428,1,3.11666536,0.098903656
10463,10.463055,0,-0.0109901428,1,3.11704874,0.098903656
10464,10.464061,0,-0.186813354,1,3.11704874,0.098903656
10465,10.465062,0,-0.186813354,1,3.11743259,0.098903656
10466,10.466056,0,-0.0109901428,1,3.11704874,0.098903656
10467,10.467053,0,-0.0109901428,1,3.11704874,0.0769271851
10468,10.468054,0,-0.0988998413,1,3.11743259,0.0769271851
10469,10.469051,0,-0.0988998413,1,3.11781597,0.098903656
10470,10.470052,0,0.142860413,1,3.11743259,0.098903656
10471,10.471056,0,0.142860413,1,3.11743259,0.098903656
10472,10.472057,0,-0.0109901428,1,3.11743259,0.0769271851
10473,10.473053,0,-0.0109901428,1,3.11743259,0.0769271851
10474,10.474062,0,-0.0329666138,1,3.11743259,0.0769271851
10475,10.475051,0,-0.0329666138,1,3.11781597,0.0549468994
10476,10.476052,0,-0.164836884,1,3.11781597,0.0549468994
10477,10.477057,0,-0.164836884,1,3.11781597,0.0769271851
10478,10.478050,0,0.0329704285,1,3.11781597,0.0769271851
10479,10.479054,0,0.0329704285,1,3.11781597,0.0769271851
10480,10.480055,0,0.0549468994,1,3.11819935,0.0769271851
10481,10.481052,0,0.0549468994,1,3.11781597,0.0549468994
10482,10.482053,0,0.142860413,1,3.11781597,0.0549468994
10483,10.483057,0,0.142860413,1,3.11819935,0.0329704285
10484,10.484050,0,-0.0109901428,1,3.11819935,0.0329704285
10485,10.485084,0,-0.0109901428,1,3.11819935,0.0549468994
10486,10.486053,0,0.296707153,1,1.54114723,0.098903656
10487,10.487054,0,0.296707153,1,3.11819935,0.0329704285
10488,10.488051,0,-0.340660095,1,3.11819935,-0.0109901428
10489,10.489052,0,-0.340660095,1,3.11781597,-0.186813354
10490,10.490056,0,0.0109901428,1,3.11858273,-0.0549468994
10491,10.491057,0,0.0109901428,1,3.11858273,-0.0109901428
10492,10.492053,0,0.098903656,1,3.11781597,0.0329704285
10493,10.493055,0,0.098903656,1,3.11819935,-0.0109901428
10494,10.494051,0,-0.0988998413,1,3.11858273,0.0109901428
10495,10.495056,0,-0.0988998413,1,3.11858273,0.0329704285
10496,10.496082,0,0.186817169,1,3.11819935,0.0549468994
10497,10.497049,0,0.186817169,1,3.11819935,0.0329704285
10498,10.498052,0,-0.0329666138,1,1.5408597,-0.384616852
10499,10.499056,0,-0.0329666138,1,3.11896658,0.0549468994
10500,10.500050,0,0.0109901428,1,3.11819935,0.0329704285
10501,10.501056,0,0.0109901428,1,3.11819935,-0.230770111
10502,10.502050,0,-0.0769233704,1,3.11896658,-0.120880127
10503,10.503055,0,-0.0769233704,1,3.11896658,-0.0549468994
10504,10.504057,0,-0.0549468994,1,3.11819935,-0.0109901428
10505,10.505057,0,-0.0549468994,1,3.11781597,-0.0329666138
10506,10.506051,0,0.186817169,1,3.11896658,-0.0549468994
10507,10.507081,0,0.186817169,1,3.11896658,-0.0109901428
10508,10.508050,0,-0.0769233704,1,3.11858273,0.0549468994
10509,10.509052,0,-0.0769233704,1,3.11858273,0.0329704285
10510,10.510050,0,0.164836884,1,1.54124308,0.0329704285
10511,10.511051,0,0.164836884,1,3.11896658,0.0549468994
10512,10.512056,0,0.0769271851,1,3.11858273,0.0109901428
10513,10.513050,0,0.0769271851,1,3.11819935,-0.230770111
10514,10.514055,0,-0.0549468994,1,3.11896658,-0.120880127
10515,10.515143,0,-0.0549468994,1,3.11934996,-0.0769233704
10516,10.516260,0,0.0549468994,1,3.11858273,0.0109901428
10517,10.517071,0,0.0549468994,1,3.11819935,-0.0109901428
10518,10.518082,0,0.0549468994,1,3.11858273,-0.0549468994
10519,10.519086,0,0.0549468994,1,3.11934996,-0.0109901428
10520,10.520182,0,-0.0769233704,1,3.11858273,0.0329704285
10521,10.521173,0,-0.0769233704,1,3.11819935,0.0329704285
10522,10.522053,0,-0.208789825,1,3.11896658,0.0109901428
10523,10.523055,0,-0.208789825,1,3.11934996,0.0549468994
10524,10.524052,0,-0.0988998413,1,3.11858273,0.0769271851
10525,10.525050,0,-0.0988998413,1,3.11896658,0.0769271851
10526,10.526053,0,0.252750397,1,3.11934996,0.0549468994
10527,10.527053,0,0.252750397,1,3.11934996,0.0769271851
10528,10.528049,0,0.0769271851,1,3.11934996,0.098903656
10529,10.529061,0,0.0769271851,1,3.11896658,0.120880127
10530,10.530055,0,0.0109901428,1,3.11973333,0.098903656
10531,10.531051,0,0.0109901428,1,3.11934996,0.098903656
10532,10.532052,0,0.0549468994,1,3.11934996,0.120880127
10533,10.533057,0,0.0549468994,1,3.11934996,0.120880127
10534,10.534050,0,0.0549468994,1,3.11973333,0.098903656
10535,10.535050,0,0.0549468994,1,3.12011671,0.098903656
10536,10.536051,0,-0.230770111,1,3.11973333,0.098903656
10537,10.537055,0,-0.230770111,1,3.11934996,0.098903656
10538,10.538056,0,-0.0988998413,1,3.11973333,0.0549468994
10539,10.539052,0,-0.0988998413,1,3.12011671,0.0549468994
10540,10.540060,0,0.0549468994,1,3.11973333,0.0549468994
10541,10.541054,0,0.0549468994,1,3.11973333,0.0769271851
10542,10.542051,0,-0.230770111,1,3.12011671,0.0549468994
10543,10.543051,0,-0.230770111,1,3.11973333,0.0549468994
10544,10.544056,0,0.274726868,1,3.11973333,0.0549468994
10545,10.545052,0,0.274726868,1,3.12011671,0.0549468994
10546,10.546056,0,-0.120880127,1,3.12011671,0.0549468994
10547,10.547049,0,-0.120880127,1,3.12050056,0.0549468994
10548,10.548054,0,-0.0109901428,1,3.12011671,0.0549468994
10549,10.549055,0,-0.0109901428,1,3.12011671,0.0549468994
10550,10.550101,0,0.230770111,1,3.12011671,0.0329704285
10551,10.551050,0,0.230770111,1,3.12011671,0.0329704285
10552,10.552052,0,-0.0329666138,1,3.12011671,0.0329704285
10553,10.553056,0,-0.0329666138,1,3.12011671,0.0109901428
10554,10.554057,0,-0.0988998413,1,3.12011671,0.0109901428
10555,10.555056,0,-0.0988998413,1,3.12050056,0.0109901428
10556,10.556049,0,-0.0988998413,1,1.5408597,-0.340660095
10557,10.557054,0,-0.0988998413,1,3.12050056,0.0329704285
10558,10.558055,0,-0.0109901428,1,3.12050056,-0.0109901428
10559,10.559051,0,-0.0109901428,1,3.11973333,-0.252746582
10560,10.560052,0,0.142860413,1,3.12050056,-0.164836884
10561,10.561142,0,0.142860413,1,3.12050056,-0.0988998413
10562,10.562054,0,-0.186813354,1,3.11973333,-0.0329666138
10563,10.563057,0,-0.186813354,1,3.12011671,-0.0549468994
10564,10.564054,0,-0.0549468994,1,3.12050056,-0.0769233704
10565,10.565052,0,-0.0549468994,1,3.12088394,-0.0549468994
10566,10.566056,0,0.274726868,1,3.12011671,0.0109901428
10567,10.567050,0,0.274726868,1,3.12011671,0.0109901428
10568,10.568055,0,-0.0329666138,1,1.54105139,0.0109901428
10569,10.569061,0,-0.0329666138,1,3.12088394,0.0549468994
10570,10.570055,0,-0.120880127,1,3.12050056,0.0329704285
10571,10.571052,0,-0.120880127,1,3.11973333,-0.142856598
10572,10.572122,0,-0.230770111,1,3.12088394,-0.0329666138
10573,10.573050,0,-0.230770111,1,3.12088394,0.0329704285
10574,10.574052,0,0.0329704285,1,3.12050056,0.098903656
10575,10.575052,0,0.0329704285,1,3.12050056,0.0769271851
10576,10.576054,0,0.0109901428,1,3.12088394,0.0549468994
10577,10.577051,0,0.0109901428,1,3.12126732,0.098903656
10578,10.578053,0,0.0109901428,1,3.12088394,0.120880127
10579,10.579050,0,0.0109901428,1,3.12088394,0.120880127
10580,10.580052,0,-0.208789825,1,3.12126732,0.098903656
10581,10.581050,0,-0.208789825,1,3.12203455,0.142860413
10582,10.582051,0,-0.0549468994,1,3.12126732,0.164836884
10583,10.583062,0,-0.0549468994,1,3.12126732,0.142860413
10584,10.584049,0,0.098903656,1,3.1216507,0.120880127
10585,10.585049,0,0.098903656,1,3.12203455,0.120880127
10586,10.586051,0,-0.120880127,1,3.12203455,0.120880127
10587,10.587056,0,-0.120880127,1,3.12203455,0.120880127
10588,10.588050,0,-0.0109901428,1,3.12203455,0.120880127
10589,10.589056,0,-0.0109901428,1,3.12241793,0.120880127
10590,10.590050,0,-0.208789825,1,3.12241793,0.120880127
10591,10.591054,0,-0.208789825,1,3.12203455,0.120880127
10592,10.592054,0,-0.0329666138,1,3.12241793,0.0769271851
10593,10.593087,0,-0.0329666138,1,3.12241793,0.098903656
10594,10.594050,0,0.0769271851,1,3.1228013,0.098903656
10595,10.595056,0,0.0769271851,1,3.12241793,0.098903656
10596,10.596050,0,-0.0988998413,1,3.12241793,0.0769271851
10597,10.597054,0,-0.0988998413,1,3.1228013,0.0769271851
10598,10.598055,0,0.0769271851,1,3.12241793,0.0769271851
10599,10.599052,0,0.0769271851,1,3.12318468,0.0549468994
10600,10.600053,0,-0.31867981,1,3.1228013,0.0549468994
10601,10.601057,0,-0.31867981,1,3.1228013,0.0549468994
10602,10.602050,0,0.20879364,1,3.12241793,0.0329704285
10603,10.603054,0,0.20879364,1,3.1228013,0.0109901428
10604,10.604147,0,-0.0988998413,1,3.1228013,0.0109901428
10605,10.605054,0,-0.0988998413,1,3.1228013,0.0109901428
10606,10.606056,0,0.0549468994,1,3.1228013,0.0109901428
10607,10.607052,0,0.0549468994,1,3.12318468,0.0329704285
10608,10.608053,0,0.098903656,1,3.12318468,0.0109901428
10609,10.609050,0,0.098903656,1,3.12318468,0.0329704285
10610,10.610051,0,-0.142856598,1,3.12318468,0.0329704285
10611,10.611055,0,-0.142856598,1,3.12318468,0.0329704285
10612,10.612056,0,0.0329704285,1,3.12347269,0.0329704285
10613,10.613053,0,0.0329704285,1,3.12318468,0.0329704285
10614,10.614054,0,-0.0549468994,1,1.54105139,0.120880127
10615,10.615059,0,-0.0549468994,1,3.12318468,0.0109901428
10616,10.616053,0,0.0109901428,1,3.12318468,-0.0109901428
10617,10.617050,0,0.0109901428,1,3.1228013,-0.186813354
10618,10.618051,0,-0.142856598,1,3.12347269,-0.0549468994
10619,10.619055,0,-0.142856598,1,3.12347269,-0.0109901428
10620,10.620056,0,-0.164836884,1,3.12318468,0.0329704285
10621,10.621053,0,-0.164836884,1,3.12318468,0.0109901428
10622,10.622054,0,-0.208789825,1,3.12347269,-0.0109901428
10623,10.623062,0,-0.208789825,1,3.12347269,0.0109901428
10624,10.624056,0,-0.142856598,1,3.12347269,0.0329704285
10625,10.625055,0,-0.142856598,1,3.12347269,0.0549468994
10626,10.626063,0,0.120880127,1,1.54105139,-0.142856598
10627,10.627049,0,0.120880127,1,3.12385607,0.0769271851
10628,10.628054,0,0.0109901428,1,3.12347269,0.0549468994
10629,10.629057,0,0.0109901428,1,3.12347269,-0.142856598
10630,10.630054,0,0.120880127,1,3.12423944,-0.0109901428
10631,10.631056,0,0.120880127,1,3.12423944,0.0549468994
10632,10.632053,0,0.0329704285,1,3.12385607,0.098903656
10633,10.633055,0,0.0329704285,1,3.12385607,0.0769271851
10634,10.634052,0,0.0109901428,1,3.12423944,0.0549468994
10635,10.635057,0,0.0109901428,1,3.12462282,0.0769271851
10636,10.636080,0,0.0549468994,1,3.12385607,0.120880127
10637,10.637054,0,0.0549468994,1,3.12385607,0.0769271851
10638,10.638057,0,0.0549468994,1,1.54105139,-0.296703339
10639,10.639054,0,0.0549468994,1,3.1250062,0.098903656
10640,10.640056,0,-0.120880127,1,3.12423944,0.0769271851
10641,10.641053,0,-0.120880127,1,3.12423944,-0.0988998413
10642,10.642055,0,0.186817169,1,3.1250062,0.0109901428
10643,10.643052,0,0.186817169,1,3.12539005,0.0769271851
10644,10.644054,0,-0.0988998413,1,3.12462282,0.142860413
10645,10.645054,0,-0.0988998413,1,3.12462282,0.120880127
10646,10.646056,0,-0.0109901428,1,3.12539005,0.0769271851
10647,10.647060,0,-0.0109901428,1,3.12539005,0.120880127
10648,10.648050,0,0.0769271851,1,3.1250062,0.142860413
10649,10.649052,0,0.0769271851,1,3.12539005,0.142860413
10650,10.650056,0,-0.208789825,1,3.12577343,0.120880127
10651,10.651050,0,-0.208789825,1,3.12615681,0.120880127
10652,10.652055,0,-0.384616852,1,3.12577343,0.142860413
10653,10.653050,0,-0.384616852,1,3.12539005,0.098903656
10654,10.654055,0,0.0769271851,1,3.12577343,0.0769271851
10655,10.655052,0,0.0769271851,1,3.12615681,0.0769271851
10656,10.656057,0,-0.0109901428,1,3.12615681,0.098903656
10657,10.657049,0,-0.0109901428,1,3.12577343,0.098903656
10658,10.658060,0,-0.0329666138,1,3.12654018,0.0769271851
10659,10.659054,0,-0.0329666138,1,3.12654018,0.098903656
10660,10.660056,0,-0.120880127,1,3.12692404,0.098903656
10661,10.661053,0,-0.120880127,1,3.12654018,0.098903656
10662,10.662054,0,-0.0549468994,1,3.12692404,0.098903656
10663,10.663050,0,-0.0549468994,1,3.12692404,0.098903656
10664,10.664051,0,0.340660095,1,3.12654018,0.120880127
10665,10.665050,0,0.340660095,1,3.12692404,0.098903656
10666,10.666051,0,-0.0109901428,1,3.12692404,0.0769271851
10667,10.667055,0,-0.0109901428,1,3.12730742,0.0769271851
10668,10.668057,0,-0.0109901428,1,3.12730742,0.098903656
10669,10.669081,0,-0.0109901428,1,3.12692404,0.0769271851
10670,10.670055,0,-0.0769233704,1,3.12692404,0.0549468994
10671,10.671057,0,-0.0769233704,1,3.12769079,0.0549468994
10672,10.672053,0,0.0109901428,1,3.12730742,0.0549468994
10673,10.673054,0,0.0109901428,1,3.12730742,0.0549468994
10674,10.674058,0,0.0109901428,1,3.12769079,0.0329704285
10675,10.675054,0,0.0109901428,1,3.12730742,0.0549468994
10676,10.676051,0,0.0329704285,1,3.12730742,0.0549468994
10677,10.677052,0,0.0329704285,1,3.12730742,0.0329704285
10678,10.678056,0,0.230770111,1,3.12730742,0.0329704285
10679,10.679050,0,0.230770111,1,3.12769079,0.0109901428
10680,10.680057,0,-0.296703339,1,3.12769079,0.0109901428
10681,10.681050,0,-0.296703339,1,3.12807417,0.0109901428
10682,10.682052,0,0.0769271851,1,3.12769079,0.0109901428
10683,10.683056,0,0.0769271851,1,3.12769079,0.0109901428
10684,10.684057,0,-0.120880127,1,1.54095554,0.0329704285
10685,10.685057,0,-0.120880127,1,3.12769079,0.0109901428
10686,10.686050,0,-0.0769233704,1,3.12769079,-0.0329666138
10687,10.687054,0,-0.0769233704,1,3.12692404,-0.274726868
10688,10.688055,0,0.0549468994,1,3.12654018,-0.516483307
10689,10.689052,0,0.0549468994,1,3.12692404,-0.560440063
10690,10.690053,0,-0.0329666138,1,3.12692404,-0.538459778
10691,10.691063,0,-0.0329666138,1,3.12577343,-0.494506836
10692,10.692050,0,0.098903656,1,3.12577343,-0.494506836
10693,10.693052,0,0.098903656,1,3.12577343,-0.47252655
10694,10.694050,0,-0.120880127,1,3.12577343,-0.406593323
10695,10.695054,0,-0.120880127,1,3.12462282,-0.340660095
10696,10.696051,0,0.0329704285,1,1.54133892,0.20879364
10697,10.697053,0,0.0329704285,1,3.12539005,-0.31867981
10698,10.698050,0,-0.120880127,1,3.12462282,-0.274726868
10699,10.699052,0,-0.120880127,1,3.12462282,-0.384616852
10700,10.700049,0,0.0549468994,1,3.12462282,-0.208789825
10701,10.701052,0,0.0549468994,1,3.1250062,-0.142856598
10702,10.702081,0,0.252750397,1,3.12462282,-0.0329666138
10703,10.703049,0,0.252750397,1,3.12423944,0.0109901428
10704,10.704052,0,0.0769271851,1,3.1250062,0.0109901428
10705,10.705052,0,0.0769271851,1,3.1250062,0.0549468994
10706,10.706054,0,0.098903656,1,3.1250062,0.120880127
10707,10.707051,0,0.098903656,1,3.1250062,0.142860413
10708,10.708052,0,-0.142856598,1,3.1250062,0.142860413
10709,10.709050,0,-0.142856598,1,3.12577343,0.142860413
10710,10.710052,0,0.0549468994,1,3.1250062,0.186817169
10711,10.711057,0,0.0549468994,1,3.12577343,0.186817169
10712,10.712051,0,-0.0549468994,1,3.12539005,0.186817169
10713,10.713064,0,-0.0549468994,1,3.12577343,0.20879364
10714,10.714056,0,0.142860413,1,3.12577343,0.20879364
10715,10.715054,0,0.142860413,1,3.12577343,0.230770111
10716,10.716051,0,0.0329704285,1,3.12577343,0.20879364
10717,10.717053,0,0.0329704285,1,3.12654018,0.20879364
10718,10.718050,0,-0.120880127,1,3.12654018,0.20879364
10719,10.719052,0,-0.120880127,1,3.12615681,0.20879364
10720,10.720057,0,-0.274726868,1,3.12692404,0.186817169
10721,10.721051,0,-0.274726868,1,3.12692404,0.186817169
10722,10.722055,0,0.0769271851,1,3.12692404,0.186817169
10723,10.723056,0,0.0769271851,1,3.12730742,0.164836884
10724,10.724080,0,-0.120880127,1,3.12730742,0.164836884
10725,10.725051,0,-0.120880127,1,3.12692404,0.142860413
10726,10.726052,0,0.098903656,1,3.12692404,0.142860413
10727,10.727056,0,0.098903656,1,3.12730742,0.120880127
10728,10.728050,0,0.230770111,1,3.12730742,0.098903656
10729,10.729054,0,0.230770111,1,3.12769079,0.098903656
10730,10.730060,0,-0.0549468994,1,3.12730742,0.0769271851
10731,10.731054,0,-0.0549468994,1,3.12692404,0.0549468994
10732,10.732050,0,0.142860413,1,3.12730742,0.0329704285
10733,10.733052,0,0.142860413,1,3.12730742,0.0329704285
10734,10.734056,0,0.0329704285,1,3.12730742,0.0329704285
10735,10.735082,0,0.0329704285,1,3.12769079,0.0329704285
10736,10.736050,0,0.142860413,1,3.12730742,0.0329704285
10737,10.737051,0,0.142860413,1,3.12730742,0.0109901428
10738,10.738056,0,-0.0988998413,1,3.12769079,0.0109901428
10739,10.739057,0,-0.0988998413,1,3.12730742,0.0109901428
10740,10.740053,0,-0.0109901428,1,3.12730742,0.0109901428
10741,10.741055,0,-0.0109901428,1,3.12692404,0.0109901428
10742,10.742051,0,-0.164836884,1,1.5408597,-0.0109901428
10743,10.743052,0,-0.164836884,1,3.12730742,-0.0109901428
10744,10.744056,0,-0.120880127,1,3.12730742,-0.0549468994
10745,10.745052,0,-0.120880127,1,3.12692404,-0.230770111
10746,10.746060,0,-0.0109901428,1,3.12730742,-0.120880127
10747,10.747056,0,-0.0109901428,1,3.12769079,-0.0549468994
10748,10.748050,0,-0.0549468994,1,3.12692404,-0.0109901428
10749,10.749055,0,-0.0549468994,1,3.12730742,-0.0329666138
10750,10.750056,0,0.164836884,1,3.12730742,-0.0549468994
10751,10.751052,0,0.164836884,1,3.12730742,-0.0329666138
10752,10.752053,0,-0.164836884,1,3.12692404,0.0109901428
10753,10.753076,0,-0.164836884,1,3.12730742,0.0109901428
10754,10.754191,0,0.0109901428,1,1.5408597,-0.0988998413
10755,10.755181,0,0.0109901428,1,3.12769079,0.0329704285
10756,10.756220,0,0.0329704285,1,3.12730742,0.0329704285
10757,10.757081,0,0.0329704285,1,3.12692404,-0.142856598
10758,10.758163,0,-0.0988998413,1,3.12807417,-0.0329666138
10759,10.759135,0,-0.0988998413,1,3.12807417,0.0329704285
10760,10.760055,0,-0.0329666138,1,3.12730742,0.0769271851
10761,10.761050,0,-0.0329666138,1,3.12730742,0.0329704285
10762,10.762055,0,-0.0988998413,1,3.12769079,-0.0109901428
10763,10.763057,0,-0.0988998413,1,3.12807417,0.0329704285
10764,10.764054,0,-0.230770111,1,3.12769079,0.0769271851
10765,10.765051,0,-0.230770111,1,3.12769079,0.0549468994
10766,10.766056,0,0.120880127,1,1.54124308,0.0329704285
10767,10.767050,0,0.120880127,1,3.12845802,0.0549468994
10768,10.768055,0,-0.0769233704,1,3.12807417,0.0549468994
10769,10.769059,0,-0.0769233704,1,3.12769079,-0.120880127
10770,10.770053,0,-0.0109901428,1,3.12845802,0.0109901428
10771,10.771050,0,-0.0109901428,1,3.12845802,0.0769271851
10772,10.772052,0,0.252750397,1,3.12807417,0.098903656
10773,10.773050,0,0.252750397,1,3.12807417,0.0769271851
10774,10.774052,0,0.098903656,1,3.1288414,0.0549468994
10775,10.775052,0,0.098903656,1,3.1288414,0.0769271851
10776,10.776054,0,-0.0109901428,1,3.12845802,0.120880127
10777,10.777051,0,-0.0109901428,1,3.12807417,0.098903656
10778,10.778052,0,-0.230770111,1,3.1288414,0.0549468994
10779,10.779086,0,-0.230770111,1,3.1288414,0.0769271851
10780,10.780053,0,0.0769271851,1,3.1288414,0.098903656
10781,10.781056,0,0.0769271851,1,3.1288414,0.098903656
10782,10.782053,0,-0.142856598,1,3.1288414,0.0769271851
10783,10.783055,0,-0.142856598,1,3.1288414,0.0769271851
10784,10.784052,0,0.0549468994,1,3.1288414,0.0769271851
10785,10.785049,0,0.0549468994,1,3.12922478,0.0769271851
10786,10.786079,0,-0.340660095,1,3.12922478,0.0549468994
10787,10.787065,0,-0.340660095,1,3.12922478,0.0769271851
10788,10.788050,0,-0.0769233704,1,3.12922478,0.0769271851
10789,10.789054,0,-0.0769233704,1,3.12922478,0.0769271851
10790,10.790079,0,0.142860413,1,3.12922478,0.0549468994
10791,10.791054,0,0.142860413,1,3.12999249,0.0549468994
10792,10.792055,0,-0.0988998413,1,3.12960863,0.0769271851
10793,10.793052,0,-0.0988998413,1,3.12960863,0.0769271851
10794,10.794053,0,-0.0109901428,1,3.12960863,0.0549468994
10795,10.795052,0,-0.0109901428,1,3.12960863,0.0549468994
10796,10.796053,0,0.098903656,1,3.12960863,0.0549468994
10797,10.797050,0,0.098903656,1,3.12960863,0.0329704285
10798,10.798051,0,-0.0549468994,1,3.12960863,0.0329704285
10799,10.799055,0,-0.0549468994,1,3.12960863,0.0109901428
10800,10.800056,0,0.098903656,1,3.12960863,0.0109901428
10801,10.801103,0,0.098903656,1,3.12960863,0.0109901428
10802,10.802053,0,-0.0988998413,1,3.12999249,-0.0109901428
10803,10.803054,0,-0.0988998413,1,3.12960863,-0.0109901428
10804,10.804051,0,-0.0769233704,1,3.12960863,0.0109901428
10805,10.805055,0,-0.0769233704,1,3.12999249,-0.0109901428
10806,10.806051,0,-0.142856598,1,3.12960863,-0.0109901428
10807,10.807052,0,-0.142856598,1,3.12960863,-0.0109901428
10808,10.808056,0,-0.0329666138,1,3.12960863,-0.0109901428
10809,10.809050,0,-0.0329666138,1,3.12960863,-0.0109901428
10810,10.810054,0,0.0109901428,1,3.12960863,-0.0109901428
10811,10.811055,0,0.0109901428,1,3.12999249,-0.0329666138
10812,10.812063,0,-0.31867981,1,1.54114723,-0.0329666138
10813,10.813050,0,-0.31867981,1,3.12999249,-0.0109901428
10814,10.814054,0,-0.0549468994,1,3.12960863,-0.0549468994
10815,10.815055,0,-0.0549468994,1,3.12960863,-0.230770111
10816,10.816056,0,-0.186813354,1,3.12999249,-0.0988998413
10817,10.817050,0,-0.186813354,1,3.12999249,-0.0329666138
10818,10.818054,0,0.296707153,1,3.12960863,0.0109901428
10819,10.819055,0,0.296707153,1,3.12922478,-0.0109901428
10820,10.820051,0,0.0329704285,1,3.12999249,-0.0329666138
10821,10.821053,0,0.0329704285,1,3.12999249,0.0109901428
10822,10.822082,0,0.164836884,1,3.12999249,0.0329704285
10823,10.823051,0,0.164836884,1,3.12999249,0.0329704285
10824,10.824054,0,0.0549468994,1,1.5408597,-0.164836884
10825,10.825054,0,0.0549468994,1,3.13066339,0.0549468994
10826,10.826056,0,0.230770111,1,3.12999249,0.0329704285
10827,10.827053,0,0.230770111,1,3.12922478,-0.208789825
10828,10.828055,0,0.164836884,1,3.13028002,-0.120880127
10829,10.829052,0,0.164836884,1,3.13028002,-0.0769233704
10830,10.830054,0,-0.230770111,1,3.12960863,-0.0109901428
10831,10.831051,0,-0.230770111,1,3.12960863,-0.0329666138
10832,10.832053,0,-0.0329666138,1,3.13028002,-0.0549468994
10833,10.833060,0,-0.0329666138,1,3.12999249,-0.0109901428
10834,10.834049,0,-0.0329666138,1,3.12999249,0.0109901428
10835,10.835055,0,-0.0329666138,1,3.12960863,0.0109901428
10836,10.836052,0,-0.186813354,1,3.12999249,-0.0109901428
10837,10.837054,0,-0.186813354,1,3.13028002,0.0109901428
10838,10.838051,0,0.0769271851,1,3.12999249,0.0549468994
10839,10.839065,0,0.0769271851,1,3.12999249,0.0549468994
10840,10.840052,0,0.0329704285,1,3.13028002,0.0329704285
10841,10.841056,0,0.0329704285,1,3.13028002,0.0549468994
10842,10.842051,0,0.098903656,1,3.12999249,0.0549468994
10843,10.843056,0,0.098903656,1,3.13028002,0.0549468994
10844,10.844060,0,-0.0988998413,1,3.13028002,0.0329704285
10845,10.845050,0,-0.0988998413,1,3.13066339,0.0329704285
10846,10.846055,0,0.0109901428,1,3.13028002,0.0549468994
10847,10.847057,0,0.0109901428,1,3.13028002,0.0549468994
10848,10.848054,0,-0.0549468994,1,3.13028002,0.0549468994
10849,10.849056,0,-0.0549468994,1,3.13028002,0.0549468994
10850,10.850053,0,0.120880127,1,3.13028002,0.0549468994
10851,10.851055,0,0.120880127,1,3.13028002,0.0549468994
10852,10.852052,0,-0.120880127,1,3.13066339,0.0109901428
10853,10.853054,0,-0.120880127,1,3.13066339,0.0329704285
10854,10.854083,0,-0.0549468994,1,3.13028002,0.0329704285
10855,10.855055,0,-0.0549468994,1,3.13066339,0.0329704285
10856,10.856056,0,-0.230770111,1,3.13028002,0.0109901428
10857,10.857053,0,-0.230770111,1,3.13066339,-0.0109901428
10858,10.858054,0,0.0549468994,1,3.13066339,0.0109901428
10859,10.859050,0,0.0549468994,1,3.13066339,0.0109901428
10860,10.860051,0,0.0329704285,1,3.13066339,0.0109901428
10861,10.861056,0,0.0329704285,1,3.13066339,0.0109901428
10862,10.862057,0,0.0329704285,1,3.13066339,0.0109901428
10863,10.863053,0,0.0329704285,1,3.13066339,0.0109901428
10864,10.864054,0,0.0329704285,1,3.13066339,-0.0109901428
10865,10.865118,0,0.0329704285,1,3.13028002,-0.0109901428
10866,10.866053,0,0.120880127,1,3.13066339,-0.0109901428
10867,10.867054,0,0.120880127,1,3.13028002,0.0109901428
10868,10.868051,0,0.0329704285,1,3.13066339,-0.0109901428
10869,10.869052,0,0.0329704285,1,3.13066339,-0.0109901428
10870,10.870056,0,-0.120880127,1,1.54133892,-0.0549468994
10871,10.871049,0,-0.120880127,1,3.13066339,0.0109901428
10872,10.872054,0,0.164836884,1,3.13028002,-0.0329666138
10873,10.873055,0,0.164836884,1,3.12999249,-0.296703339
10874,10.874051,0,0.186817169,1,3.12960863,-0.516483307
10875,10.875055,0,0.186817169,1,3.13028002,-0.560440063
10876,10.876060,0,-0.208789825,1,3.12960863,-0.516483307
10877,10.877054,0,-0.208789825,1,3.1288414,-0.47252655
10878,10.878051,0,0.296707153,1,3.1288414,-0.47252655
10879,10.879051,0,0.296707153,1,3.12845802,-0.450550079
10880,10.880056,0,-0.0769233704,1,3.12845802,-0.406593323
10881,10.881057,0,-0.0769233704,1,3.12807417,-0.340660095
10882,10.882053,0,0.0769271851,1,1.54095554,-0.164836884
10883,10.883054,0,0.0769271851,1,3.12807417,-0.274726868
10884,10.884050,0,-0.252746582,1,3.12769079,-0.252746582
10885,10.885055,0,-0.252746582,1,3.12692404,-0.450550079
10886,10.886087,0,-0.0769233704,1,3.12692404,-0.626373291
10887,10.887054,0,-0.0769233704,1,3.12730742,-0.648349762
10888,10.888055,0,-0.186813354,1,3.12692404,-0.560440063
10889,10.889052,0,-0.186813354,1,3.12539005,-0.47252655
10890,10.890054,0,0.362640381,1,3.12539005,-0.47252655
10891,10.891051,0,0.362640381,1,3.12539005,-0.47252655
10892,10.892053,0,0.186817169,1,3.12539005,-0.384616852
10893,10.893051,0,0.186817169,1,3.12462282,-0.296703339
10894,10.894053,0,-0.164836884,1,1.54095554,-0.252746582
10895,10.895053,0,-0.164836884,1,3.12462282,-0.230770111
10896,10.896055,0,0.252750397,1,3.12423944,-0.208789825
10897,10.897058,0,0.252750397,1,3.12347269,-0.384616852
10898,10.898052,0,-0.274726868,1,3.1228013,-0.582416534
10899,10.899054,0,-0.274726868,1,3.12347269,-0.60439682
10900,10.900062,0,-0.0988998413,1,3.12347269,-0.494506836
10901,10.901057,0,-0.0988998413,1,3.12241793,-0.406593323
10902,10.902054,0,0.0549468994,1,3.1216507,-0.384616852
10903,10.903056,0,0.0549468994,1,3.1216507,-0.384616852
10904,10.904053,0,-0.230770111,1,3.12203455,-0.31867981
10905,10.905050,0,-0.230770111,1,3.12126732,-0.230770111
10906,10.906055,0,-0.274726868,1,3.12050056,-0.208789825
10907,10.907057,0,-0.274726868,1,3.12088394,-0.186813354
10908,10.908063,0,-0.0109901428,1,3.12126732,-0.142856598
10909,10.909055,0,-0.0109901428,1,3.12011671,-0.0769233704
10910,10.910050,0,-0.0109901428,1,3.12011671,-0.0769233704
10911,10.911055,0,-0.0109901428,1,3.12088394,-0.0549468994
10912,10.912057,0,0.0769271851,1,3.12088394,0.0329704285
10913,10.913054,0,0.0769271851,1,3.12050056,0.0769271851
10914,10.914056,0,-0.120880127,1,3.12011671,0.098903656
10915,10.915056,0,-0.120880127,1,3.12088394,0.098903656
10916,10.916050,0,0.120880127,1,3.12088394,0.142860413
10917,10.917056,0,0.120880127,1,3.12088394,0.186817169
10918,10.918050,0,-0.186813354,1,3.12088394,0.186817169
10919,10.919060,0,-0.186813354,1,3.12126732,0.186817169
10920,10.920051,0,-0.0109901428,1,3.1216507,0.20879364
10921,10.921052,0,-0.0109901428,1,3.12088394,0.230770111
10922,10.922056,0,-0.164836884,1,3.12088394,0.20879364
10923,10.923057,0,-0.164836884,1,3.12126732,0.186817169
10924,10.924053,0,0.186817169,1,3.1216507,0.186817169
10925,10.925050,0,0.186817169,1,3.12126732,0.20879364
10926,10.926054,0,-0.296703339,1,3.12126732,0.20879364
10927,10.927055,0,-0.296703339,1,3.1216507,0.164836884
10928,10.928051,0,0.0549468994,1,3.12203455,0.186817169
10929,10.929052,0,0.0549468994,1,3.12203455,0.20879364
10930,10.930064,0,-0.296703339,1,3.12203455,0.186817169
10931,10.931051,0,-0.296703339,1,3.12203455,0.186817169
10932,10.932052,0,-0.164836884,1,3.12241793,0.186817169
10933,10.933057,0,-0.164836884,1,3.12241793,0.164836884
10934,10.934050,0,0.0769271851,1,3.12203455,0.164836884
10935,10.935050,0,0.0769271851,1,3.12241793,0.142860413
10936,10.936051,0,0.186817169,1,3.12241793,0.142860413
10937,10.937055,0,0.186817169,1,3.12241793,0.120880127
10938,10.938056,0,0.186817169,1,3.12241793,0.098903656
10939,10.939052,0,0.186817169,1,3.1228013,0.098903656
10940,10.940053,0,-0.120880127,1,1.5408597,-0.252746582
10941,10.941064,0,-0.120880127,1,3.1228013,0.0769271851
10942,10.942052,0,0.120880127,1,3.12241793,0.0109901428
10943,10.943053,0,0.120880127,1,3.12241793,-0.164836884
10944,10.944050,0,-0.0769233704,1,3.1228013,-0.0549468994
10945,10.945054,0,-0.0769233704,1,3.12241793,-0.0109901428
10946,10.946050,0,-0.0549468994,1,3.12241793,0.0109901428
10947,10.947051,0,-0.0549468994,1,3.12203455,-0.0109901428
10948,10.948055,0,0.0329704285,1,3.1228013,-0.0329666138
10949,10.949057,0,0.0329704285,1,3.1228013,0.0109901428
10950,10.950053,0,-0.164836884,1,3.12241793,0.0329704285
10951,10.951054,0,-0.164836884,1,3.1228013,0.0329704285
10952,10.952095,0,0.142860413,1,1.54105139,0.0329704285
10953,10.953053,0,0.142860413,1,3.12318468,0.0549468994
10954,10.954055,0,-0.0549468994,1,3.1228013,0.0329704285
10955,10.955055,0,-0.0549468994,1,3.12241793,-0.142856598
10956,10.956057,0,-0.406593323,1,3.12318468,-0.0329666138
10957,10.957156,0,-0.406593323,1,3.12318468,0.0109901428
10958,10.958154,0,0.0549468994,1,3.1228013,0.0549468994
10959,10.959187,0,0.0549468994,1,3.12241793,0.0329704285
10960,10.960170,0,0.142860413,1,3.12318468,0.0109901428
10961,10.961187,0,0.142860413,1,3.12347269,0.0549468994
10962,10.962193,0,-0.0549468994,1,3.1228013,0.0769271851
10963,10.963170,0,-0.0549468994,1,3.1228013,0.0549468994
10964,10.964165,0,-0.0329666138,1,3.12318468,0.0329704285
10965,10.965050,0,-0.0329666138,1,3.12385607,0.0769271851
10966,10.966052,0,0.274726868,1,3.12318468,0.098903656
10967,10.967056,0,0.274726868,1,3.12318468,0.0769271851
10968,10.968050,0,0.120880127,1,3.12347269,0.0769271851
10969,10.969055,0,0.120880127,1,3.12347269,0.0769271851
10970,10.970049,0,0.0329704285,1,3.12347269,0.0769271851
10971,10.971054,0,0.0329704285,1,3.12347269,0.0769271851
10972,10.972056,0,-0.164836884,1,3.12385607,0.0549468994
10973,10.973065,0,-0.164836884,1,3.12385607,0.0549468994
10974,10.974051,0,-0.0109901428,1,3.12347269,0.0769271851
10975,10.975056,0,-0.0109901428,1,3.12385607,0.0549468994
10976,10.976053,0,0.0109901428,1,3.12385607,0.0329704285
10977,10.977055,0,0.0109901428,1,3.12385607,0.0329704285
10978,10.978052,0,-0.208789825,1,3.12385607,0.0549468994
10979,10.979054,0,-0.208789825,1,3.12385607,0.0329704285
10980,10.980051,0,0.0329704285,1,3.12385607,0.0329704285
10981,10.981053,0,0.0329704285,1,3.12423944,0.0329704285
10982,10.982050,0,0.20879364,1,3.12385607,0.0329704285
10983,10.983052,0,0.20879364,1,3.12385607,0.0329704285
10984,10.984062,0,-0.0109901428,1,3.12385607,0.0109901428
10985,10.985054,0,-0.0109901428,1,3.12385607,0.0329704285
10986,10.986054,0,0.230770111,1,3.12423944,0.0109901428
10987,10.987051,0,0.230770111,1,3.12385607,0.0329704285
10988,10.988052,0,0.0109901428,1,3.12385607,0.0109901428
10989,10.989056,0,0.0109901428,1,3.12385607,0.0329704285
10990,10.990050,0,-0.142856598,1,3.12423944,0.0109901428
10991,10.991054,0,-0.142856598,1,3.12423944,0.0109901428
10992,10.992055,0,0.120880127,1,3.12423944,0.0109901428
10993,10.993051,0,0.120880127,1,3.12423944,0.0109901428
10994,10.994052,0,0.186817169,1,3.12385607,0.0109901428
10995,10.995058,0,0.186817169,1,3.12423944,-0.0109901428
10996,10.996051,0,-0.296703339,1,3.12423944,0.0109901428
10997,10.997056,0,-0.296703339,1,3.12385607,0.0109901428
10998,10.998049,0,-0.186813354,1,1.54105139,0.340660095
10999,10.999053,0,-0.186813354,1,3.12423944,-0.0109901428
11000,11.000055,0,-0.142856598,1,3.12385607,-0.0549468994
11001,11.001051,0,-0.142856598,1,3.12385607,-0.230770111
11002,11.002052,0,-0.0988998413,1,3.12423944,-0.0988998413
11003,11.003056,0,-0.0988998413,1,3.12423944,-0.0549468994
11004,11.004049,0,0.406597137,1,3.12347269,-0.0109901428
11005,11.005049,0,0.406597137,1,3.12385607,-0.0329666138
11006,11.006062,0,0.252750397,1,3.12423944,-0.0329666138
11007,11.007056,0,0.252750397,1,3.12423944,0.0109901428
11008,11.008149,0,-0.0769233704,1,3.12385607,0.0109901428
11009,11.009053,0,-0.0769233704,1,3.12385607,0.0109901428
11010,11.010054,0,-0.120880127,1,1.54095554,-0.0549468994
11011,11.011050,0,-0.120880127,1,3.12423944,0.0329704285
11012,11.012051,0,-0.208789825,1,3.12385607,0.0109901428
11013,11.013056,0,-0.208789825,1,3.12347269,-0.230770111
11014,11.014049,0,-0.0769233704,1,3.12318468,-0.47252655
11015,11.015056,0,-0.0769233704,1,3.12385607,-0.494506836
11016,11.016107,0,0.0549468994,1,3.12347269,-0.450550079
11017,11.017051,0,0.0549468994,1,3.1228013,-0.406593323
11018,11.018053,0,0.098903656,1,3.1228013,-0.406593323
11019,11.019057,0,0.098903656,1,3.1228013,-0.384616852
11020,11.020051,0,0.0109901428,1,3.12241793,-0.31867981
11021,11.021056,0,0.0109901428,1,3.1216507,-0.274726868
11022,11.022051,0,-0.142856598,1,1.54105139,-0.252746582
11023,11.023055,0,-0.142856598,1,3.12203455,-0.252746582
11024,11.024050,0,-0.164836884,1,3.1216507,-0.230770111
11025,11.025050,0,-0.164836884,1,3.12088394,-0.428569794
11026,11.026052,0,-0.0109901428,1,3.12126732,-0.296703339
11027,11.027158,0,-0.0109901428,1,3.1216507,-0.230770111
11028,11.028052,0,0.0329704285,1,3.12050056,-0.142856598
11029,11.029055,0,0.0329704285,1,3.12050056,-0.120880127
11030,11.030052,0,0.0109901428,1,3.12088394,-0.120880127
11031,11.031054,0,0.0109901428,1,3.12126732,-0.0769233704
11032,11.032051,0,0.0109901428,1,3.12088394,-0.0329666138
11033,11.033052,0,0.0109901428,1,3.12050056,0.0109901428
11034,11.034050,0,-0.0109901428,1,3.12126732,0.0109901428
11035,11.035054,0,-0.0109901428,1,3.12126732,0.0549468994
11036,11.036051,0,-0.296703339,1,3.12126732,0.098903656
11037,11.037054,0,-0.296703339,1,3.12088394,0.120880127
11038,11.038059,0,0.0549468994,1,3.1216507,0.142860413
11039,11.039053,0,0.0549468994,1,3.1216507,0.186817169
11040,11.040055,0,-0.0988998413,1,3.1216507,0.20879364
11041,11.041053,0,-0.0988998413,1,3.12126732,0.20879364
11042,11.042054,0,-0.208789825,1,3.12203455,0.186817169
11043,11.043052,0,-0.208789825,1,3.12203455,0.20879364
11044,11.044053,0,0.230770111,1,3.12203455,0.230770111
11045,11.045054,0,0.230770111,1,3.1216507,0.20879364
11046,11.046056,0,0.186817169,1,3.12241793,0.164836884
11047,11.047053,0,0.186817169,1,3.12241793,0.164836884
11048,11.048055,0,-0.230770111,1,3.12203455,0.164836884
11049,11.049059,0,-0.230770111,1,3.12203455,0.164836884
11050,11.050055,0,-0.0769233704,1,3.12241793,0.120880127
11051,11.051056,0,-0.0769233704,1,3.12241793,0.120880127
11052,11.052052,0,0.164836884,1,3.12241793,0.120880127
11053,11.053053,0,0.164836884,1,3.12203455,0.098903656
11054,11.054050,0,0.0109901428,1,3.12241793,0.098903656
11055,11.055054,0,0.0109901428,1,3.12241793,0.098903656
11056,11.056050,0,-0.120880127,1,3.12241793,0.0769271851
11057,11.057051,0,-0.120880127,1,3.1228013,0.0769271851
11058,11.058055,0,0.0329704285,1,3.1228013,0.0549468994
11059,11.059058,0,0.0329704285,1,3.1228013,0.0549468994
11060,11.060063,0,0.164836884,1,3.12241793,0.0549468994
11061,11.061057,0,0.164836884,1,3.1228013,0.0549468994
11062,11.062053,0,-0.252746582,1,3.1228013,0.0549468994
11063,11.063054,0,-0.252746582,1,3.1228013,0.0329704285
11064,11.064051,0,0.098903656,1,3.1228013,0.0329704285
11065,11.065055,0,0.098903656,1,3.1228013,0.0109901428
11066,11.066051,0,0.142860413,1,3.1228013,-0.0109901428
11067,11.067052,0,0.142860413,1,3.12241793,-0.0109901428
11068,11.068056,0,-0.186813354,1,1.54105139,0.340660095
11069,11.069050,0,-0.186813354,1,3.1228013,-0.0109901428
11070,11.070073,0,0.0549468994,1,3.1228013,-0.0549468994
11071,11.071053,0,0.0549468994,1,3.12241793,-0.208789825
11072,11.072054,0,-0.142856598,1,3.12318468,-0.0769233704
11073,11.073051,0,-0.142856598,1,3.12318468,-0.0329666138
11074,11.074052,0,-0.0109901428,1,3.1228013,0.0109901428
11075,11.075169,0,-0.0109901428,1,3.12241793,-0.0109901428
11076,11.076075,0,-0.0988998413,1,3.1228013,-0.0329666138
11077,11.077055,0,-0.0988998413,1,3.12318468,-0.0109901428
11078,11.078056,0,0.0549468994,1,3.12241793,0.0329704285
11079,11.079053,0,0.0549468994,1,3.1228013,0.0109901428
11080,11.080054,0,-0.164836884,1,1.54124308,0.186817169
11081,11.081134,0,-0.164836884,1,3.1228013,0.0329704285
11082,11.082053,0,0.296707153,1,3.1228013,0.0109901428
11083,11.083055,0,0.296707153,1,3.12241793,-0.186813354
11084,11.084051,0,0.0549468994,1,3.12318468,-0.0549468994
11085,11.085056,0,0.0549468994,1,3.12318468,-0.0109901428
11086,11.086053,0,-0.164836884,1,3.1228013,0.0329704285
11087,11.087055,0,-0.164836884,1,3.1228013,0.0109901428
11088,11.088052,0,0.164836884,1,3.12318468,0.0109901428
11089,11.089054,0,0.164836884,1,3.12347269,0.0329704285
11090,11.090051,0,-0.0988998413,1,3.12318468,0.0549468994
11091,11.091053,0,-0.0988998413,1,3.1228013,0.0549468994
11092,11.092065,0,0.0329704285,1,3.12318468,0.0329704285
11093,11.093052,0,0.0329704285,1,3.12347269,0.0769271851
11094,11.094049,0,-0.0549468994,1,3.12347269,0.098903656
11095,11.095054,0,-0.0549468994,1,3.12318468,0.098903656
11096,11.096051,0,0.296707153,1,3.12347269,0.0769271851
11097,11.097053,0,0.296707153,1,3.12347269,0.0769271851
11098,11.098050,0,-0.252746582,1,3.12347269,0.098903656
11099,11.099052,0,-0.252746582,1,3.12347269,0.0769271851
11100,11.100049,0,-0.0549468994,1,3.12385607,0.0769271851
11101,11.101052,0,-0.0549468994,1,3.12385607,0.0549468994
11102,11.102085,0,0.318683624,1,3.12347269,0.0769271851
11103,11.103050,0,0.318683624,1,3.12385607,0.0549468994
11104,11.104053,0,-0.186813354,1,3.12385607,0.0329704285
11105,11.105053,0,-0.186813354,1,3.12385607,0.0549468994
11106,11.106055,0,0.230770111,1,3.12347269,0.0549468994
11107,11.107052,0,0.230770111,1,3.12385607,0.0329704285
11108,11.108054,0,0.0769271851,1,3.12385607,0.0109901428
11109,11.109051,0,0.0769271851,1,3.12385607,0.0109901428
11110,11.110053,0,-0.164836884,1,3.12385607,0.0109901428
11111,11.111050,0,-0.164836884,1,3.12385607,0.0109901428
11112,11.112052,0,0.0549468994,1,3.12385607,0.0109901428
11113,11.113096,0,0.0549468994,1,3.12385607,0.0109901428
11114,11.114055,0,-0.274726868,1,3.12347269,0.0109901428
11115,11.115052,0,-0.274726868,1,3.12347269,-0.0109901428
11116,11.116063,0,-0.0988998413,1,3.12385607,-0.0329666138
11117,11.117056,0,-0.0988998413,1,3.12385607,-0.0109901428
11118,11.118052,0,-0.208789825,1,3.12385607,-0.0109901428
11119,11.119053,0,-0.208789825,1,3.12347269,0.0109901428
11120,11.120050,0,-0.0109901428,1,3.12385607,-0.0109901428
11121,11.121051,0,-0.0109901428,1,3.12385607,0.0109901428
11122,11.122055,0,0.252750397,1,3.12385607,-0.0109901428
11123,11.123056,0,0.252750397,1,3.12385607,-0.0109901428
11124,11.124064,0,0.120880127,1,3.12385607,-0.0109901428
11125,11.125053,0,0.120880127,1,3.12385607,0.0109901428
11126,11.126050,0,-0.274726868,1,1.54105139,-0.340660095
11127,11.127051,0,-0.274726868,1,3.12385607,0.0109901428
11128,11.128055,0,0.296707153,1,3.12385607,-0.0329666138
11129,11.129056,0,0.296707153,1,3.12347269,-0.208789825
11130,11.130052,0,-0.0988998413,1,3.12385607,-0.0769233704
11131,11.131053,0,-0.0988998413,1,3.12423944,-0.0329666138
11132,11.132050,0,-0.0329666138,1,3.12347269,0.0109901428
11133,11.133051,0,-0.0329666138,1,3.12347269,-0.0109901428
11134,11.134085,0,0.186817169,1,3.12385607,-0.0329666138
11135,11.135054,0,0.186817169,1,3.12385607,-0.0109901428
11136,11.136056,0,0.230770111,1,3.12385607,0.0109901428
11137,11.137052,0,0.230770111,1,3.12385607,0.0109901428
11138,11.138053,0,-0.186813354,1,1.54114723,0.120880127
11139,11.139049,0,-0.186813354,1,3.12423944,0.0329704285
11140,11.140050,0,0.142860413,1,3.12385607,0.0109901428
11141,11.141055,0,0.142860413,1,3.12318468,-0.252746582
11142,11.142056,0,-0.142856598,1,3.12318468,-0.494506836
11143,11.143052,0,-0.142856598,1,3.12347269,-0.516483307
11144,11.144053,0,-0.0988998413,1,3.12347269,-0.47252655
11145,11.145128,0,-0.0988998413,1,3.12241793,-0.406593323
11146,11.146055,0,-0.296703339,1,3.1228013,-0.428569794
11147,11.147057,0,-0.296703339,1,3.1228013,-0.384616852
11148,11.148053,0,-0.230770111,1,3.12203455,-0.296703339
11149,11.149055,0,-0.230770111,1,3.1216507,-0.274726868
11150,11.150051,0,-0.0549468994,1,1.5408597,-0.274726868
11151,11.151053,0,-0.0549468994,1,3.12203455,-0.252746582
11152,11.152050,0,0.142860413,1,3.12126732,-0.230770111
11153,11.153051,0,0.142860413,1,3.12011671,-0.428569794
11154,11.154056,0,0.098903656,1,3.12088394,-0.340660095
11155,11.155053,0,0.098903656,1,3.12126732,-0.252746582
11156,11.156063,0,0.0329704285,1,3.12011671,-0.142856598
11157,11.157050,0,0.0329704285,1,3.12011671,-0.142856598
11158,11.158055,0,-0.0109901428,1,3.12050056,-0.120880127
11159,11.159057,0,-0.0109901428,1,3.12088394,-0.0549468994
11160,11.160092,0,-0.120880127,1,3.12050056,0.0109901428
11161,11.161153,0,-0.120880127,1,3.12050056,0.0329704285
11162,11.162172,0,-0.0549468994,1,3.12088394,0.0329704285
11163,11.163219,0,-0.0549468994,1,3.12088394,0.0769271851
11164,11.164192,0,0.098903656,1,3.12088394,0.120880127
11165,11.165222,0,0.098903656,1,3.12088394,0.142860413
11166,11.166132,0,0.0769271851,1,3.12126732,0.120880127
11167,11.167064,0,0.0769271851,1,3.1216507,0.164836884
11168,11.168051,0,-0.0109901428,1,3.12126732,0.20879364
11169,11.169053,0,-0.0109901428,1,3.12126732,0.20879364
11170,11.170051,0,-0.0988998413,1,3.1216507,0.186817169
11171,11.171052,0,-0.0988998413,1,3.1216507,0.20879364
11172,11.172050,0,0.252750397,1,3.12203455,0.20879364
11173,11.173052,0,0.252750397,1,3.1216507,0.20879364
11174,11.174057,0,0.164836884,1,3.12203455,0.186817169
11175,11.175054,0,0.164836884,1,3.12203455,0.186817169
11176,11.176051,0,-0.0549468994,1,3.12203455,0.186817169
11177,11.177053,0,-0.0549468994,1,3.12241793,0.164836884
11178,11.178058,0,0.0549468994,1,3.12241793,0.164836884
11179,11.179055,0,0.0549468994,1,3.12241793,0.142860413
11180,11.180049,0,-0.0329666138,1,3.12241793,0.142860413
11181,11.181054,0,-0.0329666138,1,3.12241793,0.142860413
11182,11.182054,0,-0.0109901428,1,3.12241793,0.098903656
11183,11.183050,0,-0.0109901428,1,3.12241793,0.098903656
11184,11.184051,0,-0.0109901428,1,3.1228013,0.098903656
11185,11.185050,0,-0.0109901428,1,3.1228013,0.098903656
11186,11.186051,0,0.120880127,1,3.1228013,0.0769271851
11187,11.187055,0,0.120880127,1,3.1228013,0.0769271851
11188,11.188057,0,-0.0109901428,1,3.1228013,0.0769271851
11189,11.189064,0,-0.0109901428,1,3.1228013,0.0329704285
11190,11.190050,0,-0.0769233704,1,3.1228013,0.0329704285
11191,11.191054,0,-0.0769233704,1,3.1228013,0.0109901428
11192,11.192055,0,0.0329704285,1,3.1228013,0.0329704285
11193,11.193051,0,0.0329704285,1,3.1228013,0.0329704285
11194,11.194052,0,-0.0329666138,1,3.1228013,0.0109901428
11195,11.195052,0,-0.0329666138,1,3.1228013,0.0109901428
11196,11.196053,0,0.0549468994,1,1.54143476,0.274726868
11197,11.197050,0,0.0549468994,1,3.1228013,-0.0109901428
11198,11.198051,0,-0.0769233704,1,3.1228013,-0.0549468994
11199,11.199058,0,-0.0769233704,1,3.12241793,-0.208789825
11200,11.200056,0,-0.0549468994,1,3.1228013,-0.0988998413
11201,11.201050,0,-0.0549468994,1,3.12318468,-0.0549468994
11202,11.202054,0,-0.0109901428,1,3.12241793,-0.0109901428
11203,11.203055,0,-0.0109901428,1,3.1228013,-0.0329666138
11204,11.204051,0,0.0329704285,1,3.1228013,-0.0329666138
11205,11.205056,0,0.0329704285,1,3.12318468,0.0109901428
11206,11.206052,0,-0.0549468994,1,3.1228013,0.0109901428
11207,11.207053,0,-0.0549468994,1,3.1228013,0.0109901428
11208,11.208049,0,-0.0549468994,1,1.54114723,-0.340660095
11209,11.209050,0,-0.0549468994,1,3.12318468,0.0329704285
11210,11.210083,0,-0.164836884,1,3.1228013,0.0109901428
11211,11.211051,0,-0.164836884,1,3.12241793,-0.252746582
11212,11.212052,0,0.164836884,1,3.12203455,-0.47252655
11213,11.213056,0,0.164836884,1,3.12241793,-0.516483307
11214,11.214050,0,0.0109901428,1,3.12203455,-0.47252655
11215,11.215057,0,0.0109901428,1,3.12126732,-0.428569794
11216,11.216051,0,0.20879364,1,3.12088394,-0.450550079
11217,11.217056,0,0.20879364,1,3.12088394,-0.428569794
11218,11.218050,0,0.0109901428,1,3.12088394,-0.384616852
11219,11.219054,0,0.0109901428,1,3.12050056,-0.31867981
11220,11.220056,0,0.0329704285,1,3.12011671,-0.296703339
11221,11.221061,0,0.0329704285,1,3.12050056,-0.252746582
11222,11.222060,0,0.0329704285,1,3.12011671,-0.186813354
11223,11.223054,0,0.0329704285,1,3.11973333,-0.142856598
11224,11.224052,0,-0.164836884,1,3.11973333,-0.142856598
11225,11.225056,0,-0.164836884,1,3.12011671,-0.0988998413
11226,11.226054,0,0.164836884,1,3.12011671,-0.0549468994
11227,11.227055,0,0.164836884,1,3.12011671,0.0109901428
11228,11.228053,0,-0.0988998413,1,3.12011671,0.0329704285
11229,11.229055,0,-0.0988998413,1,3.12050056,0.0549468994
11230,11.230052,0,0.098903656,1,3.12050056,0.098903656
11231,11.231091,0,0.098903656,1,3.12011671,0.120880127
11232,11.232051,0,-0.0988998413,1,3.12011671,0.142860413
11233,11.233053,0,-0.0988998413,1,3.12050056,0.120880127
11234,11.234050,0,0.0769271851,1,3.12050056,0.164836884
11235,11.235055,0,0.0769271851,1,3.12050056,0.164836884
11236,11.236052,0,-0.0549468994,1,3.12050056,0.164836884
11237,11.237054,0,-0.0549468994,1,3.12088394,0.164836884
11238,11.238052,0,-0.0329666138,1,3.12088394,0.164836884
11239,11.239053,0,-0.0329666138,1,3.12088394,0.164836884
11240,11.240051,0,0.0549468994,1,3.12126732,0.142860413
11241,11.241052,0,0.0549468994,1,3.12088394,0.142860413
11242,11.242088,0,-0.186813354,1,3.12088394,0.120880127
11243,11.243057,0,-0.186813354,1,3.12088394,0.098903656
11244,11.244051,0,-0.0549468994,1,3.12126732,0.120880127
11245,11.245052,0,-0.0549468994,1,3.12126732,0.120880127
11246,11.246054,0,0.0329704285,1,3.12126732,0.120880127
11247,11.247049,0,0.0329704285,1,3.12126732,0.098903656
11248,11.248050,0,-0.0329666138,1,3.1216507,0.098903656
11249,11.249054,0,-0.0329666138,1,3.1216507,0.098903656
11250,11.250055,0,0.0329704285,1,3.12126732,0.098903656
11251,11.251051,0,0.0329704285,1,3.1216507,0.098903656
11252,11.252052,0,0.296707153,1,3.12203455,0.0769271851
11253,11.253062,0,0.296707153,1,3.1216507,0.0769271851
11254,11.254056,0,0.142860413,1,1.5408597,-0.0769233704
11255,11.255056,0,0.142860413,1,3.1216507,0.0769271851
11256,11.256057,0,-0.164836884,1,3.1216507,-0.0109901428
11257,11.257053,0,-0.164836884,1,3.12126732,-0.252746582
11258,11.258054,0,-0.186813354,1,3.1216507,-0.164836884
11259,11.259050,0,-0.186813354,1,3.12203455,-0.142856598
11260,11.260051,0,0.0329704285,1,3.12126732,-0.0769233704
11261,11.261056,0,0.0329704285,1,3.12088394,-0.0988998413
11262,11.262049,0,0.098903656,1,3.1216507,-0.0988998413
11263,11.263053,0,0.098903656,1,3.1216507,-0.0549468994
11264,11.264058,0,0.098903656,1,3.12126732,-0.0329666138
11265,11.265055,0,0.098903656,1,3.12088394,-0.0329666138
11266,11.266051,0,0.120880127,1,1.54124308,0.296707153
11267,11.267052,0,0.120880127,1,3.12126732,-0.0109901428
11268,11.268056,0,-0.120880127,1,3.12088394,-0.0329666138
11269,11.269050,0,-0.120880127,1,3.12050056,-0.274726868
11270,11.270054,0,-0.428569794,1,3.1216507,-0.186813354
11271,11.271055,0,-0.428569794,1,3.1216507,-0.0988998413
11272,11.272052,0,0.20879364,1,3.12088394,-0.0109901428
11273,11.273060,0,0.20879364,1,3.12088394,-0.0329666138
11274,11.274054,0,0.0109901428,1,3.12126732,-0.0329666138
11275,11.275060,0,0.0109901428,1,3.1216507,-0.0109901428
11276,11.276054,0,-0.0769233704,1,3.12126732,0.0329704285
11277,11.277050,0,-0.0769233704,1,3.12126732,0.0549468994
11278,11.278051,0,0.0769271851,1,1.54057169,-0.252746582
11279,11.279055,0,0.0769271851,1,3.1216507,0.0549468994
11280,11.280057,0,0.0549468994,1,3.12126732,0.0549468994
11281,11.281053,0,0.0549468994,1,3.12050056,-0.208789825
11282,11.282055,0,-0.0109901428,1,3.1216507,-0.142856598
11283,11.283052,0,-0.0109901428,1,3.12203455,-0.0769233704
11284,11.284054,0,0.120880127,1,3.12126732,0.0109901428
11285,11.285054,0,0.120880127,1,3.12050056,0.0109901428
11286,11.286062,0,-0.0769233704,1,3.12088394,-0.0329666138
11287,11.287056,0,-0.0769233704,1,3.1216507,-0.0109901428
11288,11.288053,0,-0.120880127,1,3.12126732,0.0549468994
11289,11.289055,0,-0.120880127,1,3.12088394,0.0549468994
11290,11.290052,0,0.0549468994,1,3.1216507,0.0329704285
11291,11.291054,0,0.0549468994,1,3.1216507,0.0549468994
11292,11.292051,0,0.186817169,1,3.12126732,0.098903656
11293,11.293053,0,0.186817169,1,3.12088394,0.098903656
11294,11.294050,0,-0.186813354,1,3.12126732,0.0549468994
11295,11.295055,0,-0.186813354,1,3.12203455,0.0549468994
11296,11.296077,0,-0.164836884,1,3.1216507,0.120880127
11297,11.297058,0,-0.164836884,1,3.1216507,0.120880127
11298,11.298052,0,0.230770111,1,3.12203455,0.0769271851
11299,11.299049,0,0.230770111,1,3.12203455,0.0769271851
11300,11.300051,0,-0.0988998413,1,3.12203455,0.098903656
11301,11.301057,0,-0.0988998413,1,3.12203455,0.120880127
11302,11.302051,0,0.0109901428,1,3.12203455,0.098903656
11303,11.303056,0,0.0109901428,1,3.12241793,0.0769271851
11304,11.304050,0,0.472530365,1,3.12203455,0.098903656
11305,11.305050,0,0.472530365,1,3.12203455,0.098903656
11306,11.306052,0,-0.208789825,1,3.12241793,0.0549468994
11307,11.307088,0,-0.208789825,1,3.12203455,0.0549468994
11308,11.308055,0,-0.186813354,1,3.12203455,0.0549468994
11309,11.309050,0,-0.186813354,1,3.12203455,0.0549468994
11310,11.310055,0,0.0769271851,1,3.12241793,0.0329704285
11311,11.311057,0,0.0769271851,1,3.12241793,0.0329704285
11312,11.312053,0,-0.0769233704,1,3.12203455,0.0329704285
11313,11.313053,0,-0.0769233704,1,3.12203455,0.0109901428
11314,11.314056,0,-0.0329666138,1,3.12241793,0.0109901428
11315,11.315053,0,-0.0329666138,1,3.12241793,0.0109901428
11316,11.316057,0,0.0549468994,1,3.12203455,0.0109901428
11317,11.317051,0,0.0549468994,1,3.12203455,-0.0109901428
11318,11.318070,0,-0.0549468994,1,3.12241793,-0.0109901428
11319,11.319051,0,-0.0549468994,1,3.12241793,-0.0109901428
11320,11.320053,0,0.0329704285,1,3.12203455,-0.0109901428
11321,11.321057,0,0.0329704285,1,3.12203455,-0.0329666138
11322,11.322050,0,-0.120880127,1,3.12241793,-0.0329666138
11323,11.323054,0,-0.120880127,1,3.12241793,-0.0109901428
11324,11.324055,0,-0.0549468994,1,1.54133892,0.0109901428
11325,11.325055,0,-0.0549468994,1,3.12203455,0.0109901428
11326,11.326057,0,-0.0109901428,1,3.12241793,-0.0549468994
11327,11.327053,0,-0.0109901428,1,3.12203455,-0.274726868
11328,11.328113,0,0.0329704285,1,3.1216507,-0.516483307
11329,11.329081,0,0.0329704285,1,3.1216507,-0.560440063
11330,11.330049,0,-0.164836884,1,3.12126732,-0.516483307
11331,11.331051,0,-0.164836884,1,3.12050056,-0.47252655
11332,11.332055,0,-0.0109901428,1,3.11973333,-0.47252655
11333,11.333056,0,-0.0109901428,1,3.12011671,-0.494506836
11334,11.334053,0,0.186817169,1,3.12011671,-0.428569794
11335,11.335057,0,0.186817169,1,3.11934996,-0.362636566
11336,11.336053,0,-0.142856598,1,1.54105139,-0.340660095
11337,11.337054,0,-0.142856598,1,3.11934996,-0.296703339
11338,11.338051,0,0.0109901428,1,3.11934996,-0.296703339
11339,11.339051,0,0.0109901428,1,3.11819935,-0.406593323
11340,11.340084,0,-0.120880127,1,3.11858273,-0.252746582
11341,11.341057,0,-0.120880127,1,3.11896658,-0.186813354
11342,11.342050,0,-0.142856598,1,3.11858273,-0.0769233704
11343,11.343055,0,-0.142856598,1,3.11858273,-0.0549468994
11344,11.344056,0,-0.0769233704,1,3.11858273,-0.0549468994
11345,11.345055,0,-0.0769233704,1,3.11896658,0.0109901428
11346,11.346056,0,-0.0329666138,1,3.11858273,0.0549468994
11347,11.347053,0,-0.0329666138,1,3.11819935,0.0769271851
11348,11.348055,0,0.0329704285,1,3.11896658,0.0549468994
11349,11.349053,0,0.0329704285,1,3.11896658,0.098903656
11350,11.350054,0,0.120880127,1,3.11896658,0.120880127
11351,11.351059,0,0.120880127,1,3.11896658,0.142860413
11352,11.352057,0,-0.0549468994,1,3.11896658,0.142860413
11353,11.353051,0,-0.0549468994,1,3.11896658,0.164836884
11354,11.354056,0,-0.0769233704,1,3.11934996,0.164836884
11355,11.355053,0,-0.0769233704,1,3.11934996,0.186817169
11356,11.356050,0,0.186817169,1,3.11934996,0.186817169
11357,11.357053,0,0.186817169,1,3.11973333,0.186817169
11358,11.358050,0,0.0109901428,1,3.11973333,0.20879364
11359,11.359052,0,0.0109901428,1,3.11973333,0.186817169
11360,11.360057,0,0.0329704285,1,3.11973333,0.186817169
11361,11.361051,0,0.0329704285,1,3.12011671,0.164836884
11362,11.362063,0,-0.120880127,1,3.12011671,0.186817169
11363,11.363050,0,-0.120880127,1,3.12011671,0.164836884
11364,11.364054,0,0.164836884,1,3.12011671,0.142860413
11365,11.365052,0,0.164836884,1,3.12050056,0.142860413
11366,11.366049,0,-0.164836884,1,3.12050056,0.142860413
11367,11.367051,0,-0.164836884,1,3.12050056,0.120880127
11368,11.368056,0,0.0769271851,1,3.12050056,0.098903656
11369,11.369050,0,0.0769271851,1,3.12050056,0.0769271851
11370,11.370055,0,0.318683624,1,3.12050056,0.0769271851
11371,11.371049,0,0.318683624,1,3.12050056,0.0549468994
11372,11.372104,0,0.0109901428,1,3.12050056,0.0549468994
11373,11.373050,0,0.0109901428,1,3.12050056,0.0549468994
11374,11.374053,0,0.318683624,1,3.12050056,0.0329704285
11375,11.375053,0,0.318683624,1,3.12050056,0.0109901428
11376,11.376055,0,0.20879364,1,3.12050056,0.0109901428
11377,11.377052,0,0.20879364,1,3.12088394,0.0109901428
11378,11.378052,0,-0.230770111,1,3.12088394,0.0329704285
11379,11.379055,0,-0.230770111,1,3.12088394,0.0329704285
11380,11.380056,0,-0.31867981,1,3.12088394,0.0109901428
11381,11.381053,0,-0.31867981,1,3.12050056,0.0109901428
11382,11.382054,0,0.098903656,1,1.5408597,-0.0109901428
11383,11.383065,0,0.098903656,1,3.12050056,-0.0109901428
11384,11.384054,0,-0.0549468994,1,3.12050056,-0.0769233704
11385,11.385051,0,-0.0549468994,1,3.11973333,-0.296703339
11386,11.386055,0,0.0769271851,1,3.12050056,-0.208789825
11387,11.387056,0,0.0769271851,1,3.12050056,-0.164836884
11388,11.388053,0,0.0109901428,1,3.12011671,-0.0988998413
11389,11.389054,0,0.0109901428,1,3.11973333,-0.120880127
11390,11.390051,0,-0.186813354,1,3.12011671,-0.142856598
11391,11.391052,0,-0.186813354,1,3.12011671,-0.0988998413
11392,11.392056,0,-0.142856598,1,3.12011671,-0.0549468994
11393,11.393057,0,-0.142856598,1,3.11973333,-0.0549468994
11394,11.394083,0,0.164836884,1,1.54133892,0.296707153
11395,11.395053,0,0.164836884,1,3.12050056,0.0109901428
11396,11.396055,0,-0.0329666138,1,3.11973333,-0.0109901428
11397,11.397052,0,-0.0329666138,1,3.11934996,-0.186813354
11398,11.398053,0,-0.0988998413,1,3.12050056,-0.0769233704
11399,11.399057,0,-0.0988998413,1,3.12088394,0.0109901428
11400,11.400050,0,0.0329704285,1,3.11973333,0.0769271851
11401,11.401054,0,0.0329704285,1,3.12011671,0.0329704285
11402,11.402055,0,-0.31867981,1,3.12050056,0.0329704285
11403,11.403052,0,-0.31867981,1,3.12088394,0.0769271851
11404,11.404053,0,-0.31867981,1,3.12050056,0.120880127
11405,11.405064,0,-0.31867981,1,3.12050056,0.098903656
11406,11.406056,0,-0.0769233704,1,1.54105139,-0.274726868
11407,11.407049,0,-0.0769233704,1,3.12088394,0.098903656
11408,11.408054,0,0.186817169,1,3.12088394,0.0549468994
11409,11.409055,0,0.186817169,1,3.12011671,-0.186813354
11410,11.410051,0,0.0769271851,1,3.12126732,-0.0988998413
11411,11.411052,0,0.0769271851,1,3.1216507,-0.0329666138
11412,11.412056,0,0.0109901428,1,3.12050056,0.0549468994
11413,11.413051,0,0.0109901428,1,3.12050056,0.0329704285
11414,11.414056,0,0.0769271851,1,3.12126732,0.0109901428
11415,11.415053,0,0.0769271851,1,3.12126732,0.0329704285
11416,11.416063,0,-0.230770111,1,3.12050056,0.0769271851
11417,11.417050,0,-0.230770111,1,3.12050056,0.0549468994
11418,11.418054,0,0.20879364,1,3.12088394,0.0109901428
11419,11.419056,0,0.20879364,1,3.12126732,0.0329704285
11420,11.420054,0,-0.186813354,1,3.12088394,0.0769271851
11421,11.421056,0,-0.186813354,1,3.12088394,0.0769271851
11422,11.422053,0,0.164836884,1,3.12088394,0.0549468994
11423,11.423055,0,0.164836884,1,3.1216507,0.0549468994
11424,11.424052,0,-0.0109901428,1,3.12126732,0.098903656
11425,11.425057,0,-0.0109901428,1,3.12088394,0.098903656
11426,11.426103,0,0.120880127,1,3.12126732,0.0549468994
11427,11.427053,0,0.120880127,1,3.1216507,0.0769271851
11428,11.428055,0,-0.120880127,1,3.12126732,0.098903656
11429,11.429255,0,-0.120880127,1,3.12126732,0.0769271851
11430,11.430055,0,0.230770111,1,3.1216507,0.0549468994
11431,11.431138,0,0.230770111,1,3.12203455,0.0549468994
11432,11.432080,0,0.186817169,1,3.12126732,0.0769271851
11433,11.433206,0,0.186817169,1,3.12126732,0.0769271851
11434,11.434213,0,-0.142856598,1,3.1216507,0.0549468994
11435,11.435050,0,-0.142856598,1,3.12203455,0.0549468994
11436,11.436053,0,0.230770111,1,3.1216507,0.0549468994
11437,11.437057,0,0.230770111,1,3.12203455,0.0329704285
11438,11.438054,0,0.098903656,1,3.1216507,0.0329704285
11439,11.439057,0,0.098903656,1,3.1216507,0.0109901428
11440,11.440054,0,-0.120880127,1,3.1216507,0.0109901428
11441,11.441056,0,-0.120880127,1,3.1216507,0.0109901428
11442,11.442053,0,-0.120880127,1,3.1216507,-0.0109901428
11443,11.443054,0,-0.120880127,1,3.1216507,-0.0109901428
11444,11.444050,0,0.120880127,1,3.1216507,0.0109901428
11445,11.445053,0,0.120880127,1,3.1216507,0.0109901428
11446,11.446050,0,-0.0769233704,1,3.12203455,-0.0109901428
11447,11.447051,0,-0.0769233704,1,3.1216507,0.0109901428
11448,11.448064,0,-0.0329666138,1,3.1216507,0.0109901428
11449,11.449050,0,-0.0329666138,1,3.1216507,-0.0109901428
11450,11.450054,0,-0.142856598,1,3.12203455,-0.0109901428
11451,11.451055,0,-0.142856598,1,3.1216507,0.0109901428
11452,11.452052,0,0.0769271851,1,1.54114723,0.120880127
11453,11.453053,0,0.0769271851,1,3.1216507,-0.0109901428
11454,11.454050,0,-0.0549468994,1,3.1216507,-0.0549468994
11455,11.455054,0,-0.0549468994,1,3.12088394,-0.230770111
11456,11.456050,0,-0.31867981,1,3.12203455,-0.120880127
11457,11.457051,0,-0.31867981,1,3.1216507,-0.0549468994
11458,11.458105,0,0.142860413,1,3.1216507,-0.0109901428
11459,11.459055,0,0.142860413,1,3.12126732,-0.0329666138
11460,11.460057,0,0.098903656,1,3.1216507,-0.0329666138
11461,11.461054,0,0.098903656,1,3.12203455,0.0109901428
11462,11.462055,0,-0.120880127,1,3.1216507,0.0329704285
11463,11.463051,0,-0.120880127,1,3.12203455,0.0329704285
11464,11.464052,0,-0.0329666138,1,1.54076385,-0.31867981
11465,11.465051,0,-0.0329666138,1,3.12203455,0.0549468994
11466,11.466052,0,0.098903656,1,3.1216507,0.0329704285
11467,11.467056,0,0.098903656,1,3.12126732,-0.230770111
11468,11.468050,0,0.098903656,1,3.12088394,-0.47252655
11469,11.469082,0,0.098903656,1,3.12126732,-0.494506836
11470,11.470055,0,-0.186813354,1,3.12088394,-0.47252655
11471,11.471057,0,-0.186813354,1,3.12011671,-0.428569794
11472,11.472053,0,-0.0549468994,1,3.12011671,-0.428569794
11473,11.473054,0,-0.0549468994,1,3.12011671,-0.406593323
11474,11.474050,0,0.0329704285,1,3.11973333,-0.362636566
11475,11.475054,0,0.0329704285,1,3.11934996,-0.31867981
11476,11.476051,0,0.0549468994,1,3.11896658,-0.296703339
11477,11.477052,0,0.0549468994,1,3.11934996,-0.274726868
11478,11.478056,0,-0.0988998413,1,3.11934996,-0.208789825
11479,11.479050,0,-0.0988998413,1,3.11896658,-0.164836884
11480,11.480060,0,0.0769271851,1,3.11858273,-0.142856598
11481,11.481054,0,0.0769271851,1,3.11896658,-0.120880127
11482,11.482052,0,-0.186813354,1,3.11896658,-0.0329666138
11483,11.483053,0,-0.186813354,1,3.11896658,-0.0109901428
11484,11.484051,0,-0.0329666138,1,3.11934996,0.0329704285
11485,11.485056,0,-0.0329666138,1,3.11934996,0.0769271851
11486,11.486053,0,0.164836884,1,3.11934996,0.120880127
11487,11.487055,0,0.164836884,1,3.11934996,0.142860413
11488,11.488052,0,-0.0769233704,1,3.11934996,0.142860413
11489,11.489054,0,-0.0769233704,1,3.11934996,0.142860413
11490,11.490133,0,0.0769271851,1,3.11934996,0.142860413
11491,11.491050,0,0.0769271851,1,3.11973333,0.164836884
11492,11.492052,0,-0.0329666138,1,3.11973333,0.164836884
11493,11.493050,0,-0.0329666138,1,3.12011671,0.142860413
11494,11.494059,0,0.120880127,1,3.11973333,0.164836884
11495,11.495056,0,0.120880127,1,3.11973333,0.164836884
11496,11.496054,0,0.0769271851,1,3.12011671,0.164836884
11497,11.497055,0,0.0769271851,1,3.12011671,0.142860413
11498,11.498053,0,-0.0329666138,1,3.12011671,0.142860413
11499,11.499054,0,-0.0329666138,1,3.12011671,0.142860413
11500,11.500052,0,-0.0988998413,1,3.12011671,0.142860413
11501,11.501079,0,-0.0988998413,1,3.12050056,0.120880127
11502,11.502055,0,-0.274726868,1,3.12011671,0.142860413
11503,11.503049,0,-0.274726868,1,3.12088394,0.120880127
11504,11.504054,0,0.0329704285,1,3.12050056,0.120880127
11505,11.505051,0,0.0329704285,1,3.12050056,0.098903656
11506,11.506056,0,-0.142856598,1,3.12011671,0.0769271851
11507,11.507050,0,-0.142856598,1,3.12050056,0.0549468994
11508,11.508055,0,-0.0769233704,1,3.12050056,0.0549468994
11509,11.509056,0,-0.0769233704,1,3.12088394,0.0329704285
11510,11.510051,0,-0.0769233704,1,1.54105139,-0.31867981
11511,11.511052,0,-0.0769233704,1,3.12050056,0.0329704285
11512,11.512063,0,-0.0329666138,1,3.12050056,-0.0329666138
11513,11.513055,0,-0.0329666138,1,3.11973333,-0.274726868
11514,11.514056,0,0.0329704285,1,3.12050056,-0.186813354
11515,11.515055,0,0.0329704285,1,3.12050056,-0.120880127
11516,11.516057,0,-0.142856598,1,3.11973333,-0.0769233704
11517,11.517053,0,-0.142856598,1,3.11973333,-0.0988998413
11518,11.518054,0,-0.142856598,1,3.12011671,-0.0988998413
11519,11.519051,0,-0.142856598,1,3.12050056,-0.0549468994
11520,11.520052,0,-0.0329666138,1,3.12011671,-0.0109901428
11521,11.521056,0,-0.0329666138,1,3.12011671,-0.0109901428
11522,11.522057,0,-0.0109901428,1,1.5408597,-0.0988998413
11523,11.523059,0,-0.0109901428,1,3.12050056,0.0109901428
11524,11.524053,0,0.0329704285,1,3.12050056,0.0109901428
11525,11.525053,0,0.0329704285,1,3.11973333,-0.142856598
11526,11.526054,0,-0.0329666138,1,3.12050056,-0.0329666138
11527,11.527050,0,-0.0329666138,1,3.12088394,0.0549468994
11528,11.528051,0,0.120880127,1,3.12050056,0.098903656
11529,11.529055,0,0.120880127,1,3.12011671,0.0769271851
11530,11.530056,0,0.0769271851,1,3.12088394,0.0329704285
11531,11.531053,0,0.0769271851,1,3.12088394,0.0769271851
11532,11.532054,0,0.0329704285,1,3.12050056,0.120880127
11533,11.533093,0,0.0329704285,1,3.12088394,0.098903656
11534,11.534079,0,0.0549468994,1,1.54095554,0.0769271851
11535,11.535056,0,0.0549468994,1,3.12126732,0.098903656
11536,11.536050,0,0.098903656,1,3.12088394,0.098903656
11537,11.537054,0,0.098903656,1,3.12050056,-0.0769233704
11538,11.538055,0,-0.0769233704,1,3.1216507,0.0109901428
11539,11.539051,0,-0.0769233704,1,3.12203455,0.0769271851
11540,11.540052,0,0.0769271851,1,3.12088394,0.142860413
11541,11.541057,0,0.0769271851,1,3.12050056,0.098903656
11542,11.542050,0,0.098903656,1,3.1216507,0.0329704285
11543,11.543054,0,0.098903656,1,3.1216507,0.0769271851
11544,11.544150,0,-0.0988998413,1,3.12088394,0.098903656
11545,11.545050,0,-0.0988998413,1,3.12126732,0.0769271851
11546,11.546052,0,0.098903656,1,3.12126732,0.0549468994
11547,11.547050,0,0.098903656,1,3.12203455,0.0549468994
11548,11.548051,0,0.142860413,1,3.12126732,0.0769271851
11549,11.549057,0,0.142860413,1,3.12126732,0.0769271851
11550,11.550051,0,0.164836884,1,3.12203455,0.0549468994
11551,11.551103,0,0.164836884,1,3.12203455,0.0769271851
11552,11.552054,0,-0.296703339,1,3.12203455,0.098903656
11553,11.553056,0,-0.296703339,1,3.1216507,0.098903656
11554,11.554054,0,-0.208789825,1,3.1216507,0.0549468994
11555,11.555058,0,-0.208789825,1,3.12241793,0.0549468994
11556,11.556052,0,0.0769271851,1,3.12203455,0.0549468994
11557,11.557050,0,0.0769271851,1,3.12203455,0.0329704285
11558,11.558052,0,0.098903656,1,3.12203455,0.0329704285
11559,11.559056,0,0.098903656,1,3.1216507,0.0329704285
11560,11.560051,0,0.230770111,1,3.12203455,0.0329704285
11561,11.561056,0,0.230770111,1,3.1216507,0.0109901428
11562,11.562050,0,-0.0329666138,1,3.12203455,-0.0109901428
11563,11.563054,0,-0.0329666138,1,3.1216507,-0.0109901428
11564,11.564056,0,0.0109901428,1,3.12203455,-0.0109901428
11565,11.565069,0,0.0109901428,1,3.12203455,-0.0109901428
11566,11.566056,0,-0.0988998413,1,3.1216507,-0.0109901428
11567,11.567051,0,-0.0988998413,1,3.1216507,-0.0329666138
11568,11.568056,0,0.186817169,1,3.12203455,-0.0109901428
11569,11.569050,0,0.186817169,1,3.12203455,0.0109901428
11570,11.570055,0,-0.0549468994,1,3.12203455,0.0109901428
11571,11.571057,0,-0.0549468994,1,3.12203455,0.0329704285
11572,11.572054,0,-0.0769233704,1,3.12203455,0.0109901428
11573,11.573056,0,-0.0769233704,1,3.12203455,0.0109901428
11574,11.574053,0,-0.164836884,1,3.12241793,0.0109901428
11575,11.575056,0,-0.164836884,1,3.12241793,0.0329704285
11576,11.576122,0,0.142860413,1,3.12203455,0.0109901428
11577,11.577056,0,0.142860413,1,3.12203455,0.0109901428
11578,11.578050,0,-0.0549468994,1,3.12203455,0.0109901428
11579,11.579054,0,-0.0549468994,1,3.12203455,0.0109901428
11580,11.580055,0,-0.0769233704,1,1.54105139,0.0109901428
11581,11.581052,0,-0.0769233704,1,3.12241793,-0.0109901428
11582,11.582053,0,0.142860413,1,3.1216507,-0.0329666138
11583,11.583049,0,0.142860413,1,3.12126732,-0.230770111
11584,11.584050,0,0.274726868,1,3.12203455,-0.0988998413
11585,11.585050,0,0.274726868,1,3.12241793,-0.0549468994
11586,11.586051,0,0.0109901428,1,3.12203455,-0.0109901428
11587,11.587061,0,0.0109901428,1,3.1216507,-0.0109901428
11588,11.588055,0,0.0549468994,1,3.12241793,-0.0329666138
11589,11.589052,0,0.0549468994,1,3.12241793,0.0109901428
11590,11.590053,0,-0.0549468994,1,3.12203455,0.0329704285
11591,11.591049,0,-0.0549468994,1,3.12203455,0.0329704285
11592,11.592051,0,-0.142856598,1,1.54114723,0.0109901428
11593,11.593055,0,-0.142856598,1,3.12241793,0.0549468994
11594,11.594056,0,0.0109901428,1,3.12203455,0.0329704285
11595,11.595055,0,0.0109901428,1,3.1216507,-0.230770111
11596,11.596056,0,0.0109901428,1,3.12126732,-0.47252655
11597,11.597111,0,0.0109901428,1,3.12203455,-0.516483307
11598,11.598051,0,0.252750397,1,3.12126732,-0.47252655
11599,11.599052,0,0.252750397,1,3.12011671,-0.450550079
11600,11.600056,0,-0.120880127,1,3.12011671,-0.450550079
11601,11.601049,0,-0.120880127,1,3.12011671,-0.450550079
11602,11.602062,0,-0.142856598,1,3.12011671,-0.384616852
11603,11.603055,0,-0.142856598,1,3.11973333,-0.31867981
11604,11.604052,0,-0.0549468994,1,3.11973333,-0.296703339
11605,11.605056,0,-0.0549468994,1,3.11973333,-0.252746582
11606,11.606052,0,0.0109901428,1,3.11934996,-0.208789825
11607,11.607053,0,0.0109901428,1,3.11934996,-0.142856598
11608,11.608088,0,-0.142856598,1,3.11934996,-0.120880127
11609,11.609054,0,-0.142856598,1,3.11934996,-0.0769233704
11610,11.610056,0,0.0549468994,1,3.11934996,-0.0109901428
11611,11.611053,0,0.0549468994,1,3.11934996,0.0109901428
11612,11.612055,0,0.0109901428,1,3.11934996,0.0329704285
11613,11.613053,0,0.0109901428,1,3.11973333,0.0549468994
11614,11.614054,0,-0.0988998413,1,3.11934996,0.098903656
11615,11.615055,0,-0.0988998413,1,3.11934996,0.098903656
11616,11.616057,0,-0.230770111,1,3.11973333,0.120880127
11617,11.617054,0,-0.230770111,1,3.12011671,0.120880127
11618,11.618056,0,0.20879364,1,3.11973333,0.164836884
11619,11.619059,0,0.20879364,1,3.11973333,0.164836884
11620,11.620056,0,0.0109901428,1,3.11973333,0.164836884
11621,11.621051,0,0.0109901428,1,3.12011671,0.164836884
11622,11.622056,0,-0.0769233704,1,3.12050056,0.164836884
11623,11.623050,0,-0.0769233704,1,3.12050056,0.186817169
11624,11.624055,0,-0.0549468994,1,3.12050056,0.186817169
11625,11.625052,0,-0.0549468994,1,3.12011671,0.186817169
11626,11.626050,0,-0.0549468994,1,3.12011671,0.164836884
11627,11.627051,0,-0.0549468994,1,3.12050056,0.142860413
11628,11.628056,0,0.0769271851,1,3.12088394,0.142860413
11629,11.629051,0,0.0769271851,1,3.12088394,0.142860413
11630,11.630062,0,-0.186813354,1,3.12088394,0.142860413
11631,11.631056,0,-0.186813354,1,3.12126732,0.120880127
11632,11.632054,0,0.0329704285,1,3.12126732,0.120880127
11633,11.633055,0,0.0329704285,1,3.12126732,0.120880127
11634,11.634053,0,-0.0329666138,1,3.12088394,0.120880127
11635,11.635050,0,-0.0329666138,1,3.12088394,0.098903656
11636,11.636055,0,-0.120880127,1,3.12088394,0.0769271851
11637,11.637057,0,-0.120880127,1,3.12126732,0.0549468994
11638,11.638054,0,0.230770111,1,1.54114723,-0.164836884
11639,11.639056,0,0.230770111,1,3.12126732,0.0549468994
11640,11.640052,0,-0.186813354,1,3.12088394,-0.0109901428
11641,11.641061,0,-0.186813354,1,3.12050056,-0.186813354
11642,11.642054,0,0.0329704285,1,3.12126732,-0.0769233704
11643,11.643050,0,0.0329704285,1,3.12126732,-0.0549468994
11644,11.644051,0,-0.0769233704,1,3.12088394,-0.0109901428
11645,11.645051,0,-0.0769233704,1,3.12088394,-0.0109901428
11646,11.646052,0,0.0329704285,1,3.12126732,-0.0329666138
11647,11.647056,0,0.0329704285,1,3.12126732,0.0109901428
11648,11.648050,0,-0.142856598,1,3.12088394,0.0329704285
11649,11.649054,0,-0.142856598,1,3.12126732,0.0109901428
11650,11.650055,0,-0.0988998413,1,1.54114723,0.0109901428
11651,11.651051,0,-0.0988998413,1,3.1216507,0.0549468994
11652,11.652058,0,0.340660095,1,3.12126732,0.0329704285
11653,11.653052,0,0.340660095,1,3.12088394,-0.142856598
11654,11.654064,0,0.0769271851,1,3.1216507,-0.0329666138
11655,11.655054,0,0.0769271851,1,3.12203455,0.0329704285
11656,11.656050,0,0.098903656,1,3.12126732,0.0769271851
11657,11.657162,0,0.098903656,1,3.12126732,0.0549468994
11658,11.658085,0,-0.0109901428,1,3.12203455,0.0109901428
11659,11.659074,0,-0.0109901428,1,3.12203455,0.0329704285
11660,11.660177,0,-0.164836884,1,3.1216507,0.0769271851
11661,11.661076,0,-0.164836884,1,3.12126732,0.0769271851
11662,11.662127,0,0.0329704285,1,1.54124308,0.0769271851
11663,11.663085,0,0.0329704285,1,3.12241793,0.0769271851
11664,11.664053,0,-0.274726868,1,3.12126732,0.0549468994
11665,11.665049,0,-0.274726868,1,3.12088394,-0.208789825
11666,11.666054,0,0.252750397,1,3.12203455,-0.142856598
11667,11.667055,0,0.252750397,1,3.12203455,-0.0988998413
11668,11.668051,0,-0.0109901428,1,3.12126732,-0.0549468994
11669,11.669052,0,-0.0109901428,1,3.12126732,-0.0769233704
11670,11.670057,0,-0.0988998413,1,3.1216507,-0.0988998413
11671,11.671050,0,-0.0988998413,1,3.12203455,-0.0329666138
11672,11.672054,0,0.0109901428,1,3.12126732,0.0109901428
11673,11.673055,0,0.0109901428,1,3.12088394,0.0109901428
11674,11.674077,0,-0.186813354,1,3.12203455,-0.0329666138
11675,11.675054,0,-0.186813354,1,3.12203455,0.0109901428
11676,11.676056,0,0.296707153,1,3.12203455,0.0549468994
11677,11.677054,0,0.296707153,1,3.1216507,0.0549468994
11678,11.678056,0,-0.230770111,1,3.1216507,0.0549468994
11679,11.679053,0,-0.230770111,1,3.12203455,0.0549468994
11680,11.680055,0,-0.0549468994,1,3.12203455,0.0769271851
11681,11.681052,0,-0.0549468994,1,3.1216507,0.0769271851
11682,11.682054,0,0.164836884,1,3.12241793,0.0769271851
11683,11.683051,0,0.164836884,1,3.12241793,0.0769271851
11684,11.684053,0,-0.142856598,1,3.12203455,0.098903656
11685,11.685061,0,-0.142856598,1,3.12203455,0.0769271851
11686,11.686055,0,-0.0988998413,1,3.12203455,0.0549468994
11687,11.687052,0,-0.0988998413,1,3.12241793,0.0549468994
11688,11.688054,0,-0.0329666138,1,3.12241793,0.0549468994
11689,11.689051,0,-0.0329666138,1,3.12203455,0.0549468994
11690,11.690053,0,-0.0769233704,1,3.12241793,0.0329704285
11691,11.691050,0,-0.0769233704,1,3.12203455,0.0549468994
11692,11.692052,0,-0.186813354,1,3.12241793,0.0549468994
11693,11.693050,0,-0.186813354,1,3.12203455,0.0329704285
11694,11.694052,0,0.0329704285,1,3.12241793,0.0329704285
11695,11.695090,0,0.0329704285,1,3.12241793,0.0109901428
11696,11.696054,0,-0.0109901428,1,3.12241793,0.0109901428
11697,11.697056,0,-0.0109901428,1,3.12241793,0.0329704285
11698,11.698054,0,-0.142856598,1,3.12241793,0.0109901428
11699,11.699055,0,-0.142856598,1,3.12241793,0.0109901428
11700,11.700053,0,0.0769271851,1,3.1228013,0.0329704285
11701,11.701055,0,0.0769271851,1,3.12241793,0.0329704285
11702,11.702052,0,-0.186813354,1,3.12241793,0.0109901428
11703,11.703054,0,-0.186813354,1,3.12241793,0.0109901428
11704,11.704051,0,-0.0109901428,1,3.12241793,0.0109901428
11705,11.705055,0,-0.0109901428,1,3.12241793,-0.0109901428
11706,11.706143,0,0.0329704285,1,3.12241793,-0.0109901428
11707,11.707049,0,0.0329704285,1,3.12241793,-0.0109901428
11708,11.708051,0,-0.164836884,1,1.54095554,-0.0769233704
11709,11.709055,0,-0.164836884,1,3.1228013,-0.0109901428
11710,11.710060,0,-0.120880127,1,3.12241793,-0.0549468994
11711,11.711053,0,-0.120880127,1,3.1216507,-0.274726868
11712,11.712050,0,-0.0988998413,1,3.12126732,-0.516483307
11713,11.713051,0,-0.0988998413,1,3.1216507,-0.560440063
11714,11.714055,0,-0.186813354,1,3.1216507,-0.516483307
11715,11.715051,0,-0.186813354,1,3.12011671,-0.47252655
11716,11.716055,0,-0.0988998413,1,3.12011671,-0.494506836
11717,11.717062,0,-0.0988998413,1,3.12050056,-0.494506836
11718,11.718056,0,0.20879364,1,3.12011671,-0.406593323
11719,11.719052,0,0.20879364,1,3.11934996,-0.362636566
11720,11.720053,0,-0.208789825,1,1.54095554,-0.0109901428
11721,11.721050,0,-0.208789825,1,3.11934996,-0.31867981
11722,11.722051,0,0.538463593,1,3.11896658,-0.296703339
11723,11.723055,0,0.538463593,1,3.11819935,-0.494506836
11724,11.724056,0,0.0769271851,1,3.11781597,-0.692306519
11725,11.725056,0,0.0769271851,1,3.11819935,-0.692306519
11726,11.726049,0,-0.0988998413,1,3.11781597,-0.60439682
11727,11.727096,0,-0.0988998413,1,3.11666536,-0.516483307
11728,11.728057,0,-0.0769233704,1,3.11666536,-0.494506836
11729,11.729051,0,-0.0769233704,1,3.11666536,-0.450550079
11730,11.730055,0,0.0549468994,1,3.11666536,-0.384616852
11731,11.731056,0,0.0549468994,1,3.11599445,-0.296703339
11732,11.732052,0,0.230770111,1,3.1156106,-0.252746582
11733,11.733054,0,0.230770111,1,3.1156106,-0.252746582
11734,11.734050,0,0.0329704285,1,3.11599445,-0.164836884
11735,11.735054,0,0.0329704285,1,3.1156106,-0.0988998413
11736,11.736051,0,-0.0329666138,1,3.1156106,-0.0769233704
11737,11.737142,0,-0.0329666138,1,3.1156106,-0.0549468994
11738,11.738082,0,0.142860413,1,3.1156106,0.0109901428
11739,11.739051,0,0.142860413,1,3.1156106,0.0549468994
11740,11.740052,0,-0.164836884,1,3.11522722,0.0769271851
11741,11.741050,0,-0.164836884,1,3.1156106,0.0769271851
11742,11.742052,0,-0.0109901428,1,3.11599445,0.120880127
11743,11.743057,0,-0.0109901428,1,3.1156106,0.164836884
11744,11.744051,0,-0.0769233704,1,3.11599445,0.186817169
11745,11.745051,0,-0.0769233704,1,3.11599445,0.186817169
11746,11.746053,0,-0.252746582,1,3.11599445,0.20879364
11747,11.747050,0,-0.252746582,1,3.11599445,0.20879364
11748,11.748052,0,0.0109901428,1,3.11599445,0.230770111
11749,11.749062,0,0.0109901428,1,3.11628199,0.230770111
11750,11.750052,0,-0.0988998413,1,3.11666536,0.20879364
11751,11.751054,0,-0.0988998413,1,3.11628199,0.230770111
11752,11.752051,0,0.0109901428,1,3.11628199,0.20879364
11753,11.753053,0,0.0109901428,1,3.11704874,0.186817169
11754,11.754050,0,-0.120880127,1,3.11666536,0.20879364
11755,11.755055,0,-0.120880127,1,3.11666536,0.186817169
11756,11.756052,0,0.120880127,1,3.11666536,0.164836884
11757,11.757054,0,0.120880127,1,3.11743259,0.164836884
11758,11.758052,0,0.0769271851,1,3.11704874,0.164836884
11759,11.759053,0,0.0769271851,1,3.11704874,0.142860413
11760,11.760064,0,0.0549468994,1,3.11704874,0.142860413
11761,11.761051,0,0.0549468994,1,3.11743259,0.120880127
11762,11.762056,0,0.142860413,1,3.11704874,0.098903656
11763,11.763050,0,0.142860413,1,3.11743259,0.098903656
11764,11.764055,0,0.0549468994,1,3.11743259,0.098903656
11765,11.765059,0,0.0549468994,1,3.11743259,0.098903656
11766,11.766054,0,0.0109901428,1,1.54105139,-0.0769233704
11767,11.767051,0,0.0109901428,1,3.11743259,0.0769271851
11768,11.768052,0,-0.0549468994,1,3.11743259,0.0109901428
11769,11.769050,0,-0.0549468994,1,3.11666536,-0.230770111
11770,11.770104,0,0.120880127,1,3.11743259,-0.164836884
11771,11.771050,0,0.120880127,1,3.11743259,-0.120880127
11772,11.772051,0,0.0769271851,1,3.11666536,-0.0549468994
11773,11.773055,0,0.0769271851,1,3.11704874,-0.0769233704
11774,11.774057,0,-0.186813354,1,3.11743259,-0.0769233704
11775,11.775056,0,-0.186813354,1,3.11743259,-0.0549468994
11776,11.776049,0,0.20879364,1,3.11704874,-0.0109901428
11777,11.777053,0,0.20879364,1,3.11704874,-0.0109901428
11778,11.778055,0,0.0329704285,1,1.5408597,-0.0549468994
11779,11.779051,0,0.0329704285,1,3.11743259,0.0109901428
11780,11.780052,0,0.230770111,1,3.11704874,0.0109901428
11781,11.781092,0,0.230770111,1,3.11666536,-0.164836884
11782,11.782050,0,-0.0769233704,1,3.11781597,-0.0329666138
11783,11.783051,0,-0.0769233704,1,3.11743259,0.0329704285
11784,11.784055,0,-0.428569794,1,3.11704874,0.098903656
11785,11.785052,0,-0.428569794,1,3.11704874,0.0769271851
11786,11.786056,0,-0.0109901428,1,3.11781597,0.0549468994
11787,11.787049,0,-0.0109901428,1,3.11781597,0.0769271851
11788,11.788053,0,0.0769271851,1,3.11781597,0.120880127
11789,11.789055,0,0.0769271851,1,3.11743259,0.120880127
11790,11.790051,0,0.186817169,1,1.54105139,0.0769271851
11791,11.791052,0,0.186817169,1,3.11781597,0.120880127
11792,11.792062,0,0.0769271851,1,3.11819935,0.0769271851
11793,11.793056,0,0.0769271851,1,3.11704874,-0.142856598
11794,11.794052,0,-0.0549468994,1,3.11819935,-0.0769233704
11795,11.795056,0,-0.0549468994,1,3.11819935,-0.0329666138
11796,11.796053,0,-0.142856598,1,3.11781597,0.0329704285
11797,11.797054,0,-0.142856598,1,3.11704874,0.0109901428
11798,11.798051,0,0.0109901428,1,3.11819935,-0.0549468994
11799,11.799051,0,0.0109901428,1,3.11819935,-0.0109901428
11800,11.800056,0,-0.186813354,1,3.11781597,0.0549468994
11801,11.801057,0,-0.186813354,1,3.11743259,0.0329704285
11802,11.802090,0,0.186817169,1,3.11819935,0.0109901428
11803,11.803050,0,0.186817169,1,3.11858273,0.0329704285
11804,11.804051,0,-0.0769233704,1,3.11781597,0.098903656
11805,11.805051,0,-0.0769233704,1,3.11781597,0.0769271851
11806,11.806053,0,-0.0549468994,1,3.11819935,0.0549468994
11807,11.807050,0,-0.0549468994,1,3.11858273,0.0769271851
11808,11.808052,0,0.186817169,1,3.11819935,0.098903656
11809,11.809057,0,0.186817169,1,3.11781597,0.0769271851
11810,11.810051,0,-0.0109901428,1,3.11819935,0.0549468994
11811,11.811056,0,-0.0109901428,1,3.11858273,0.0549468994
11812,11.812050,0,-0.31867981,1,3.11858273,0.0769271851
11813,11.813092,0,-0.31867981,1,3.11858273,0.098903656
11814,11.814051,0,-0.0329666138,1,3.11858273,0.0549468994
11815,11.815056,0,-0.0329666138,1,3.11896658,0.0769271851
11816,11.816064,0,0.098903656,1,3.11858273,0.0769271851
11817,11.817051,0,0.098903656,1,3.11858273,0.0769271851
11818,11.818056,0,-0.0329666138,1,3.11896658,0.0549468994
11819,11.819050,0,-0.0329666138,1,3.11896658,0.0549468994
11820,11.820055,0,0.098903656,1,3.11858273,0.0549468994
11821,11.821050,0,0.098903656,1,3.11858273,0.0329704285
11822,11.822055,0,-0.0988998413,1,3.11896658,0.0109901428
11823,11.823057,0,-0.0988998413,1,3.11896658,0.0329704285
11824,11.824063,0,0.296707153,1,3.11896658,0.0329704285
11825,11.825052,0,0.296707153,1,3.11896658,0.0549468994
11826,11.826050,0,-0.0549468994,1,3.11896658,0.0329704285
11827,11.827051,0,-0.0549468994,1,3.11896658,0.0109901428
11828,11.828056,0,-0.252746582,1,3.11896658,0.0109901428
11829,11.829051,0,-0.252746582,1,3.11858273,0.0109901428
11830,11.830056,0,0.0109901428,1,3.11896658,0.0109901428
11831,11.831050,0,0.0109901428,1,3.11896658,0.0109901428
11832,11.832055,0,0.098903656,1,3.11896658,-0.0109901428
11833,11.833057,0,0.098903656,1,3.11896658,-0.0109901428
11834,11.834059,0,-0.120880127,1,3.11896658,-0.0109901428
11835,11.835053,0,-0.120880127,1,3.11896658,0.0109901428
11836,11.836055,0,0.0549468994,1,1.54095554,-0.0109901428
11837,11.837051,0,0.0549468994,1,3.11896658,-0.0109901428
11838,11.838051,0,0.0549468994,1,3.11934996,-0.0329666138
11839,11.839055,0,0.0549468994,1,3.11819935,-0.274726868
11840,11.840056,0,0.0109901428,1,3.11781597,-0.494506836
11841,11.841053,0,0.0109901428,1,3.11819935,-0.560440063
11842,11.842054,0,-0.142856598,1,3.11819935,-0.516483307
11843,11.843050,0,-0.142856598,1,3.11704874,-0.450550079
11844,11.844051,0,0.142860413,1,3.11704874,-0.450550079
11845,11.845063,0,0.142860413,1,3.11743259,-0.450550079
11846,11.846052,0,0.0109901428,1,3.11704874,-0.384616852
11847,11.847053,0,0.0109901428,1,3.11628199,-0.340660095
11848,11.848050,0,-0.0988998413,1,1.54105139,0.0329704285
11849,11.849051,0,-0.0988998413,1,3.11666536,-0.296703339
11850,11.850055,0,0.142860413,1,3.11599445,-0.274726868
11851,11.851056,0,0.142860413,1,3.1156106,-0.384616852
11852,11.852052,0,0.0769271851,1,3.1156106,-0.230770111
11853,11.853054,0,0.0769271851,1,3.11599445,-0.164836884
11854,11.854050,0,0.0329704285,1,3.1156106,-0.0769233704
11855,11.855054,0,0.0329704285,1,3.11522722,-0.0769233704
11856,11.856058,0,0.0549468994,1,3.1156106,-0.0549468994
11857,11.857051,0,0.0549468994,1,3.11599445,-0.0109901428
11858,11.858056,0,-0.252746582,1,3.11599445,0.0549468994
11859,11.859057,0,-0.252746582,1,3.1156106,0.0769271851
11860,11.860053,0,0.0329704285,1,3.11599445,0.098903656
11861,11.861055,0,0.0329704285,1,3.11599445,0.120880127
11862,11.862051,0,-0.142856598,1,3.11599445,0.164836884
11863,11.863052,0,-0.142856598,1,3.11599445,0.164836884
11864,11.864056,0,0.0329704285,1,3.11628199,0.164836884
11865,11.865052,0,0.0329704285,1,3.11666536,0.164836884
11866,11.866085,0,-0.0988998413,1,3.11628199,0.20879364
11867,11.867056,0,-0.0988998413,1,3.11628199,0.20879364
11868,11.868050,0,0.142860413,1,3.11666536,0.20879364
11869,11.869054,0,0.142860413,1,3.11666536,0.20879364
11870,11.870055,0,0.0329704285,1,3.11704874,0.20879364
11871,11.871060,0,0.0329704285,1,3.11704874,0.186817169
11872,11.872054,0,-0.120880127,1,3.11704874,0.164836884
11873,11.873052,0,-0.120880127,1,3.11704874,0.164836884
11874,11.874053,0,-0.0988998413,1,3.11743259,0.186817169
11875,11.875054,0,-0.0988998413,1,3.11666536,0.186817169
11876,11.876055,0,0.0549468994,1,3.11743259,0.142860413
11877,11.877068,0,0.0549468994,1,3.11743259,0.142860413
11878,11.878050,0,-0.0109901428,1,3.11743259,0.142860413
11879,11.879052,0,-0.0109901428,1,3.11704874,0.120880127
11880,11.880050,0,0.0329704285,1,3.11743259,0.098903656
11881,11.881051,0,0.0329704285,1,3.11704874,0.0769271851
11882,11.882056,0,-0.208789825,1,3.11781597,0.0549468994
11883,11.883050,0,-0.208789825,1,3.11781597,0.0769271851
11884,11.884055,0,-0.0988998413,1,3.11781597,0.0769271851
11885,11.885053,0,-0.0988998413,1,3.11743259,0.0549468994
11886,11.886050,0,0.0329704285,1,3.11743259,0.0329704285
11887,11.887052,0,0.0329704285,1,3.11781597,0.0329704285
11888,11.888061,0,-0.0549468994,1,3.11781597,0.0329704285
11889,11.889055,0,-0.0549468994,1,3.11819935,0.0329704285
11890,11.890053,0,0.20879364,1,3.11819935,0.0549468994
11891,11.891054,0,0.20879364,1,3.11819935,0.0329704285
11892,11.892051,0,-0.0769233704,1,3.11819935,0.0549468994
11893,11.893081,0,-0.0769233704,1,3.11819935,0.0549468994
11894,11.894051,0,-0.0109901428,1,1.54114723,0.142860413
11895,11.895198,0,-0.0109901428,1,3.11781597,0.0329704285
11896,11.896053,0,-0.0769233704,1,3.11819935,-0.0549468994
11897,11.897161,0,-0.0769233704,1,3.11743259,-0.230770111
11898,11.898201,0,0.0109901428,1,3.11819935,-0.120880127
11899,11.899065,0,0.0109901428,1,3.11819935,-0.0769233704
11900,11.900052,0,-0.0109901428,1,3.11781597,-0.0329666138
11901,11.901057,0,-0.0109901428,1,3.11743259,-0.0329666138
11902,11.902050,0,-0.142856598,1,3.11819935,-0.0329666138
11903,11.903053,0,-0.142856598,1,3.11819935,0.0109901428
11904,11.904054,0,-0.0329666138,1,3.11781597,0.0329704285
11905,11.905053,0,-0.0329666138,1,3.11781597,0.0329704285
11906,11.906054,0,0.186817169,1,1.5408597,-0.0988998413
11907,11.907051,0,0.186817169,1,3.11858273,0.0549468994
11908,11.908052,0,-0.274726868,1,3.11781597,0.0109901428
11909,11.909110,0,-0.274726868,1,3.11743259,-0.230770111
11910,11.910055,0,0.120880127,1,3.11858273,-0.142856598
11911,11.911056,0,0.120880127,1,3.11858273,-0.0769233704
11912,11.912053,0,-0.208789825,1,3.11781597,-0.0109901428
11913,11.913054,0,-0.208789825,1,3.11781597,-0.0329666138
11914,11.914050,0,0.120880127,1,3.11819935,-0.0549468994
11915,11.915054,0,0.120880127,1,3.11858273,-0.0329666138
11916,11.916050,0,-0.0549468994,1,3.11781597,0.0329704285
11917,11.917052,0,-0.0549468994,1,3.11781597,0.0109901428
11918,11.918056,0,-0.0109901428,1,1.5408597,-0.340660095
11919,11.919049,0,-0.0109901428,1,3.11858273,0.0549468994
11920,11.920134,0,-0.0329666138,1,3.11819935,0.0329704285
11921,11.921053,0,-0.0329666138,1,3.11743259,-0.208789825
11922,11.922055,0,0.230770111,1,3.11858273,-0.120880127
11923,11.923051,0,0.230770111,1,3.11858273,-0.0769233704
11924,11.924052,0,-0.0109901428,1,3.11781597,-0.0109901428
11925,11.925052,0,-0.0109901428,1,3.11743259,-0.0109901428
11926,11.926077,0,-0.0329666138,1,3.11819935,-0.0549468994
11927,11.927059,0,-0.0329666138,1,3.11858273,-0.0109901428
11928,11.928052,0,0.230770111,1,3.11819935,0.0549468994
11929,11.929056,0,0.230770111,1,3.11781597,0.0769271851
11930,11.930050,0,-0.0329666138,1,3.11819935,0.0329704285
11931,11.931059,0,-0.0329666138,1,3.11858273,0.0549468994
11932,11.932052,0,-0.164836884,1,3.11781597,0.098903656
11933,11.933057,0,-0.164836884,1,3.11819935,0.0769271851
11934,11.934050,0,0.120880127,1,3.11819935,0.0549468994
11935,11.935050,0,0.120880127,1,3.11858273,0.0549468994
11936,11.936051,0,-0.0988998413,1,3.11819935,0.0769271851
11937,11.937055,0,-0.0988998413,1,3.11819935,0.0769271851
11938,11.938050,0,-0.142856598,1,3.11858273,0.0769271851
11939,11.939054,0,-0.142856598,1,3.11896658,0.0769271851
11940,11.940056,0,-0.0769233704,1,3.11858273,0.120880127
11941,11.941084,0,-0.0769233704,1,3.11858273,0.120880127
11942,11.942050,0,0.164836884,1,3.11858273,0.098903656
11943,11.943052,0,0.164836884,1,3.11858273,0.0769271851
11944,11.944050,0,0.230770111,1,3.11896658,0.0769271851
11945,11.945054,0,0.230770111,1,3.11858273,0.0549468994
11946,11.946051,0,0.0109901428,1,3.11896658,0.0329704285
11947,11.947053,0,0.0109901428,1,3.11896658,0.0329704285
11948,11.948050,0,-0.274726868,1,3.11896658,0.0549468994
11949,11.949052,0,-0.274726868,1,3.11896658,0.0549468994
11950,11.950050,0,0.0329704285,1,3.11896658,0.0549468994
11951,11.951051,0,0.0329704285,1,3.11934996,0.0549468994
11952,11.952061,0,0.142860413,1,3.11934996,0.0549468994
11953,11.953053,0,0.142860413,1,3.11934996,0.0329704285
11954,11.954055,0,0.0769271851,1,3.11934996,0.0329704285
11955,11.955055,0,0.0769271851,1,3.11934996,0.0549468994
11956,11.956050,0,-0.164836884,1,3.11934996,0.0549468994
11957,11.957055,0,-0.164836884,1,3.11934996,0.0549468994
11958,11.958057,0,-0.0329666138,1,3.11934996,0.0329704285
11959,11.959054,0,-0.0329666138,1,3.11896658,0.0329704285
11960,11.960056,0,-0.0769233704,1,3.11896658,-0.0109901428
11961,11.961053,0,-0.0769233704,1,3.11934996,-0.0109901428
11962,11.962055,0,-0.0769233704,1,3.11934996,-0.0109901428
11963,11.963064,0,-0.0769233704,1,3.11934996,-0.0109901428
11964,11.964050,0,-0.0549468994,1,1.54095554,-0.0769233704
11965,11.965100,0,-0.0549468994,1,3.11934996,0.0109901428
11966,11.966056,0,0.0329704285,1,3.11896658,-0.0329666138
11967,11.967051,0,0.0329704285,1,3.11819935,-0.274726868
11968,11.968054,0,-0.186813354,1,3.11819935,-0.516483307
11969,11.969054,0,-0.186813354,1,3.11858273,-0.582416534
11970,11.970051,0,0.142860413,1,3.11819935,-0.516483307
11971,11.971051,0,0.142860413,1,3.11781597,-0.47252655
11972,11.972056,0,0.142860413,1,3.11743259,-0.47252655
11973,11.973106,0,0.142860413,1,3.11704874,-0.450550079
11974,11.974051,0,-0.274726868,1,3.11704874,-0.384616852
11975,11.975055,0,-0.274726868,1,3.11666536,-0.340660095
11976,11.976052,0,-0.186813354,1,1.54124308,0.0329704285
11977,11.977053,0,-0.186813354,1,3.11666536,-0.296703339
11978,11.978057,0,0.230770111,1,3.11628199,-0.252746582
11979,11.979050,0,0.230770111,1,3.1156106,-0.384616852
11980,11.980054,0,-0.120880127,1,3.11628199,-0.230770111
11981,11.981056,0,-0.120880127,1,3.11628199,-0.164836884
11982,11.982052,0,-0.296703339,1,3.11599445,-0.0549468994
11983,11.983053,0,-0.296703339,1,3.11599445,-0.0329666138
11984,11.984079,0,0.0329704285,1,3.11628199,-0.0109901428
11985,11.985064,0,0.0329704285,1,3.11628199,0.0329704285
11986,11.986050,0,0.0109901428,1,3.11599445,0.098903656
11987,11.987054,0,0.0109901428,1,3.11628199,0.120880127
11988,11.988055,0,-0.0769233704,1,3.11628199,0.120880127
11989,11.989052,0,-0.0769233704,1,3.11666536,0.142860413
11990,11.990053,0,-0.208789825,1,3.11666536,0.186817169
11991,11.991057,0,-0.208789825,1,3.11666536,0.20879364
11992,11.992050,0,0.0329704285,1,3.11666536,0.20879364
11993,11.993054,0,0.0329704285,1,3.11704874,0.186817169
11994,11.994055,0,0.0769271851,1,3.11704874,0.20879364
11995,11.995060,0,0.0769271851,1,3.11704874,0.20879364
11996,11.996053,0,0.120880127,1,3.11743259,0.20879364
11997,11.997050,0,0.120880127,1,3.11743259,0.20879364
11998,11.998051,0,0.098903656,1,3.11704874,0.20879364
11999,11.999055,0,0.098903656,1,3.11743259,0.186817169
12000,12.000056,0,0.20879364,1,3.11781597,0.164836884
12001,12.001053,0,0.20879364,1,3.11819935,0.164836884
12002,12.002054,0,0.0329704285,1,3.11819935,0.186817169
12003,12.003051,0,0.0329704285,1,3.11781597,0.186817169
12004,12.004053,0,-0.142856598,1,3.11781597,0.164836884
12005,12.005061,0,-0.142856598,1,3.11819935,0.142860413
12006,12.006054,0,-0.340660095,1,3.11819935,0.142860413
12007,12.007056,0,-0.340660095,1,3.11819935,0.120880127
12008,12.008053,0,0.230770111,1,3.11858273,0.098903656
12009,12.009055,0,0.230770111,1,3.11858273,0.098903656
12010,12.010052,0,0.296707153,1,3.11819935,0.098903656
12011,12.011054,0,0.296707153,1,3.11858273,0.0769271851
12012,12.012051,0,-0.340660095,1,3.11858273,0.0769271851
12013,12.013053,0,-0.340660095,1,3.11858273,0.0769271851
12014,12.014050,0,0.0329704285,1,3.11858273,0.0769271851
12015,12.015055,0,0.0329704285,1,3.11858273,0.0549468994
12016,12.016064,0,-0.384616852,1,3.11858273,0.0329704285
12017,12.017054,0,-0.384616852,1,3.11858273,0.0329704285
12018,12.018056,0,0.20879364,1,3.11858273,0.0329704285
12019,12.019053,0,0.20879364,1,3.11858273,0.0109901428
12020,12.020055,0,0.340660095,1,3.11858273,-0.0109901428
12021,12.021053,0,0.340660095,1,3.11858273,-0.0109901428
12022,12.022054,0,0.186817169,1,1.54124308,0.0549468994
12023,12.023052,0,0.186817169,1,3.11858273,0.0109901428
12024,12.024053,0,-0.230770111,1,3.11858273,-0.0549468994
12025,12.025054,0,-0.230770111,1,3.11781597,-0.274726868
12026,12.026056,0,0.0329704285,1,3.11896658,-0.186813354
12027,12.027062,0,0.0329704285,1,3.11858273,-0.142856598
12028,12.028057,0,-0.186813354,1,3.11781597,-0.0988998413
12029,12.029054,0,-0.186813354,1,3.11781597,-0.120880127
12030,12.030056,0,0.0769271851,1,3.11819935,-0.142856598
12031,12.031054,0,0.0769271851,1,3.11819935,-0.0988998413
12032,12.032056,0,-0.0329666138,1,3.11819935,-0.0549468994
12033,12.033052,0,-0.0329666138,1,3.11781597,-0.0329666138
12034,12.034052,0,0.0109901428,1,1.54133892,0.296707153
12035,12.035194,0,0.0109901428,1,3.11858273,-0.0109901428
12036,12.036051,0,-0.0769233704,1,3.11781597,-0.0109901428
12037,12.037107,0,-0.0769233704,1,3.11781597,-0.186813354
12038,12.038054,0,-0.164836884,1,3.11858273,-0.0549468994
12039,12.039056,0,-0.164836884,1,3.11858273,0.0329704285
12040,12.040052,0,-0.0109901428,1,3.11781597,0.0769271851
12041,12.041053,0,-0.0109901428,1,3.11819935,0.0549468994
12042,12.042050,0,0.274726868,1,3.11896658,0.0549468994
12043,12.043051,0,0.274726868,1,3.11934996,0.098903656
12044,12.044055,0,0.20879364,1,3.11858273,0.142860413
12045,12.045052,0,0.20879364,1,3.11858273,0.142860413
12046,12.046056,0,0.0769271851,1,1.54095554,0.098903656
12047,12.047049,0,0.0769271851,1,3.11934996,0.120880127
12048,12.048139,0,0.0329704285,1,3.11896658,0.098903656
12049,12.049052,0,0.0329704285,1,3.11858273,-0.164836884
12050,12.050053,0,0.0329704285,1,3.11819935,-0.406593323
12051,12.051050,0,0.0329704285,1,3.11858273,-0.47252655
12052,12.052051,0,-0.164836884,1,3.11781597,-0.428569794
12053,12.053055,0,-0.164836884,1,3.11743259,-0.406593323
12054,12.054056,0,0.164836884,1,3.11743259,-0.406593323
12055,12.055056,0,0.164836884,1,3.11781597,-0.384616852
12056,12.056057,0,0.142860413,1,3.11704874,-0.31867981
12057,12.057053,0,0.142860413,1,3.11666536,-0.274726868
12058,12.058054,0,0.0109901428,1,3.11666536,-0.252746582
12059,12.059131,0,0.0109901428,1,3.11666536,-0.230770111
12060,12.060050,0,0.0769271851,1,3.11628199,-0.186813354
12061,12.061052,0,0.0769271851,1,3.11628199,-0.142856598
12062,12.062056,0,0.0769271851,1,3.11599445,-0.142856598
12063,12.063049,0,0.0769271851,1,3.11666536,-0.120880127
12064,12.064054,0,-0.0329666138,1,3.11628199,-0.0329666138
12065,12.065050,0,-0.0329666138,1,3.11628199,0.0109901428
12066,12.066054,0,-0.0769233704,1,3.11666536,0.0109901428
12067,12.067055,0,-0.0769233704,1,3.11666536,0.0769271851
12068,12.068052,0,-0.340660095,1,3.11666536,0.098903656
12069,12.069054,0,-0.340660095,1,3.11628199,0.142860413
12070,12.070060,0,-0.0329666138,1,3.11666536,0.142860413
12071,12.071054,0,-0.0329666138,1,3.11666536,0.164836884
12072,12.072051,0,0.0769271851,1,3.11704874,0.164836884
12073,12.073053,0,0.0769271851,1,3.11704874,0.186817169
12074,12.074050,0,-0.0769233704,1,3.11704874,0.186817169
12075,12.075055,0,-0.0769233704,1,3.11743259,0.186817169
12076,12.076052,0,0.164836884,1,3.11743259,0.186817169
12077,12.077055,0,0.164836884,1,3.11743259,0.186817169
12078,12.078052,0,-0.0769233704,1,3.11781597,0.164836884
12079,12.079054,0,-0.0769233704,1,3.11781597,0.164836884
12080,12.080088,0,-0.0549468994,1,3.11781597,0.164836884
12081,12.081050,0,-0.0549468994,1,3.11743259,0.164836884
12082,12.082052,0,-0.0549468994,1,3.11781597,0.142860413
12083,12.083057,0,-0.0549468994,1,3.11781597,0.120880127
12084,12.084051,0,-0.0988998413,1,3.11819935,0.120880127
12085,12.085052,0,-0.0988998413,1,3.11819935,0.120880127
12086,12.086054,0,0.0329704285,1,3.11781597,0.120880127
12087,12.087057,0,0.0329704285,1,3.11819935,0.098903656
12088,12.088052,0,0.098903656,1,3.11819935,0.0769271851
12089,12.089056,0,0.098903656,1,3.11781597,0.0769271851
12090,12.090050,0,0.142860413,1,3.11819935,0.0549468994
12091,12.091061,0,0.142860413,1,3.11819935,0.0549468994
12092,12.092056,0,0.0769271851,1,1.54114723,0.0549468994
12093,12.093053,0,0.0769271851,1,3.11819935,0.0329704285
12094,12.094055,0,-0.208789825,1,3.11819935,-0.0329666138
12095,12.095056,0,-0.208789825,1,3.11743259,-0.208789825
12096,12.096050,0,-0.142856598,1,3.11819935,-0.0769233704
12097,12.097055,0,-0.142856598,1,3.11819935,-0.0329666138
12098,12.098057,0,-0.120880127,1,3.11781597,-0.0109901428
12099,12.099052,0,-0.120880127,1,3.11781597,-0.0329666138
12100,12.100052,0,-0.0988998413,1,3.11819935,-0.0329666138
12101,12.101073,0,-0.0988998413,1,3.11819935,0.0109901428
12102,12.102064,0,0.142860413,1,3.11781597,0.0329704285
12103,12.103050,0,0.142860413,1,3.11819935,0.0109901428
12104,12.104054,0,0.0329704285,1,1.54133892,0.0109901428
12105,12.105050,0,0.0329704285,1,3.11858273,0.0549468994
12106,12.106054,0,-0.208789825,1,3.11819935,0.0329704285
12107,12.107055,0,-0.208789825,1,3.11781597,-0.142856598
12108,12.108052,0,-0.0988998413,1,3.11858273,-0.0109901428
12109,12.109053,0,-0.0988998413,1,3.11896658,0.0329704285
12110,12.110050,0,-0.186813354,1,3.11781597,0.0769271851
12111,12.111051,0,-0.186813354,1,3.11858273,0.0549468994
12112,12.112084,0,-0.208789825,1,3.11896658,0.0549468994
12113,12.113054,0,-0.208789825,1,3.11896658,0.0769271851
12114,12.114056,0,0.362640381,1,3.11858273,0.098903656
12115,12.115055,0,0.362640381,1,3.11858273,0.0769271851
12116,12.116056,0,0.0109901428,1,3.11896658,0.0549468994
12117,12.117053,0,0.0109901428,1,3.11934996,0.098903656
12118,12.118054,0,-0.142856598,1,3.11896658,0.120880127
12119,12.119050,0,-0.142856598,1,3.11858273,0.098903656
12120,12.120051,0,-0.142856598,1,3.11934996,0.0769271851
12121,12.121055,0,-0.142856598,1,3.11934996,0.0769271851
12122,12.122057,0,0.098903656,1,3.11896658,0.098903656
12123,12.123104,0,0.098903656,1,3.11896658,0.0769271851
12124,12.124054,0,0.230770111,1,3.11934996,0.0549468994
12125,12.125051,0,0.230770111,1,3.11973333,0.0549468994
12126,12.126056,0,-0.252746582,1,3.11934996,0.0769271851
12127,12.127057,0,-0.252746582,1,3.11934996,0.0769271851
12128,12.128053,0,0.164836884,1,3.11934996,0.0549468994
12129,12.129054,0,0.164836884,1,3.11934996,0.0329704285
12130,12.130050,0,-0.0988998413,1,3.11934996,0.0329704285
12131,12.131051,0,-0.0988998413,1,3.11973333,0.0329704285
12132,12.132055,0,0.0769271851,1,3.11973333,0.0329704285
12133,12.133049,0,0.0769271851,1,3.11973333,0.0329704285
12134,12.134058,0,0.164836884,1,3.11973333,0.0549468994
12135,12.135056,0,0.164836884,1,3.11973333,0.0329704285
12136,12.136195,0,0.120880127,1,3.12011671,0.0329704285
12137,12.137080,0,0.120880127,1,3.11973333,0.0329704285
12138,12.138120,0,-0.0109901428,1,3.11934996,0.0329704285
12139,12.139164,0,-0.0109901428,1,3.11973333,0.0109901428
12140,12.140055,0,0.098903656,1,3.11973333,0.0109901428
12141,12.141208,0,0.098903656,1,3.12011671,0.0109901428
12142,12.142052,0,-0.186813354,1,3.12011671,0.0329704285
12143,12.143055,0,-0.186813354,1,3.11973333,0.0109901428
12144,12.144079,0,0.274726868,1,3.11973333,0.0109901428
12145,12.145054,0,0.274726868,1,3.12011671,0.0109901428
12146,12.146057,0,-0.0329666138,1,3.12011671,0.0109901428
12147,12.147054,0,-0.0329666138,1,3.12011671,0.0329704285
12148,12.148056,0,-0.0988998413,1,3.12050056,0.0109901428
12149,12.149053,0,-0.0988998413,1,3.12011671,0.0329704285
12150,12.150055,0,-0.252746582,1,1.54105139,-0.186813354
12151,12.151053,0,-0.252746582,1,3.12011671,0.0329704285
12152,12.152054,0,-0.0329666138,1,3.12011671,-0.0329666138
12153,12.153051,0,-0.0329666138,1,3.11934996,-0.186813354
12154,12.154053,0,-0.0988998413,1,3.12050056,-0.0988998413
12155,12.155057,0,-0.0988998413,1,3.12011671,-0.0329666138
12156,12.156054,0,-0.0549468994,1,3.11973333,-0.0109901428
12157,12.157050,0,-0.0549468994,1,3.12011671,-0.0109901428
12158,12.158054,0,0.0329704285,1,3.12050056,0.0109901428
12159,12.159056,0,0.0329704285,1,3.12050056,0.0549468994
12160,12.160054,0,0.0769271851,1,3.12011671,0.0769271851
12161,12.161055,0,0.0769271851,1,3.12050056,0.0549468994
12162,12.162053,0,0.0549468994,1,1.54095554,-0.0549468994
12163,12.163054,0,0.0549468994,1,3.12088394,0.0769271851
12164,12.164051,0,0.0109901428,1,3.12050056,0.0549468994
12165,12.165054,0,0.0109901428,1,3.12011671,-0.120880127
12166,12.166064,0,0.142860413,1,3.12088394,-0.0109901428
12167,12.167050,0,0.142860413,1,3.12126732,0.0549468994
12168,12.168054,0,0.098903656,1,3.12011671,0.098903656
12169,12.169055,0,0.098903656,1,3.12050056,0.0329704285
12170,12.170051,0,-0.0769233704,1,3.12126732,0.0329704285
12171,12.171052,0,-0.0769233704,1,3.12126732,0.0769271851
12172,12.172056,0,0.098903656,1,3.12126732,0.098903656
12173,12.173050,0,0.098903656,1,3.12088394,0.098903656
12174,12.174054,0,-0.0769233704,1,1.54105139,0.0549468994
12175,12.175050,0,-0.0769233704,1,3.1216507,0.0769271851
12176,12.176122,0,0.0549468994,1,3.12088394,0.0769271851
12177,12.177056,0,0.0549468994,1,3.12050056,-0.186813354
12178,12.178050,0,-0.142856598,1,3.1216507,-0.0988998413
12179,12.179054,0,-0.142856598,1,3.1216507,-0.0549468994
12180,12.180055,0,-0.0549468994,1,3.12088394,0.0109901428
12181,12.181052,0,-0.0549468994,1,3.12088394,-0.0109901428
12182,12.182052,0,-0.208789825,1,3.12126732,-0.0329666138
12183,12.183057,0,-0.208789825,1,3.12203455,0.0109901428
12184,12.184050,0,0.0109901428,1,3.12088394,0.0549468994
12185,12.185057,0,0.0109901428,1,3.12126732,0.0329704285
12186,12.186050,0,-0.0549468994,1,3.1216507,0.0109901428
12187,12.187091,0,-0.0549468994,1,3.1216507,0.0329704285
12188,12.188052,0,0.0769271851,1,3.1216507,0.0769271851
12189,12.189053,0,0.0769271851,1,3.12126732,0.0769271851
12190,12.190050,0,-0.208789825,1,3.1216507,0.0329704285
12191,12.191051,0,-0.208789825,1,3.1216507,0.0549468994
12192,12.192055,0,-0.0109901428,1,3.1216507,0.098903656
12193,12.193056,0,-0.0109901428,1,3.1216507,0.0769271851
12194,12.194052,0,-0.0329666138,1,3.12203455,0.0549468994
12195,12.195158,0,-0.0329666138,1,3.12203455,0.0769271851
12196,12.196055,0,0.0549468994,1,3.12203455,0.0769271851
12197,12.197056,0,0.0549468994,1,3.12203455,0.0769271851
12198,12.198064,0,-0.0988998413,1,3.1216507,0.0769271851
12199,12.199050,0,-0.0988998413,1,3.12203455,0.0549468994
12200,12.200055,0,-0.0988998413,1,3.12203455,0.0549468994
12201,12.201057,0,-0.0988998413,1,3.12203455,0.0549468994
12202,12.202054,0,-0.186813354,1,3.12203455,0.0329704285
12203,12.203056,0,-0.186813354,1,3.12241793,0.0329704285
12204,12.204053,0,-0.0109901428,1,3.12241793,0.0549468994
12205,12.205051,0,-0.0109901428,1,3.12203455,0.0329704285
12206,12.206056,0,0.164836884,1,3.12241793,0.0329704285
12207,12.207050,0,0.164836884,1,3.12241793,0.0329704285
12208,12.208085,0,0.142860413,1,3.1216507,0.0329704285
12209,12.209054,0,0.142860413,1,3.12241793,0.0109901428
12210,12.210056,0,0.0109901428,1,3.12241793,0.0329704285
12211,12.211053,0,0.0109901428,1,3.12241793,0.0549468994
12212,12.212055,0,0.0549468994,1,3.12241793,0.0329704285
12213,12.213052,0,0.0549468994,1,3.12203455,0.0329704285
12214,12.214054,0,0.0549468994,1,3.12241793,0.0109901428
12215,12.215055,0,0.0549468994,1,3.12241793,0.0109901428
12216,12.216057,0,0.0329704285,1,3.12241793,0.0329704285
12217,12.217054,0,0.0329704285,1,3.12241793,0.0109901428
12218,12.218056,0,-0.0329666138,1,3.12241793,0.0109901428
12219,12.219142,0,-0.0329666138,1,3.1228013,0.0109901428
12220,12.220054,0,-0.0109901428,1,1.54124308,0.230770111
12221,12.221057,0,-0.0109901428,1,3.12241793,0.0109901428
12222,12.222054,0,-0.0549468994,1,3.12203455,-0.0329666138
12223,12.223056,0,-0.0549468994,1,3.12203455,-0.208789825
12224,12.224053,0,0.0329704285,1,3.1228013,-0.0769233704
12225,12.225050,0,0.0329704285,1,3.1228013,-0.0329666138
12226,12.226055,0,-0.164836884,1,3.12203455,0.0109901428
12227,12.227057,0,-0.164836884,1,3.12203455,-0.0329666138
12228,12.228054,0,0.098903656,1,3.12241793,-0.0329666138
12229,12.229056,0,0.098903656,1,3.1228013,0.0109901428
12230,12.230063,0,0.120880127,1,3.12241793,0.0329704285
12231,12.231056,0,0.120880127,1,3.12241793,0.0329704285
12232,12.232052,0,0.0109901428,1,1.54114723,0.0109901428
12233,12.233053,0,0.0109901428,1,3.1228013,0.0329704285
12234,12.234050,0,0.340660095,1,3.12203455,0.0109901428
12235,12.235054,0,0.340660095,1,3.12203455,-0.230770111
12236,12.236050,0,-0.384616852,1,3.12203455,-0.47252655
12237,12.237055,0,-0.384616852,1,3.12203455,-0.494506836
12238,12.238057,0,-0.230770111,1,3.1216507,-0.47252655
12239,12.239056,0,-0.230770111,1,3.12088394,-0.428569794
12240,12.240086,0,0.340660095,1,3.12050056,-0.428569794
12241,12.241054,0,0.340660095,1,3.12126732,-0.428569794
12242,12.242055,0,0.0549468994,1,3.12088394,-0.340660095
12243,12.243052,0,0.0549468994,1,3.12011671,-0.296703339
12244,12.244052,0,0.0549468994,1,3.12011671,-0.274726868
12245,12.245052,0,0.0549468994,1,3.12050056,-0.230770111
12246,12.246053,0,-0.0769233704,1,3.12050056,-0.164836884
12247,12.247073,0,-0.0769233704,1,3.11973333,-0.0988998413
12248,12.248062,0,-0.142856598,1,3.11973333,-0.0988998413
12249,12.249056,0,-0.142856598,1,3.12011671,-0.0769233704
12250,12.250052,0,-0.0109901428,1,3.12050056,-0.0109901428
12251,12.251061,0,-0.0109901428,1,3.12011671,0.0329704285
12252,12.252050,0,-0.164836884,1,3.12050056,0.0549468994
12253,12.253052,0,-0.164836884,1,3.12088394,0.098903656
12254,12.254056,0,-0.0988998413,1,3.12050056,0.120880127
12255,12.255052,0,-0.0988998413,1,3.12050056,0.142860413
12256,12.256056,0,0.0549468994,1,3.12050056,0.142860413
12257,12.257050,0,0.0549468994,1,3.12088394,0.164836884
12258,12.258054,0,-0.0329666138,1,3.12088394,0.186817169
12259,12.259055,0,-0.0329666138,1,3.12050056,0.186817169
12260,12.260051,0,0.274726868,1,3.12126732,0.164836884
12261,12.261077,0,0.274726868,1,3.12088394,0.186817169
12262,12.262063,0,-0.0769233704,1,3.12126732,0.186817169
12263,12.263057,0,-0.0769233704,1,3.12126732,0.186817169
12264,12.264053,0,0.0109901428,1,3.12126732,0.164836884
12265,12.265050,0,0.0109901428,1,3.1216507,0.164836884
12266,12.266055,0,0.0329704285,1,3.12126732,0.164836884
12267,12.267049,0,0.0329704285,1,3.1216507,0.142860413
12268,12.268054,0,0.186817169,1,3.12126732,0.142860413
12269,12.269056,0,0.186817169,1,3.1216507,0.120880127
12270,12.270054,0,-0.120880127,1,3.1216507,0.120880127
12271,12.271056,0,-0.120880127,1,3.12203455,0.098903656
12272,12.272079,0,0.164836884,1,3.12203455,0.098903656
12273,12.273055,0,0.164836884,1,3.1216507,0.098903656
12274,12.274049,0,-0.230770111,1,3.12203455,0.0769271851
12275,12.275050,0,-0.230770111,1,3.1216507,0.0549468994
12276,12.276051,0,0.0549468994,1,3.12203455,0.0549468994
12277,12.277057,0,0.0549468994,1,3.12203455,0.0549468994
12278,12.278051,0,-0.120880127,1,1.54105139,-0.164836884
12279,12.279056,0,-0.120880127,1,3.12203455,0.0329704285
12280,12.280050,0,0.0109901428,1,3.12203455,-0.0109901428
12281,12.281055,0,0.0109901428,1,3.1216507,-0.186813354
12282,12.282057,0,0.0549468994,1,3.12241793,-0.0769233704
12283,12.283060,0,0.0549468994,1,3.12241793,-0.0329666138
12284,12.284050,0,0.0549468994,1,3.12126732,0.0109901428
12285,12.285055,0,0.0549468994,1,3.12126732,-0.0329666138
12286,12.286052,0,0.0329704285,1,3.12241793,-0.0549468994
12287,12.287054,0,0.0329704285,1,3.12203455,0.0109901428
12288,12.288051,0,0.120880127,1,3.1216507,0.0329704285
12289,12.289053,0,0.120880127,1,3.1216507,0.0109901428
12290,12.290050,0,-0.0549468994,1,1.54124308,0.098903656
12291,12.291052,0,-0.0549468994,1,3.12203455,0.0549468994
12292,12.292049,0,0.0109901428,1,3.1216507,0.0109901428
12293,12.293052,0,0.0109901428,1,3.1216507,-0.230770111
12294,12.294058,0,-0.0329666138,1,3.12241793,-0.120880127
12295,12.295054,0,-0.0329666138,1,3.12241793,-0.0549468994
12296,12.296050,0,0.164836884,1,3.1216507,-0.0109901428
12297,12.297050,0,0.164836884,1,3.1216507,-0.0329666138
12298,12.298054,0,0.186817169,1,3.12203455,-0.0769233704
12299,12.299182,0,0.186817169,1,3.12241793,-0.0329666138
12300,12.300055,0,0.098903656,1,3.12203455,0.0329704285
12301,12.301049,0,0.098903656,1,3.12203455,0.0329704285
12302,12.302054,0,-0.230770111,1,1.54133892,0.340660095
12303,12.303055,0,-0.230770111,1,3.12241793,0.0109901428
12304,12.304090,0,0.120880127,1,3.12203455,0.0109901428
12305,12.305053,0,0.120880127,1,3.12126732,-0.230770111
12306,12.306055,0,0.252750397,1,3.12126732,-0.494506836
12307,12.307051,0,0.252750397,1,3.12203455,-0.516483307
12308,12.308052,0,-0.0329666138,1,3.12126732,-0.450550079
12309,12.309056,0,-0.0329666138,1,3.12050056,-0.406593323
12310,12.310050,0,-0.274726868,1,3.12011671,-0.428569794
12311,12.311054,0,-0.274726868,1,3.12011671,-0.406593323
12312,12.312055,0,0.20879364,1,3.12050056,-0.362636566
12313,12.313051,0,0.20879364,1,3.11973333,-0.296703339
12314,12.314052,0,-0.164836884,1,3.11896658,-0.274726868
12315,12.315059,0,-0.164836884,1,3.12011671,-0.274726868
12316,12.316056,0,0.0549468994,1,3.11896658,-0.186813354
12317,12.317050,0,0.0549468994,1,3.11858273,-0.142856598
12318,12.318054,0,0.0329704285,1,3.11896658,-0.142856598
12319,12.319055,0,0.0329704285,1,3.11934996,-0.0988998413
12320,12.320052,0,-0.142856598,1,3.11934996,-0.0329666138
12321,12.321053,0,-0.142856598,1,3.11934996,0.0109901428
12322,12.322057,0,-0.31867981,1,3.11896658,0.0549468994
12323,12.323050,0,-0.31867981,1,3.11973333,0.0769271851
12324,12.324054,0,-0.0329666138,1,3.11934996,0.120880127
12325,12.325051,0,-0.0329666138,1,3.11934996,0.120880127
12326,12.326058,0,0.186817169,1,3.11973333,0.142860413
12327,12.327052,0,0.186817169,1,3.11973333,0.142860413
12328,12.328056,0,-0.142856598,1,3.11973333,0.164836884
12329,12.329049,0,-0.142856598,1,3.11934996,0.164836884
12330,12.330054,0,0.0549468994,1,3.11973333,0.142860413
12331,12.331056,0,0.0549468994,1,3.12011671,0.142860413
12332,12.332053,0,0.0549468994,1,3.12011671,0.164836884
12333,12.333055,0,0.0549468994,1,3.11973333,0.164836884
12334,12.334053,0,-0.120880127,1,3.12011671,0.142860413
12335,12.335050,0,-0.120880127,1,3.12011671,0.142860413
12336,12.336081,0,-0.164836884,1,3.12050056,0.142860413
12337,12.337051,0,-0.164836884,1,3.12050056,0.164836884
12338,12.338054,0,0.120880127,1,3.12050056,0.164836884
12339,12.339051,0,0.120880127,1,3.12011671,0.142860413
12340,12.340052,0,-0.0109901428,1,3.12050056,0.120880127
12341,12.341050,0,-0.0109901428,1,3.12050056,0.120880127
12342,12.342052,0,-0.0329666138,1,3.12050056,0.120880127
12343,12.343057,0,-0.0329666138,1,3.12050056,0.098903656
12344,12.344051,0,0.098903656,1,3.12088394,0.0769271851
12345,12.345051,0,0.098903656,1,3.12050056,0.0769271851
12346,12.346050,0,-0.0109901428,1,3.12088394,0.0549468994
12347,12.347060,0,-0.0109901428,1,3.12088394,0.0549468994
12348,12.348224,0,0.0329704285,1,1.54095554,-0.0988998413
12349,12.349077,0,0.0329704285,1,3.12088394,0.0329704285
12350,12.350222,0,0.0329704285,1,3.12088394,-0.0109901428
12351,12.351074,0,0.0329704285,1,3.12011671,-0.186813354
12352,12.352096,0,-0.0988998413,1,3.12088394,-0.0769233704
12353,12.353055,0,-0.0988998413,1,3.12088394,-0.0329666138
12354,12.354050,0,-0.0549468994,1,3.12088394,0.0109901428
12355,12.355050,0,-0.0549468994,1,3.12050056,0.0109901428
12356,12.356051,0,0.098903656,1,3.12088394,-0.0109901428
12357,12.357057,0,0.098903656,1,3.12126732,0.0329704285
12358,12.358124,0,-0.208789825,1,3.12088394,0.0769271851
12359,12.359051,0,-0.208789825,1,3.12050056,0.0769271851
12360,12.360053,0,0.142860413,1,1.54105139,0.0549468994
12361,12.361057,0,0.142860413,1,3.12126732,0.0769271851
12362,12.362049,0,0.098903656,1,3.12126732,0.0329704285
12363,12.363053,0,0.098903656,1,3.12050056,-0.208789825
12364,12.364054,0,0.0549468994,1,3.12126732,-0.120880127
12365,12.365054,0,0.0549468994,1,3.1216507,-0.0549468994
12366,12.366055,0,-0.252746582,1,3.12088394,0.0109901428
12367,12.367052,0,-0.252746582,1,3.12088394,-0.0109901428
12368,12.368053,0,-0.0109901428,1,3.12126732,-0.0549468994
12369,12.369063,0,-0.0109901428,1,3.1216507,-0.0329666138
12370,12.370049,0,-0.0109901428,1,3.12126732,0.0329704285
12371,12.371054,0,-0.0109901428,1,3.12088394,0.0329704285
12372,12.372055,0,0.120880127,1,3.12126732,0.0109901428
12373,12.373051,0,0.120880127,1,3.12203455,0.0329704285
12374,12.374052,0,-0.31867981,1,3.12126732,0.0769271851
12375,12.375052,0,-0.31867981,1,3.12126732,0.0769271851
12376,12.376053,0,-0.0769233704,1,3.1216507,0.0549468994
12377,12.377049,0,-0.0769233704,1,3.12203455,0.0769271851
12378,12.378050,0,0.120880127,1,3.1216507,0.098903656
12379,12.379054,0,0.120880127,1,3.12126732,0.098903656
12380,12.380064,0,0.186817169,1,3.1216507,0.0549468994
12381,12.381050,0,0.186817169,1,3.12203455,0.0549468994
12382,12.382055,0,-0.0329666138,1,3.12203455,0.0769271851
12383,12.383056,0,-0.0329666138,1,3.12126732,0.0769271851
12384,12.384052,0,-0.252746582,1,3.12203455,0.0329704285
12385,12.385056,0,-0.252746582,1,3.12203455,0.0549468994
12386,12.386052,0,0.0109901428,1,3.12203455,0.0549468994
12387,12.387053,0,0.0109901428,1,3.12203455,0.0549468994
12388,12.388050,0,0.0329704285,1,3.1216507,0.0549468994
12389,12.389051,0,0.0329704285,1,3.12241793,0.0329704285
12390,12.390080,0,0.142860413,1,3.12203455,0.0329704285
12391,12.391061,0,0.142860413,1,3.12203455,0.0549468994
12392,12.392055,0,-0.0329666138,1,3.12203455,0.0329704285
12393,12.393051,0,-0.0329666138,1,3.12241793,0.0329704285
12394,12.394052,0,-0.142856598,1,3.12203455,0.0329704285
12395,12.395051,0,-0.142856598,1,3.12203455,0.0329704285
12396,12.396053,0,0.0109901428,1,3.12203455,0.0109901428
12397,12.397051,0,0.0109901428,1,3.12203455,0.0109901428
12398,12.398053,0,-0.428569794,1,3.12203455,0.0109901428
12399,12.399050,0,-0.428569794,1,3.12203455,0.0109901428
12400,12.400052,0,0.494506836,1,3.12241793,0.0109901428
12401,12.401056,0,0.494506836,1,3.12203455,0.0109901428
12402,12.402059,0,-0.0769233704,1,3.12203455,0.0109901428
12403,12.403060,0,-0.0769233704,1,3.12203455,0.0109901428
12404,12.404055,0,0.0329704285,1,3.12203455,-0.0109901428
12405,12.405055,0,0.0329704285,1,3.12203455,0.0109901428
12406,12.406049,0,0.142860413,1,1.54095554,-0.120880127
12407,12.407054,0,0.142860413,1,3.12241793,-0.0109901428
12408,12.408056,0,-0.274726868,1,3.12203455,-0.0329666138
12409,12.409053,0,-0.274726868,1,3.12126732,-0.296703339
12410,12.410055,0,-0.186813354,1,3.12088394,-0.538459778
12411,12.411052,0,-0.186813354,1,3.12126732,-0.60439682
12412,12.412054,0,-0.208789825,1,3.12050056,-0.560440063
12413,12.413065,0,-0.208789825,1,3.12011671,-0.538459778
12414,12.414052,0,0.252750397,1,3.11973333,-0.516483307
12415,12.415052,0,0.252750397,1,3.11973333,-0.516483307
12416,12.416054,0,-0.0549468994,1,3.11973333,-0.450550079
12417,12.417051,0,-0.0549468994,1,3.11934996,-0.384616852
12418,12.418052,0,0.0109901428,1,1.54095554,0.340660095
12419,12.419050,0,0.0109901428,1,3.11896658,-0.31867981
12420,12.420051,0,-0.0988998413,1,3.11896658,-0.274726868
12421,12.421057,0,-0.0988998413,1,3.11819935,-0.47252655
12422,12.422051,0,-0.164836884,1,3.11743259,-0.670330048
12423,12.423106,0,-0.164836884,1,3.11781597,-0.670330048
12424,12.424052,0,-0.340660095,1,3.11743259,-0.582416534
12425,12.425049,0,-0.340660095,1,3.11666536,-0.516483307
12426,12.426054,0,-0.0769233704,1,3.11628199,-0.47252655
12427,12.427054,0,-0.0769233704,1,3.11666536,-0.450550079
12428,12.428050,0,-0.0329666138,1,3.11599445,-0.362636566
12429,12.429051,0,-0.0329666138,1,3.11522722,-0.296703339
12430,12.430055,0,-0.0109901428,1,1.54114723,0.0769271851
12431,12.431056,0,-0.0109901428,1,3.11522722,-0.252746582
12432,12.432053,0,0.0329704285,1,3.11522722,-0.252746582
12433,12.433054,0,0.0329704285,1,3.11407661,-0.428569794
12434,12.434058,0,0.0769271851,1,3.11369324,-0.648349762
12435,12.435056,0,0.0769271851,1,3.11407661,-0.670330048
12436,12.436050,0,0.120880127,1,3.11369324,-0.582416534
12437,12.437054,0,0.120880127,1,3.11215925,-0.47252655
12438,12.438055,0,-0.0109901428,1,3.11215925,-0.47252655
12439,12.439052,0,-0.0109901428,1,3.11215925,-0.450550079
12440,12.440053,0,0.164836884,1,3.11215925,-0.384616852
12441,12.441057,0,0.164836884,1,3.1113925,-0.274726868
12442,12.442050,0,0.120880127,1,3.11100864,-0.230770111
12443,12.443054,0,0.120880127,1,3.1113925,-0.230770111
12444,12.444055,0,0.120880127,1,3.1113925,-0.164836884
12445,12.445082,0,0.120880127,1,3.11100864,-0.0769233704
12446,12.446053,0,-0.0109901428,1,3.11024189,-0.0329666138
12447,12.447054,0,-0.0109901428,1,3.11100864,-0.0329666138
12448,12.448051,0,0.0329704285,1,3.11100864,0.0329704285
12449,12.449052,0,0.0329704285,1,3.11062527,0.0769271851
12450,12.450056,0,0.098903656,1,3.11024189,0.098903656
12451,12.451057,0,0.098903656,1,3.11062527,0.098903656
12452,12.452053,0,-0.186813354,1,3.1113925,0.120880127
12453,12.453055,0,-0.186813354,1,3.11100864,0.164836884
12454,12.454052,0,-0.0549468994,1,3.11062527,0.164836884
12455,12.455056,0,-0.0549468994,1,3.11100864,0.164836884
12456,12.456058,0,-0.142856598,1,3.1113925,0.186817169
12457,12.457050,0,-0.142856598,1,3.1113925,0.20879364
12458,12.458051,0,-0.230770111,1,3.11100864,0.230770111
12459,12.459055,0,-0.230770111,1,3.1113925,0.20879364
12460,12.460056,0,-0.0109901428,1,3.11177588,0.20879364
12461,12.461053,0,-0.0109901428,1,3.1113925,0.230770111
12462,12.462063,0,0.186817169,1,3.11177588,0.20879364
12463,12.463057,0,0.186817169,1,3.11177588,0.20879364
12464,12.464054,0,-0.0109901428,1,3.11177588,0.186817169
12465,12.465051,0,-0.0109901428,1,3.11215925,0.186817169
12466,12.466056,0,0.186817169,1,3.11215925,0.186817169
12467,12.467062,0,0.186817169,1,3.11215925,0.164836884
12468,12.468056,0,-0.142856598,1,3.11215925,0.164836884
12469,12.469054,0,-0.142856598,1,3.11215925,0.164836884
12470,12.470056,0,-0.274726868,1,3.11254263,0.142860413
12471,12.471053,0,-0.274726868,1,3.11254263,0.142860413
12472,12.472055,0,0.20879364,1,3.11254263,0.120880127
12473,12.473052,0,0.20879364,1,3.11254263,0.120880127
12474,12.474054,0,0.0549468994,1,3.11254263,0.120880127
12475,12.475054,0,0.0549468994,1,3.11254263,0.098903656
12476,12.476056,0,-0.0329666138,1,1.54095554,-0.186813354
12477,12.477086,0,-0.0329666138,1,3.11254263,0.0769271851
12478,12.478052,0,-0.120880127,1,3.11254263,0.0329704285
12479,12.479054,0,-0.120880127,1,3.11215925,-0.230770111
12480,12.480051,0,-0.0988998413,1,3.11215925,-0.47252655
12481,12.481053,0,-0.0988998413,1,3.11215925,-0.516483307
12482,12.482050,0,-0.0769233704,1,3.11177588,-0.47252655
12483,12.483052,0,-0.0769233704,1,3.11100864,-0.428569794
12484,12.484057,0,-0.120880127,1,3.11100864,-0.428569794
12485,12.485054,0,-0.120880127,1,3.11100864,-0.406593323
12486,12.486052,0,0.186817169,1,3.11100864,-0.362636566
12487,12.487053,0,0.186817169,1,3.11024189,-0.296703339
12488,12.488059,0,-0.0329666138,1,1.54124308,0.0769271851
12489,12.489054,0,-0.0329666138,1,3.11024189,-0.252746582
12490,12.490056,0,-0.142856598,1,3.10985851,-0.252746582
12491,12.491054,0,-0.142856598,1,3.10909128,-0.450550079
12492,12.492054,0,0.0109901428,1,3.10947466,-0.340660095
12493,12.493050,0,0.0109901428,1,3.10985851,-0.252746582
12494,12.494051,0,-0.0109901428,1,3.10947466,-0.142856598
12495,12.495050,0,-0.0109901428,1,3.10880375,-0.120880127
12496,12.496051,0,-0.0329666138,1,3.10909128,-0.120880127
12497,12.497055,0,-0.0329666138,1,3.10985851,-0.0769233704
12498,12.498056,0,-0.0329666138,1,3.10909128,0.0109901428
12499,12.499113,0,-0.0329666138,1,3.10880375,0.0329704285
12500,12.500055,0,0.186817169,1,3.10909128,0.0329704285
12501,12.501049,0,0.186817169,1,3.10947466,0.0769271851
12502,12.502054,0,-0.0109901428,1,3.10947466,0.142860413
12503,12.503055,0,-0.0109901428,1,3.10909128,0.142860413
12504,12.504051,0,-0.120880127,1,3.10947466,0.142860413
12505,12.505055,0,-0.120880127,1,3.10985851,0.142860413
12506,12.506051,0,0.230770111,1,3.10985851,0.164836884
12507,12.507052,0,0.230770111,1,3.10985851,0.186817169
12508,12.508056,0,-0.0769233704,1,3.10947466,0.186817169
12509,12.509050,0,-0.0769233704,1,3.11024189,0.164836884
12510,12.510060,0,-0.0329666138,1,3.11024189,0.186817169
12511,12.511053,0,-0.0329666138,1,3.10985851,0.20879364
12512,12.512049,0,0.120880127,1,3.11024189,0.186817169
12513,12.513061,0,0.120880127,1,3.11062527,0.186817169
12514,12.514055,0,-0.274726868,1,3.11062527,0.186817169
12515,12.515054,0,-0.274726868,1,3.11024189,0.164836884
12516,12.516056,0,0.0109901428,1,3.11062527,0.142860413
12517,12.517052,0,0.0109901428,1,3.11062527,0.142860413
12518,12.518053,0,0.20879364,1,3.11062527,0.120880127
12519,12.519050,0,0.20879364,1,3.11062527,0.120880127
12520,12.520103,0,0.120880127,1,3.11062527,0.098903656
12521,12.521054,0,0.120880127,1,3.11100864,0.098903656
12522,12.522055,0,-0.0329666138,1,3.11100864,0.098903656
12523,12.523052,0,-0.0329666138,1,3.11100864,0.098903656
12524,12.524053,0,0.0549468994,1,3.11100864,0.098903656
12525,12.525053,0,0.0549468994,1,3.11100864,0.098903656
12526,12.526054,0,-0.164836884,1,3.11100864,0.0769271851
12527,12.527051,0,-0.164836884,1,3.1113925,0.098903656
12528,12.528052,0,-0.208789825,1,3.1113925,0.0769271851
12529,12.529050,0,-0.208789825,1,3.11100864,0.0769271851
12530,12.530051,0,0.0109901428,1,3.11100864,0.0769271851
12531,12.531083,0,0.0109901428,1,3.1113925,0.0549468994
12532,12.532049,0,-0.0769233704,1,3.1113925,0.0549468994
12533,12.533052,0,-0.0769233704,1,3.1113925,0.0329704285
12534,12.534049,0,-0.340660095,1,1.54114723,0.318683624
12535,12.535054,0,-0.340660095,1,3.1113925,0.0329704285
12536,12.536051,0,0.274726868,1,3.1113925,-0.0109901428
12537,12.537053,0,0.274726868,1,3.11062527,-0.252746582
12538,12.538050,0,0.0329704285,1,3.11062527,-0.516483307
12539,12.539052,0,0.0329704285,1,3.11062527,-0.560440063
12540,12.540049,0,-0.120880127,1,3.11024189,-0.516483307
12541,12.541052,0,-0.120880127,1,3.10947466,-0.47252655
12542,12.542086,0,-0.0549468994,1,3.10909128,-0.47252655
12543,12.543051,0,-0.0549468994,1,3.10947466,-0.47252655
12544,12.544053,0,0.0329704285,1,3.10947466,-0.428569794
12545,12.545053,0,0.0329704285,1,3.10842037,-0.340660095
12546,12.546055,0,0.20879364,1,1.54105139,0.186817169
12547,12.547052,0,0.20879364,1,3.10880375,-0.31867981
12548,12.548054,0,0.0769271851,1,3.10842037,-0.31867981
12549,12.549163,0,0.0769271851,1,3.10688639,-0.494506836
12550,12.550058,0,-0.208789825,1,3.10803699,-0.384616852
12551,12.551225,0,-0.208789825,1,3.10842037,-0.296703339
12552,12.552225,0,0.230770111,1,3.10765314,-0.186813354
12553,12.553074,0,0.230770111,1,3.10726976,-0.142856598
12554,12.554151,0,0.098903656,1,3.10765314,-0.142856598
12555,12.555087,0,0.098903656,1,3.10765314,-0.0988998413
12556,12.556052,0,-0.0769233704,1,3.10726976,-0.0109901428
12557,12.557057,0,-0.0769233704,1,3.10726976,0.0109901428
12558,12.558050,0,-0.0769233704,1,1.54105139,-0.0109901428
12559,12.559053,0,-0.0769233704,1,3.10803699,0.0549468994
12560,12.560054,0,-0.120880127,1,3.10726976,0.0769271851
12561,12.561050,0,-0.120880127,1,3.10688639,-0.0988998413
12562,12.562051,0,-0.0988998413,1,3.10803699,0.0329704285
12563,12.563055,0,-0.0988998413,1,3.10803699,0.098903656
12564,12.564056,0,-0.0988998413,1,3.10765314,0.164836884
12565,12.565062,0,-0.0988998413,1,3.10726976,0.164836884
12566,12.566056,0,0.0329704285,1,3.10803699,0.142860413
12567,12.567060,0,0.0329704285,1,3.10842037,0.164836884
12568,12.568053,0,-0.0988998413,1,3.10803699,0.20879364
12569,12.569050,0,-0.0988998413,1,3.10765314,0.186817169
12570,12.570051,0,-0.0109901428,1,3.10842037,0.164836884
12571,12.571055,0,-0.0109901428,1,3.10880375,0.164836884
12572,12.572056,0,-0.362636566,1,3.10803699,0.20879364
12573,12.573053,0,-0.362636566,1,3.10803699,0.20879364
12574,12.574054,0,-0.0329666138,1,3.10842037,0.186817169
12575,12.575112,0,-0.0329666138,1,3.10880375,0.164836884
12576,12.576049,0,0.252750397,1,3.10880375,0.164836884
12577,12.577051,0,0.252750397,1,3.10880375,0.164836884
12578,12.578055,0,0.516487122,1,3.10880375,0.142860413
12579,12.579056,0,0.516487122,1,3.10909128,0.142860413
12580,12.580052,0,0.120880127,1,3.10909128,0.164836884
12581,12.581054,0,0.120880127,1,3.10909128,0.164836884
12582,12.582050,0,-0.0549468994,1,3.10909128,0.142860413
12583,12.583051,0,-0.0549468994,1,3.10909128,0.142860413
12584,12.584055,0,-0.0549468994,1,3.10909128,0.142860413
12585,12.585052,0,-0.0549468994,1,3.10947466,0.120880127
12586,12.586116,0,-0.0769233704,1,3.10947466,0.098903656
12587,12.587050,0,-0.0769233704,1,3.10985851,0.098903656
12588,12.588052,0,-0.208789825,1,3.10947466,0.098903656
12589,12.589056,0,-0.208789825,1,3.10947466,0.098903656
12590,12.590050,0,-0.252746582,1,3.10985851,0.0769271851
12591,12.591054,0,-0.252746582,1,3.10985851,0.0769271851
12592,12.592055,0,-0.0988998413,1,3.10985851,0.0769271851
12593,12.593052,0,-0.0988998413,1,3.10985851,0.0549468994
12594,12.594054,0,0.20879364,1,3.11024189,0.0549468994
12595,12.595054,0,0.20879364,1,3.10985851,0.0549468994
12596,12.596056,0,-0.120880127,1,3.11024189,0.0549468994
12597,12.597060,0,-0.120880127,1,3.10985851,0.0329704285
12598,12.598054,0,0.0329704285,1,3.10985851,0.0329704285
12599,12.599051,0,0.0329704285,1,3.11024189,0.0329704285
12600,12.600053,0,0.164836884,1,3.11024189,0.0329704285
12601,12.601050,0,0.164836884,1,3.11024189,0.0329704285
12602,12.602052,0,0.0769271851,1,3.11024189,0.0329704285
12603,12.603057,0,0.0769271851,1,3.11024189,0.0329704285
12604,12.604051,0,0.0769271851,1,1.54076385,-0.142856598
12605,12.605052,0,0.0769271851,1,3.11024189,0.0109901428
12606,12.606053,0,-0.186813354,1,3.10985851,-0.0329666138
12607,12.607050,0,-0.186813354,1,3.10947466,-0.230770111
12608,12.608061,0,-0.296703339,1,3.11024189,-0.120880127
12609,12.609055,0,-0.296703339,1,3.10985851,-0.0549468994
12610,12.610053,0,-0.0988998413,1,3.10985851,-0.0109901428
12611,12.611055,0,-0.0988998413,1,3.10947466,-0.0109901428
12612,12.612052,0,0.098903656,1,3.11024189,-0.0329666138
12613,12.613054,0,0.098903656,1,3.11062527,0.0109901428
12614,12.614051,0,-0.0329666138,1,3.10985851,0.0549468994
12615,12.615056,0,-0.0329666138,1,3.10985851,0.0329704285
12616,12.616053,0,-0.0988998413,1,1.54124308,0.0329704285
12617,12.617055,0,-0.0988998413,1,3.11062527,0.0549468994
12618,12.618052,0,0.0769271851,1,3.11024189,0.0329704285
12619,12.619062,0,0.0769271851,1,3.10947466,-0.208789825
12620,12.620060,0,-0.0109901428,1,3.11062527,-0.142856598
12621,12.621055,0,-0.0109901428,1,3.11062527,-0.0769233704
12622,12.622052,0,-0.252746582,1,3.11024189,-0.0109901428
12623,12.623052,0,-0.252746582,1,3.10985851,-0.0109901428
12624,12.624055,0,-0.164836884,1,3.11062527,-0.0329666138
12625,12.625051,0,-0.164836884,1,3.11062527,0.0109901428
12626,12.626055,0,-0.0769233704,1,3.11024189,0.0769271851
12627,12.627056,0,-0.0769233704,1,3.10985851,0.0549468994
12628,12.628053,0,-0.0988998413,1,3.11062527,0.0329704285
12629,12.629079,0,-0.0988998413,1,3.11062527,0.0549468994
12630,12.630058,0,-0.0988998413,1,3.11062527,0.098903656
12631,12.631052,0,-0.0988998413,1,3.11024189,0.0769271851
12632,12.632056,0,0.164836884,1,3.11100864,0.0549468994
12633,12.633057,0,0.164836884,1,3.11100864,0.0769271851
12634,12.634053,0,0.098903656,1,3.11062527,0.098903656
12635,12.635049,0,0.098903656,1,3.11062527,0.0769271851
12636,12.636054,0,-0.142856598,1,3.11100864,0.0549468994
12637,12.637055,0,-0.142856598,1,3.11100864,0.0769271851
12638,12.638052,0,0.120880127,1,3.1113925,0.098903656
12639,12.639052,0,0.120880127,1,3.11100864,0.120880127
12640,12.640080,0,0.0329704285,1,3.1113925,0.098903656
12641,12.641058,0,0.0329704285,1,3.1113925,0.098903656
12642,12.642052,0,0.142860413,1,3.11100864,0.120880127
12643,12.643056,0,0.142860413,1,3.1113925,0.098903656
12644,12.644057,0,-0.0549468994,1,3.1113925,0.0769271851
12645,12.645057,0,-0.0549468994,1,3.1113925,0.0769271851
12646,12.646050,0,0.0549468994,1,3.1113925,0.0549468994
12647,12.647054,0,0.0549468994,1,3.1113925,0.0549468994
12648,12.648055,0,0.0109901428,1,3.11177588,0.0329704285
12649,12.649052,0,0.0109901428,1,3.11177588,0.0329704285
12650,12.650053,0,-0.0988998413,1,3.1113925,0.0549468994
12651,12.651057,0,-0.0988998413,1,3.11177588,0.0549468994
12652,12.652062,0,-0.0329666138,1,3.11177588,0.0329704285
12653,12.653056,0,-0.0329666138,1,3.11177588,0.0549468994
12654,12.654053,0,0.142860413,1,3.1113925,0.0329704285
12655,12.655057,0,0.142860413,1,3.11215925,0.0109901428
12656,12.656053,0,-0.230770111,1,3.11177588,0.0329704285
12657,12.657054,0,-0.230770111,1,3.11177588,0.0329704285
12658,12.658051,0,-0.0549468994,1,3.11177588,0.0329704285
12659,12.659053,0,-0.0549468994,1,3.11177588,0.0329704285
12660,12.660050,0,-0.120880127,1,3.11177588,0.0109901428
12661,12.661052,0,-0.120880127,1,3.11177588,0.0329704285
12662,12.662050,0,0.0329704285,1,1.54076385,-0.252746582
12663,12.663058,0,0.0329704285,1,3.11177588,0.0109901428
12664,12.664053,0,-0.0769233704,1,3.11177588,-0.0329666138
12665,12.665053,0,-0.0769233704,1,3.11100864,-0.274726868
12666,12.666055,0,-0.0549468994,1,3.11100864,-0.516483307
12667,12.667052,0,-0.0549468994,1,3.1113925,-0.560440063
12668,12.668054,0,0.340660095,1,3.11100864,-0.494506836
12669,12.669051,0,0.340660095,1,3.10985851,-0.450550079
12670,12.670165,0,-0.186813354,1,3.11024189,-0.47252655
12671,12.671054,0,-0.186813354,1,3.11024189,-0.450550079
12672,12.672057,0,-0.0109901428,1,3.10947466,-0.384616852
12673,12.673078,0,-0.0109901428,1,3.10909128,-0.340660095
12674,12.674058,0,-0.142856598,1,1.54124308,0.120880127
12675,12.675127,0,-0.142856598,1,3.10947466,-0.274726868
12676,12.676054,0,-0.0769233704,1,3.10909128,-0.252746582
12677,12.677057,0,-0.0769233704,1,3.10803699,-0.384616852
12678,12.678054,0,0.0109901428,1,3.10880375,-0.230770111
12679,12.679056,0,0.0109901428,1,3.10909128,-0.142856598
12680,12.680053,0,-0.31867981,1,3.10880375,-0.0549468994
12681,12.681055,0,-0.31867981,1,3.10842037,-0.0329666138
12682,12.682052,0,-0.0109901428,1,3.10880375,-0.0329666138
12683,12.683054,0,-0.0109901428,1,3.10909128,0.0329704285
12684,12.684051,0,0.120880127,1,3.10909128,0.098903656
12685,12.685061,0,0.120880127,1,3.10880375,0.120880127
12686,12.686055,0,0.142860413,1,1.54124308,0.120880127
12687,12.687053,0,0.142860413,1,3.10880375,0.142860413
12688,12.688054,0,-0.0109901428,1,3.10909128,0.098903656
12689,12.689050,0,-0.0109901428,1,3.10880375,-0.120880127
12690,12.690050,0,-0.340660095,1,3.10947466,-0.0109901428
12691,12.691054,0,-0.340660095,1,3.10947466,0.0549468994
12692,12.692055,0,0.120880127,1,3.10909128,0.120880127
12693,12.693052,0,0.120880127,1,3.10842037,0.098903656
12694,12.694053,0,0.120880127,1,3.10947466,0.0549468994
12695,12.695110,0,0.120880127,1,3.10947466,0.098903656
12696,12.696051,0,0.0769271851,1,3.10947466,0.142860413
12697,12.697052,0,0.0769271851,1,3.10909128,0.142860413
12698,12.698056,0,-0.0549468994,1,3.10947466,0.120880127
12699,12.699050,0,-0.0549468994,1,3.10985851,0.142860413
12700,12.700054,0,-0.208789825,1,3.10947466,0.186817169
12701,12.701055,0,-0.208789825,1,3.10947466,0.164836884
12702,12.702052,0,0.098903656,1,3.11024189,0.142860413
12703,12.703052,0,0.098903656,1,3.11062527,0.164836884
12704,12.704057,0,0.0769271851,1,3.11024189,0.20879364
12705,12.705053,0,0.0769271851,1,3.11062527,0.186817169
12706,12.706060,0,-0.164836884,1,3.11062527,0.186817169
12707,12.707055,0,-0.164836884,1,3.11062527,0.164836884
12708,12.708056,0,0.0549468994,1,3.11062527,0.186817169
12709,12.709053,0,0.0549468994,1,3.11062527,0.164836884
12710,12.710054,0,-0.142856598,1,3.11062527,0.142860413
12711,12.711050,0,-0.142856598,1,3.11100864,0.120880127
12712,12.712051,0,-0.120880127,1,3.11100864,0.142860413
12713,12.713055,0,-0.120880127,1,3.11100864,0.120880127
12714,12.714056,0,0.0769271851,1,3.11100864,0.120880127
12715,12.715056,0,0.0769271851,1,3.1113925,0.098903656
12716,12.716049,0,-0.0109901428,1,3.1113925,0.098903656
12717,12.717072,0,-0.0109901428,1,3.1113925,0.098903656
12718,12.718053,0,-0.0109901428,1,3.1113925,0.0769271851
12719,12.719054,0,-0.0109901428,1,3.1113925,0.0769271851
12720,12.720050,0,-0.0549468994,1,3.1113925,0.0769271851
12721,12.721051,0,-0.0549468994,1,3.1113925,0.0549468994
12722,12.722055,0,-0.0109901428,1,3.11177588,0.0329704285
12723,12.723057,0,-0.0109901428,1,3.1113925,0.0549468994
12724,12.724054,0,0.0329704285,1,3.1113925,0.0329704285
12725,12.725051,0,0.0329704285,1,3.11177588,0.0329704285
12726,12.726056,0,0.164836884,1,3.11177588,0.0329704285
12727,12.727050,0,0.164836884,1,3.11177588,0.0329704285
12728,12.728057,0,0.0769271851,1,3.11177588,0.0329704285
12729,12.729055,0,0.0769271851,1,3.1113925,0.0329704285
12730,12.730049,0,0.230770111,1,3.11177588,0.0329704285
12731,12.731054,0,0.230770111,1,3.11177588,0.0109901428
12732,12.732056,0,0.0109901428,1,1.54105139,-0.0549468994
12733,12.733054,0,0.0109901428,1,3.11177588,0.0109901428
12734,12.734055,0,-0.31867981,1,3.11177588,-0.0329666138
12735,12.735056,0,-0.31867981,1,3.1113925,-0.208789825
12736,12.736050,0,-0.0329666138,1,3.11177588,-0.0769233704
12737,12.737055,0,-0.0329666138,1,3.11177588,-0.0329666138
12738,12.738085,0,0.120880127,1,3.1113925,0.0109901428
12739,12.739050,0,0.120880127,1,3.1113925,-0.0109901428
12740,12.740052,0,0.120880127,1,3.11177588,-0.0329666138
12741,12.741050,0,0.120880127,1,3.11215925,0.0109901428
12742,12.742052,0,-0.120880127,1,3.11177588,0.0329704285
12743,12.743056,0,-0.120880127,1,3.11177588,0.0329704285
12744,12.744051,0,-0.186813354,1,1.54124308,0.0329704285
12745,12.745051,0,-0.186813354,1,3.11215925,0.0549468994
12746,12.746053,0,0.318683624,1,3.11177588,0.0329704285
12747,12.747050,0,0.318683624,1,3.11177588,-0.142856598
12748,12.748052,0,0.0329704285,1,3.11254263,-0.0109901428
12749,12.749083,0,0.0329704285,1,3.11292648,0.0329704285
12750,12.750056,0,0.120880127,1,3.11215925,0.098903656
12751,12.751050,0,0.120880127,1,3.11215925,0.0769271851
12752,12.752055,0,-0.208789825,1,3.11254263,0.0549468994
12753,12.753057,0,-0.208789825,1,3.11292648,0.0769271851
12754,12.754053,0,-0.0329666138,1,3.11215925,0.098903656
12755,12.755056,0,-0.0329666138,1,3.11215925,0.0769271851
12756,12.756052,0,-0.0329666138,1,3.11254263,0.0549468994
12757,12.757053,0,-0.0329666138,1,3.11292648,0.0769271851
12758,12.758050,0,0.0549468994,1,3.11292648,0.120880127
12759,12.759051,0,0.0549468994,1,3.11330986,0.120880127
12760,12.760151,0,-0.0988998413,1,3.11330986,0.120880127
12761,12.761055,0,-0.0988998413,1,3.11369324,0.142860413
12762,12.762056,0,-0.0109901428,1,3.11330986,0.164836884
12763,12.763053,0,-0.0109901428,1,3.11330986,0.142860413
12764,12.764054,0,-0.0769233704,1,3.11369324,0.120880127
12765,12.765054,0,-0.0769233704,1,3.11407661,0.120880127
12766,12.766055,0,-0.120880127,1,3.11369324,0.120880127
12767,12.767051,0,-0.120880127,1,3.11407661,0.120880127
12768,12.768052,0,-0.0329666138,1,3.11446047,0.098903656
12769,12.769056,0,-0.0329666138,1,3.11407661,0.098903656
12770,12.770049,0,-0.0549468994,1,3.11446047,0.120880127
12771,12.771058,0,-0.0549468994,1,3.11446047,0.098903656
12772,12.772052,0,0.098903656,1,3.11446047,0.120880127
12773,12.773056,0,0.098903656,1,3.11484385,0.120880127
12774,12.774049,0,-0.142856598,1,3.11446047,0.120880127
12775,12.775057,0,-0.142856598,1,3.11484385,0.098903656
12776,12.776050,0,0.340660095,1,3.11484385,0.0769271851
12777,12.777054,0,0.340660095,1,3.11484385,0.098903656
12778,12.778055,0,-0.0329666138,1,3.11446047,0.098903656
12779,12.779064,0,-0.0329666138,1,3.11484385,0.0769271851
12780,12.780050,0,-0.208789825,1,3.11484385,0.0549468994
12781,12.781079,0,-0.208789825,1,3.1156106,0.0549468994
12782,12.782062,0,-0.164836884,1,3.11522722,0.0769271851
12783,12.783055,0,-0.164836884,1,3.11522722,0.0549468994
12784,12.784052,0,0.406597137,1,3.11522722,0.0549468994
12785,12.785056,0,0.406597137,1,3.1156106,0.0549468994
12786,12.786070,0,-0.0109901428,1,3.11522722,0.0549468994
12787,12.787080,0,-0.0109901428,1,3.11522722,0.0549468994
12788,12.788165,0,0.0769271851,1,3.11522722,0.0329704285
12789,12.789140,0,0.0769271851,1,3.11522722,0.0109901428
12790,12.790187,0,-0.0988998413,1,1.54124308,0.0329704285
12791,12.791075,0,-0.0988998413,1,3.1156106,0.0109901428
12792,12.792083,0,-0.274726868,1,3.1156106,-0.0329666138
12793,12.793052,0,-0.274726868,1,3.11484385,-0.208789825
12794,12.794054,0,-0.0988998413,1,3.1156106,-0.0988998413
12795,12.795055,0,-0.0988998413,1,3.1156106,-0.0329666138
12796,12.796057,0,-0.0769233704,1,3.11522722,0.0109901428
12797,12.797054,0,-0.0769233704,1,3.11522722,-0.0109901428
12798,12.798056,0,0.0109901428,1,3.1156106,-0.0109901428
12799,12.799053,0,0.0109901428,1,3.1156106,0.0109901428
12800,12.800055,0,-0.0329666138,1,3.11522722,0.0329704285
12801,12.801052,0,-0.0329666138,1,3.1156106,0.0329704285
12802,12.802054,0,-0.0769233704,1,1.54105139,-0.0549468994
12803,12.803082,0,-0.0769233704,1,3.11599445,0.0769271851
12804,12.804056,0,0.0329704285,1,3.1156106,0.0549468994
12805,12.805054,0,0.0329704285,1,3.11522722,-0.120880127
12806,12.806051,0,-0.0549468994,1,3.11628199,-0.0109901428
12807,12.807052,0,-0.0549468994,1,3.11666536,0.0769271851
12808,12.808050,0,0.164836884,1,3.11599445,0.120880127
12809,12.809051,0,0.164836884,1,3.11599445,0.098903656
12810,12.810056,0,-0.0769233704,1,3.11628199,0.0769271851
12811,12.811050,0,-0.0769233704,1,3.11666536,0.120880127
12812,12.812055,0,-0.0109901428,1,3.11628199,0.142860413
12813,12.813050,0,-0.0109901428,1,3.11628199,0.142860413
12814,12.814060,0,0.120880127,1,1.54124308,-0.0109901428
12815,12.815050,0,0.120880127,1,3.11666536,0.142860413
12816,12.816055,0,-0.0988998413,1,3.11666536,0.098903656
12817,12.817057,0,-0.0988998413,1,3.11628199,-0.0769233704
12818,12.818054,0,-0.0988998413,1,3.11704874,0.0329704285
12819,12.819056,0,-0.0988998413,1,3.11743259,0.0769271851
12820,12.820051,0,-0.0549468994,1,3.11704874,0.142860413
12821,12.821052,0,-0.0549468994,1,3.11704874,0.120880127
12822,12.822056,0,-0.0329666138,1,3.11704874,0.0769271851
12823,12.823057,0,-0.0329666138,1,3.11781597,0.098903656
12824,12.824053,0,-0.0329666138,1,3.11743259,0.142860413
12825,12.825058,0,-0.0329666138,1,3.11743259,0.120880127
12826,12.826051,0,-0.0549468994,1,3.11781597,0.098903656
12827,12.827055,0,-0.0549468994,1,3.11819935,0.098903656
12828,12.828057,0,-0.186813354,1,3.11781597,0.142860413
12829,12.829053,0,-0.186813354,1,3.11781597,0.120880127
12830,12.830055,0,0.142860413,1,3.11819935,0.098903656
12831,12.831051,0,0.142860413,1,3.11858273,0.120880127
12832,12.832060,0,-0.120880127,1,3.11858273,0.142860413
12833,12.833054,0,-0.120880127,1,3.11858273,0.142860413
12834,12.834050,0,0.0329704285,1,3.11858273,0.142860413
12835,12.835054,0,0.0329704285,1,3.11896658,0.142860413
12836,12.836058,0,-0.274726868,1,3.11896658,0.164836884
12837,12.837052,0,-0.274726868,1,3.11896658,0.142860413
12838,12.838056,0,0.120880127,1,3.11973333,0.120880127
12839,12.839049,0,0.120880127,1,3.11934996,0.142860413
12840,12.840054,0,0.0109901428,1,3.11973333,0.120880127
12841,12.841055,0,0.0109901428,1,3.11934996,0.120880127
12842,12.842051,0,0.0769271851,1,3.11973333,0.098903656
12843,12.843052,0,0.0769271851,1,3.11934996,0.098903656
12844,12.844056,0,-0.0329666138,1,3.11973333,0.0769271851
12845,12.845053,0,-0.0329666138,1,3.11973333,0.0549468994
12846,12.846074,0,0.186817169,1,3.11973333,0.0549468994
12847,12.847059,0,0.186817169,1,3.12011671,0.0769271851
12848,12.848052,0,-0.142856598,1,3.11973333,0.0769271851
12849,12.849056,0,-0.142856598,1,3.11973333,0.0549468994
12850,12.850050,0,-0.164836884,1,3.12011671,0.0549468994
12851,12.851054,0,-0.164836884,1,3.12011671,0.0769271851
12852,12.852055,0,0.098903656,1,3.12011671,0.0549468994
12853,12.853052,0,0.098903656,1,3.12011671,0.0549468994
12854,12.854053,0,-0.0769233704,1,3.12011671,0.0549468994
12855,12.855053,0,-0.0769233704,1,3.12050056,0.0329704285
12856,12.856055,0,-0.0769233704,1,3.12050056,0.0549468994
12857,12.857052,0,-0.0769233704,1,3.12050056,0.0329704285
12858,12.858061,0,0.120880127,1,3.12050056,0.0109901428
12859,12.859055,0,0.120880127,1,3.12050056,0.0329704285
12860,12.860052,0,-0.0109901428,1,1.5408597,0.098903656
12861,12.861055,0,-0.0109901428,1,3.12050056,0.0109901428
12862,12.862052,0,-0.0549468994,1,3.12050056,-0.0329666138
12863,12.863054,0,-0.0549468994,1,3.12011671,-0.274726868
12864,12.864051,0,-0.0988998413,1,3.12050056,-0.164836884
12865,12.865055,0,-0.0988998413,1,3.12050056,-0.120880127
12866,12.866053,0,0.120880127,1,3.12011671,-0.0769233704
12867,12.867054,0,0.120880127,1,3.11973333,-0.0769233704
12868,12.868142,0,0.142860413,1,3.12088394,-0.0769233704
12869,12.869053,0,0.142860413,1,3.12050056,-0.0329666138
12870,12.870055,0,-0.0549468994,1,3.12011671,0.0109901428
12871,12.871052,0,-0.0549468994,1,3.12011671,0.0109901428
12872,12.872054,0,0.0109901428,1,1.54133892,0.340660095
12873,12.873051,0,0.0109901428,1,3.12050056,0.0109901428
12874,12.874053,0,0.0769271851,1,3.12088394,0.0109901428
12875,12.875053,0,0.0769271851,1,3.12011671,-0.142856598
12876,12.876055,0,0.20879364,1,3.12088394,-0.0109901428
12877,12.877052,0,0.20879364,1,3.12126732,0.0329704285
12878,12.878054,0,-0.0549468994,1,3.12050056,0.098903656
12879,12.879060,0,-0.0549468994,1,3.12011671,0.0769271851
12880,12.880050,0,-0.186813354,1,3.12126732,0.0549468994
12881,12.881052,0,-0.186813354,1,3.12126732,0.098903656
12882,12.882049,0,0.0549468994,1,3.12126732,0.120880127
12883,12.883062,0,0.0549468994,1,3.12088394,0.142860413
12884,12.884057,0,-0.120880127,1,3.12126732,0.120880127
12885,12.885056,0,-0.120880127,1,3.12203455,0.142860413
12886,12.886057,0,-0.0549468994,1,3.12126732,0.164836884
12887,12.887052,0,-0.0549468994,1,3.1216507,0.142860413
12888,12.888053,0,0.120880127,1,3.12203455,0.120880127
12889,12.889050,0,0.120880127,1,3.1216507,0.142860413
12890,12.890156,0,0.0549468994,1,3.12203455,0.120880127
12891,12.891055,0,0.0549468994,1,3.12203455,0.120880127
12892,12.892056,0,-0.31867981,1,3.12241793,0.120880127
12893,12.893053,0,-0.31867981,1,3.12241793,0.120880127
12894,12.894054,0,0.0109901428,1,3.12241793,0.120880127
12895,12.895053,0,0.0109901428,1,3.12241793,0.142860413
12896,12.896054,0,-0.0329666138,1,3.1228013,0.120880127
12897,12.897050,0,-0.0329666138,1,3.1228013,0.120880127
12898,12.898051,0,0.20879364,1,3.1228013,0.120880127
12899,12.899055,0,0.20879364,1,3.1228013,0.120880127
12900,12.900057,0,-0.0769233704,1,3.1228013,0.098903656
12901,12.901058,0,-0.0769233704,1,3.12318468,0.098903656
12902,12.902052,0,-0.120880127,1,3.12318468,0.098903656
12903,12.903056,0,-0.120880127,1,3.12318468,0.098903656
12904,12.904057,0,-0.0109901428,1,3.12318468,0.0769271851
12905,12.905056,0,-0.0109901428,1,3.12318468,0.0769271851
12906,12.906049,0,-0.0109901428,1,3.12318468,0.0769271851
12907,12.907054,0,-0.0109901428,1,3.12318468,0.0549468994
12908,12.908055,0,0.164836884,1,3.12318468,0.0549468994
12909,12.909051,0,0.164836884,1,3.12347269,0.0329704285
12910,12.910052,0,-0.0329666138,1,3.12318468,0.0329704285
12911,12.911057,0,-0.0329666138,1,3.12347269,0.0329704285
12912,12.912064,0,-0.0109901428,1,3.12318468,0.0329704285
12913,12.913050,0,-0.0109901428,1,3.12347269,0.0109901428
12914,12.914054,0,0.120880127,1,3.12347269,0.0329704285
12915,12.915050,0,0.120880127,1,3.12347269,0.0329704285
12916,12.916054,0,-0.142856598,1,3.12385607,0.0329704285
12917,12.917080,0,-0.142856598,1,3.12385607,0.0329704285
12918,12.918049,0,0.0549468994,1,1.54114723,0.0549468994
12919,12.919053,0,0.0549468994,1,3.12385607,0.0549468994
12920,12.920055,0,-0.142856598,1,3.12347269,-0.0109901428
12921,12.921053,0,-0.142856598,1,3.12318468,-0.252746582
12922,12.922057,0,0.252750397,1,3.12318468,-0.494506836
12923,12.923057,0,0.252750397,1,3.12318468,-0.538459778
12924,12.924051,0,0.142860413,1,3.12318468,-0.516483307
12925,12.925052,0,0.142860413,1,3.12203455,-0.47252655
12926,12.926054,0,-0.186813354,1,3.12203455,-0.47252655
12927,12.927051,0,-0.186813354,1,3.1216507,-0.450550079
12928,12.928053,0,-0.0769233704,1,3.1216507,-0.406593323
12929,12.929050,0,-0.0769233704,1,3.12126732,-0.340660095
12930,12.930052,0,-0.0109901428,1,1.5408597,-0.0988998413
12931,12.931057,0,-0.0109901428,1,3.1216507,-0.274726868
12932,12.932051,0,0.0109901428,1,3.12088394,-0.252746582
12933,12.933107,0,0.0109901428,1,3.12011671,-0.428569794
12934,12.934050,0,-0.0769233704,1,3.12088394,-0.296703339
12935,12.935055,0,-0.0769233704,1,3.12050056,-0.230770111
12936,12.936053,0,-0.0109901428,1,3.12050056,-0.142856598
12937,12.937054,0,-0.0109901428,1,3.12011671,-0.0988998413
12938,12.938052,0,0.142860413,1,3.12050056,-0.0988998413
12939,12.939064,0,0.142860413,1,3.12126732,-0.0549468994
12940,12.940051,0,0.0109901428,1,3.12050056,0.0549468994
12941,12.941057,0,0.0109901428,1,3.12011671,0.0549468994
12942,12.942051,0,0.0109901428,1,1.54143476,0.0549468994
12943,12.943056,0,0.0109901428,1,3.12126732,0.098903656
12944,12.944058,0,-0.0988998413,1,3.12088394,0.120880127
12945,12.945056,0,-0.0988998413,1,3.12011671,-0.0329666138
12946,12.946053,0,-0.0329666138,1,3.12126732,0.0549468994
12947,12.947055,0,-0.0329666138,1,3.12126732,0.142860413
12948,12.948052,0,-0.0329666138,1,3.12126732,0.20879364
12949,12.949054,0,-0.0329666138,1,3.12088394,0.20879364
12950,12.950051,0,-0.0549468994,1,3.1216507,0.164836884
12951,12.951052,0,-0.0549468994,1,3.12203455,0.20879364
12952,12.952055,0,0.0109901428,1,3.1216507,0.252750397
12953,12.953056,0,0.0109901428,1,3.1216507,0.252750397
12954,12.954052,0,-0.120880127,1,3.12203455,0.230770111
12955,12.955063,0,-0.120880127,1,3.12241793,0.230770111
12956,12.956049,0,-0.0549468994,1,3.12203455,0.252750397
12957,12.957054,0,-0.0549468994,1,3.12203455,0.230770111
12958,12.958055,0,-0.274726868,1,3.12203455,0.186817169
12959,12.959051,0,-0.274726868,1,3.1228013,0.186817169
12960,12.960052,0,-0.164836884,1,3.12241793,0.186817169
12961,12.961056,0,-0.164836884,1,3.12241793,0.164836884
12962,12.962050,0,0.098903656,1,3.1228013,0.142860413
12963,12.963054,0,0.098903656,1,3.12318468,0.142860413
12964,12.964055,0,0.120880127,1,3.12318468,0.142860413
12965,12.965055,0,0.120880127,1,3.12318468,0.164836884
12966,12.966062,0,-0.186813354,1,3.1228013,0.142860413
12967,12.967056,0,-0.186813354,1,3.12347269,0.120880127
12968,12.968052,0,0.0549468994,1,3.12318468,0.120880127
12969,12.969053,0,0.0549468994,1,3.12318468,0.098903656
12970,12.970050,0,-0.0769233704,1,3.12318468,0.0769271851
12971,12.971051,0,-0.0769233704,1,3.12347269,0.0549468994
12972,12.972055,0,-0.0549468994,1,3.12347269,0.0769271851
12973,12.973056,0,-0.0549468994,1,3.12347269,0.0549468994
12974,12.974053,0,0.120880127,1,3.12347269,0.0329704285
12975,12.975057,0,0.120880127,1,3.12385607,0.0329704285
12976,12.976053,0,-0.0769233704,1,3.12347269,0.0549468994
12977,12.977062,0,-0.0769233704,1,3.12347269,0.0329704285
12978,12.978056,0,0.0329704285,1,3.12347269,0.0329704285
12979,12.979053,0,0.0329704285,1,3.12347269,0.0329704285
12980,12.980054,0,-0.252746582,1,3.12347269,0.0329704285
12981,12.981051,0,-0.252746582,1,3.12347269,0.0329704285
12982,12.982052,0,0.0769271851,1,3.12347269,0.0109901428
12983,12.983056,0,0.0769271851,1,3.12347269,0.0109901428
12984,12.984057,0,-0.186813354,1,3.12385607,0.0109901428
12985,12.985056,0,-0.186813354,1,3.12385607,0.0109901428
12986,12.986050,0,-0.142856598,1,3.12385607,0.0109901428
12987,12.987055,0,-0.142856598,1,3.12347269,0.0109901428
12988,12.988062,0,-0.142856598,1,1.54143476,0.340660095
12989,12.989057,0,-0.142856598,1,3.12347269,0.0109901428
12990,12.990054,0,-0.340660095,1,3.12347269,-0.0549468994
12991,12.991056,0,-0.340660095,1,3.12318468,-0.230770111
12992,12.992062,0,0.0109901428,1,3.12385607,-0.0988998413
12993,12.993056,0,0.0109901428,1,3.12385607,-0.0549468994
12994,12.994054,0,0.098903656,1,3.12347269,-0.0109901428
12995,12.995051,0,0.098903656,1,3.12347269,-0.0109901428
12996,12.996056,0,-0.0109901428,1,3.12385607,-0.0329666138
12997,12.997050,0,-0.0109901428,1,3.12385607,0.0109901428
12998,12.998055,0,-0.0329666138,1,3.12385607,0.0329704285
12999,12.999061,0,-0.0329666138,1,3.12347269,0.0549468994
13000,13.000056,0,0.098903656,1,1.54133892,0.0329704285
13001,13.001053,0,0.098903656,1,3.12385607,0.0549468994
13002,13.002055,0,0.0549468994,1,3.12385607,0.0109901428
13003,13.003052,0,0.0549468994,1,3.12347269,-0.230770111
13004,13.004054,0,0.0329704285,1,3.12318468,-0.450550079
13005,13.005054,0,0.0329704285,1,3.12385607,-0.47252655
13006,13.006056,0,0.0109901428,1,3.12318468,-0.428569794
13007,13.007053,0,0.0109901428,1,3.12241793,-0.406593323
13008,13.008055,0,0.0549468994,1,3.12203455,-0.428569794
13009,13.009052,0,0.0549468994,1,3.12241793,-0.428569794
13010,13.010060,0,-0.142856598,1,3.12203455,-0.362636566
13011,13.011054,0,-0.142856598,1,3.12126732,-0.296703339
13012,13.012052,0,-0.0769233704,1,3.1216507,-0.296703339
13013,13.013054,0,-0.0769233704,1,3.1216507,-0.252746582
13014,13.014051,0,-0.142856598,1,3.1216507,-0.208789825
13015,13.015056,0,-0.142856598,1,3.12126732,-0.164836884
13016,13.016052,0,-0.0329666138,1,3.12126732,-0.120880127
13017,13.017052,0,-0.0329666138,1,3.12126732,-0.0988998413
13018,13.018056,0,0.20879364,1,3.1216507,-0.0329666138
13019,13.019057,0,0.20879364,1,3.1216507,0.0109901428
13020,13.020053,0,0.0549468994,1,3.1216507,0.0549468994
13021,13.021064,0,0.0549468994,1,3.12203455,0.098903656
13022,13.022051,0,-0.0549468994,1,3.1216507,0.120880127
13023,13.023055,0,-0.0549468994,1,3.1216507,0.164836884
13024,13.024056,0,-0.164836884,1,3.12203455,0.142860413
13025,13.025055,0,-0.164836884,1,3.12241793,0.164836884
13026,13.026056,0,0.0109901428,1,3.12241793,0.186817169
13027,13.027053,0,0.0109901428,1,3.12241793,0.186817169
13028,13.028054,0,0.0109901428,1,3.12241793,0.186817169
13029,13.029051,0,0.0109901428,1,3.12241793,0.186817169
13030,13.030052,0,0.0109901428,1,3.1228013,0.186817169
13031,13.031056,0,0.0109901428,1,3.12241793,0.186817169
13032,13.032060,0,-0.0988998413,1,3.12241793,0.164836884
13033,13.033053,0,-0.0988998413,1,3.1228013,0.142860413
13034,13.034159,0,-0.164836884,1,3.1228013,0.120880127
13035,13.035056,0,-0.164836884,1,3.1228013,0.120880127
13036,13.036184,0,0.0769271851,1,3.1228013,0.120880127
13037,13.037105,0,0.0769271851,1,3.12318468,0.098903656
13038,13.038220,0,-0.0988998413,1,3.1228013,0.098903656
13039,13.039077,0,-0.0988998413,1,3.12318468,0.098903656
13040,13.040055,0,-0.31867981,1,3.12318468,0.098903656
13041,13.041056,0,-0.31867981,1,3.12318468,0.0769271851
13042,13.042104,0,0.186817169,1,3.12318468,0.0769271851
13043,13.043056,0,0.186817169,1,3.12318468,0.0769271851
13044,13.044049,0,0.0109901428,1,3.12318468,0.0769271851
13045,13.045049,0,0.0109901428,1,3.12318468,0.0549468994
13046,13.046050,0,-0.142856598,1,1.54124308,0.230770111
13047,13.047054,0,-0.142856598,1,3.12318468,0.0329704285
13048,13.048055,0,0.0769271851,1,3.12318468,-0.0329666138
13049,13.049052,0,0.0769271851,1,3.1228013,-0.208789825
13050,13.050063,0,0.252750397,1,3.12347269,-0.0988998413
13051,13.051052,0,0.252750397,1,3.12318468,-0.0329666138
13052,13.052054,0,0.230770111,1,3.1228013,0.0109901428
13053,13.053079,0,0.230770111,1,3.1228013,-0.0109901428
13054,13.054055,0,-0.164836884,1,3.12318468,-0.0329666138
13055,13.055052,0,-0.164836884,1,3.12318468,-0.0109901428
13056,13.056050,0,0.098903656,1,3.12318468,0.0109901428
13057,13.057051,0,0.098903656,1,3.12318468,0.0109901428
13058,13.058056,0,0.098903656,1,1.54076385,-0.296703339
13059,13.059050,0,0.098903656,1,3.12347269,0.0549468994
13060,13.060055,0,-0.0329666138,1,3.12318468,0.0329704285
13061,13.061050,0,-0.0329666138,1,3.1228013,-0.230770111
13062,13.062055,0,-0.164836884,1,3.12241793,-0.47252655
13063,13.063057,0,-0.164836884,1,3.12318468,-0.516483307
13064,13.064054,0,0.0549468994,1,3.12241793,-0.428569794
13065,13.065058,0,0.0549468994,1,3.12203455,-0.406593323
13066,13.066053,0,0.120880127,1,3.1216507,-0.406593323
13067,13.067050,0,0.120880127,1,3.1216507,-0.384616852
13068,13.068052,0,0.098903656,1,3.1216507,-0.340660095
13069,13.069049,0,0.098903656,1,3.12050056,-0.296703339
13070,13.070051,0,-0.0549468994,1,1.54105139,0.0549468994
13071,13.071056,0,-0.0549468994,1,3.12088394,-0.252746582
13072,13.072050,0,-0.274726868,1,3.12050056,-0.230770111
13073,13.073055,0,-0.274726868,1,3.11973333,-0.450550079
13074,13.074049,0,-0.0988998413,1,3.12050056,-0.340660095
13075,13.075049,0,-0.0988998413,1,3.12088394,-0.252746582
13076,13.076058,0,-0.0769233704,1,3.11973333,-0.120880127
13077,13.077053,0,-0.0769233704,1,3.11973333,-0.120880127
13078,13.078050,0,-0.0769233704,1,3.11973333,-0.120880127
13079,13.079052,0,-0.0769233704,1,3.12011671,-0.0769233704
13080,13.080049,0,0.186817169,1,3.12011671,-0.0109901428
13081,13.081051,0,0.186817169,1,3.11973333,0.0329704285
13082,13.082055,0,0.0329704285,1,3.12011671,0.0329704285
13083,13.083055,0,0.0329704285,1,3.12050056,0.0549468994
13084,13.084051,0,0.20879364,1,3.12011671,0.120880127
13085,13.085055,0,0.20879364,1,3.11973333,0.142860413
13086,13.086052,0,0.098903656,1,3.12050056,0.120880127
13087,13.087063,0,0.098903656,1,3.12088394,0.142860413
13088,13.088049,0,0.0549468994,1,3.12050056,0.186817169
13089,13.089054,0,0.0549468994,1,3.12050056,0.186817169
13090,13.090055,0,-0.120880127,1,3.12050056,0.186817169
13091,13.091051,0,-0.120880127,1,3.12088394,0.186817169
13092,13.092052,0,-0.274726868,1,3.12088394,0.186817169
13093,13.093057,0,-0.274726868,1,3.12088394,0.186817169
13094,13.094050,0,0.164836884,1,3.12088394,0.186817169
13095,13.095057,0,0.164836884,1,3.12126732,0.186817169
13096,13.096050,0,0.0109901428,1,3.12126732,0.20879364
13097,13.097079,0,0.0109901428,1,3.12126732,0.186817169
13098,13.098064,0,0.0329704285,1,3.12126732,0.164836884
13099,13.099050,0,0.0329704285,1,3.12203455,0.142860413
13100,13.100054,0,-0.0769233704,1,3.1216507,0.164836884
13101,13.101055,0,-0.0769233704,1,3.12203455,0.142860413
13102,13.102061,0,-0.164836884,1,3.12126732,0.142860413
13103,13.103054,0,-0.164836884,1,3.1216507,0.120880127
13104,13.104051,0,0.142860413,1,3.1216507,0.120880127
13105,13.105054,0,0.142860413,1,3.12203455,0.098903656
13106,13.106051,0,-0.0109901428,1,3.12203455,0.098903656
13107,13.107052,0,-0.0109901428,1,3.12203455,0.0769271851
13108,13.108056,0,-0.0988998413,1,3.12203455,0.0769271851
13109,13.109058,0,-0.0988998413,1,3.12203455,0.0549468994
13110,13.110051,0,0.0549468994,1,3.12241793,0.0549468994
13111,13.111055,0,0.0549468994,1,3.12203455,0.0549468994
13112,13.112057,0,-0.0549468994,1,3.12203455,0.0329704285
13113,13.113053,0,-0.0549468994,1,3.12203455,0.0109901428
13114,13.114054,0,-0.0329666138,1,3.12241793,0.0109901428
13115,13.115053,0,-0.0329666138,1,3.12203455,-0.0109901428
13116,13.116054,0,-0.0329666138,1,1.5408597,-0.208789825
13117,13.117052,0,-0.0329666138,1,3.12241793,-0.0109901428
13118,13.118054,0,-0.230770111,1,3.12203455,-0.0549468994
13119,13.119051,0,-0.230770111,1,3.1216507,-0.208789825
13120,13.120064,0,-0.0329666138,1,3.12241793,-0.0988998413
13121,13.121051,0,-0.0329666138,1,3.12241793,-0.0329666138
13122,13.122056,0,0.0109901428,1,3.1216507,0.0109901428
13123,13.123050,0,0.0109901428,1,3.12203455,-0.0109901428
13124,13.124055,0,0.142860413,1,3.12241793,-0.0109901428
13125,13.125052,0,0.142860413,1,3.12241793,0.0109901428
13126,13.126050,0,0.0549468994,1,3.12203455,0.0329704285
13127,13.127051,0,0.0549468994,1,3.12203455,0.0109901428
13128,13.128056,0,-0.208789825,1,1.54095554,0.340660095
13129,13.129050,0,-0.208789825,1,3.12241793,0.0329704285
13130,13.130055,0,0.120880127,1,3.12203455,0.0109901428
13131,13.131059,0,0.120880127,1,3.12126732,-0.252746582
13132,13.132054,0,0.0769271851,1,3.12126732,-0.516483307
13133,13.133051,0,0.0769271851,1,3.12203455,-0.538459778
13134,13.134053,0,-0.0109901428,1,3.12126732,-0.47252655
13135,13.135053,0,-0.0109901428,1,3.12050056,-0.428569794
13136,13.136055,0,-0.0109901428,1,3.12050056,-0.428569794
13137,13.137052,0,-0.0109901428,1,3.12050056,-0.428569794
13138,13.138054,0,-0.0769233704,1,3.12011671,-0.384616852
13139,13.139051,0,-0.0769233704,1,3.11973333,-0.31867981
13140,13.140053,0,-0.0549468994,1,3.11934996,-0.296703339
13141,13.141115,0,-0.0549468994,1,3.11973333,-0.274726868
13142,13.142052,0,-0.186813354,1,3.11973333,-0.208789825
13143,13.143055,0,-0.186813354,1,3.11896658,-0.164836884
13144,13.144052,0,-0.0769233704,1,3.11896658,-0.142856598
13145,13.145056,0,-0.0769233704,1,3.11934996,-0.142856598
13146,13.146054,0,0.186817169,1,3.11934996,-0.0769233704
13147,13.147055,0,0.186817169,1,3.11896658,-0.0329666138
13148,13.148050,0,0.0109901428,1,3.11934996,0.0109901428
13149,13.149051,0,0.0109901428,1,3.11973333,0.0329704285
13150,13.150055,0,-0.0109901428,1,3.11934996,0.098903656
13151,13.151056,0,-0.0109901428,1,3.11934996,0.098903656
13152,13.152083,0,-0.0988998413,1,3.11934996,0.120880127
13153,13.153056,0,-0.0988998413,1,3.11973333,0.120880127
13154,13.154050,0,-0.142856598,1,3.11973333,0.142860413
13155,13.155049,0,-0.142856598,1,3.11973333,0.164836884
13156,13.156051,0,-0.208789825,1,3.11973333,0.186817169
13157,13.157055,0,-0.208789825,1,3.11973333,0.164836884
13158,13.158059,0,0.230770111,1,3.11973333,0.186817169
13159,13.159051,0,0.230770111,1,3.12011671,0.164836884
13160,13.160051,0,0.142860413,1,3.12011671,0.164836884
13161,13.161051,0,0.142860413,1,3.12011671,0.164836884
13162,13.162056,0,0.0329704285,1,3.12050056,0.142860413
13163,13.163060,0,0.0329704285,1,3.12050056,0.142860413
13164,13.164053,0,-0.0769233704,1,3.12011671,0.120880127
13165,13.165053,0,-0.0769233704,1,3.12088394,0.120880127
13166,13.166054,0,-0.0329666138,1,3.12088394,0.120880127
13167,13.167051,0,-0.0329666138,1,3.12050056,0.120880127
13168,13.168052,0,-0.384616852,1,3.12088394,0.120880127
13169,13.169056,0,-0.384616852,1,3.12088394,0.120880127
13170,13.170057,0,0.0329704285,1,3.12088394,0.120880127
13171,13.171053,0,0.0329704285,1,3.12088394,0.098903656
13172,13.172054,0,0.0109901428,1,3.12088394,0.0769271851
13173,13.173109,0,0.0109901428,1,3.12088394,0.0769271851
13174,13.174057,0,0.0549468994,1,1.54133892,0.230770111
13175,13.175053,0,0.0549468994,1,3.12088394,0.0549468994
13176,13.176050,0,0.0109901428,1,3.12088394,-0.0109901428
13177,13.177051,0,0.0109901428,1,3.12011671,-0.186813354
13178,13.178055,0,0.0769271851,1,3.12088394,-0.0769233704
13179,13.179056,0,0.0769271851,1,3.12088394,-0.0329666138
13180,13.180052,0,0.0769271851,1,3.12050056,0.0109901428
13181,13.181054,0,0.0769271851,1,3.12088394,-0.0109901428
13182,13.182051,0,-0.0988998413,1,3.12126732,-0.0109901428
13183,13.183052,0,-0.0988998413,1,3.12088394,0.0109901428
13184,13.184063,0,0.0769271851,1,3.12088394,0.0549468994
13185,13.185051,0,0.0769271851,1,3.12088394,0.0329704285
13186,13.186053,0,0.0109901428,1,1.54105139,0.120880127
13187,13.187050,0,0.0109901428,1,3.1216507,0.0769271851
13188,13.188052,0,-0.186813354,1,3.12126732,0.0549468994
13189,13.189049,0,-0.186813354,1,3.12050056,-0.208789825
13190,13.190051,0,0.142860413,1,3.1216507,-0.142856598
13191,13.191056,0,0.142860413,1,3.1216507,-0.0769233704
13192,13.192050,0,-0.164836884,1,3.12088394,-0.0109901428
13193,13.193055,0,-0.164836884,1,3.12088394,-0.0109901428
13194,13.194049,0,0.0549468994,1,3.12126732,-0.0549468994
13195,13.195061,0,0.0549468994,1,3.1216507,-0.0109901428
13196,13.196055,0,0.120880127,1,3.12088394,0.0329704285
13197,13.197053,0,0.120880127,1,3.12126732,0.0109901428
13198,13.198055,0,-0.0329666138,1,1.54133892,0.0109901428
13199,13.199052,0,-0.0329666138,1,3.12203455,0.0329704285
13200,13.200054,0,-0.164836884,1,3.12126732,0.0549468994
13201,13.201051,0,-0.164836884,1,3.12050056,-0.208789825
13202,13.202053,0,0.164836884,1,3.12050056,-0.47252655
13203,13.203050,0,0.164836884,1,3.12050056,-0.494506836
13204,13.204052,0,0.20879364,1,3.12050056,-0.450550079
13205,13.205063,0,0.20879364,1,3.11934996,-0.428569794
13206,13.206056,0,-0.362636566,1,3.11934996,-0.428569794
13207,13.207050,0,-0.362636566,1,3.11973333,-0.428569794
13208,13.208055,0,-0.0549468994,1,3.11934996,-0.362636566
13209,13.209057,0,-0.0549468994,1,3.11858273,-0.31867981
13210,13.210054,0,-0.0329666138,1,3.11858273,-0.296703339
13211,13.211056,0,-0.0329666138,1,3.11858273,-0.274726868
13212,13.212053,0,0.0549468994,1,3.11858273,-0.208789825
13213,13.213058,0,0.0549468994,1,3.11781597,-0.142856598
13214,13.214051,0,0.384616852,1,3.11819935,-0.120880127
13215,13.215050,0,0.384616852,1,3.11819935,-0.0988998413
13216,13.216063,0,-0.0549468994,1,3.11858273,-0.0549468994
13217,13.217052,0,-0.0549468994,1,3.11819935,0.0109901428
13218,13.218053,0,0.0549468994,1,3.11819935,0.0329704285
13219,13.219050,0,0.0549468994,1,3.11858273,0.0329704285
13220,13.220051,0,-0.230770111,1,3.11858273,0.0769271851
13221,13.221055,0,-0.230770111,1,3.11819935,0.098903656
13222,13.222057,0,-0.0109901428,1,3.11858273,0.120880127
13223,13.223053,0,-0.0109901428,1,3.11858273,0.120880127
13224,13.224054,0,0.0549468994,1,3.11858273,0.142860413
13225,13.225053,0,0.0549468994,1,3.11896658,0.142860413
13226,13.226054,0,0.0769271851,1,3.11896658,0.142860413
13227,13.227060,0,0.0769271851,1,3.11896658,0.142860413
13228,13.228054,0,-0.296703339,1,3.11934996,0.164836884
13229,13.229050,0,-0.296703339,1,3.11896658,0.186817169
13230,13.230051,0,0.0329704285,1,3.11934996,0.186817169
13231,13.231055,0,0.0329704285,1,3.11973333,0.164836884
13232,13.232057,0,0.098903656,1,3.11934996,0.186817169
13233,13.233053,0,0.098903656,1,3.11896658,0.164836884
13234,13.234054,0,-0.0109901428,1,3.11934996,0.142860413
13235,13.235053,0,-0.0109901428,1,3.11973333,0.120880127
13236,13.236054,0,0.164836884,1,3.11934996,0.120880127
13237,13.237120,0,0.164836884,1,3.11934996,0.098903656
13238,13.238054,0,-0.120880127,1,3.11973333,0.0769271851
13239,13.239056,0,-0.120880127,1,3.11973333,0.0769271851
13240,13.240052,0,-0.230770111,1,3.11973333,0.0549468994
13241,13.241053,0,-0.230770111,1,3.11934996,0.0549468994
13242,13.242050,0,-0.0549468994,1,3.11973333,0.0549468994
13243,13.243051,0,-0.0549468994,1,3.12011671,0.0329704285
13244,13.244055,0,-0.0988998413,1,1.54095554,-0.31867981
13245,13.245052,0,-0.0988998413,1,3.11973333,0.0329704285
13246,13.246056,0,-0.0769233704,1,3.11934996,-0.0329666138
13247,13.247049,0,-0.0769233704,1,3.11896658,-0.274726868
13248,13.248098,0,0.164836884,1,3.11896658,-0.516483307
13249,13.249049,0,0.164836884,1,3.11896658,-0.560440063
13250,13.250052,0,-0.296703339,1,3.11858273,-0.516483307
13251,13.251056,0,-0.296703339,1,3.11781597,-0.47252655
13252,13.252051,0,-0.0329666138,1,3.11743259,-0.47252655
13253,13.253056,0,-0.0329666138,1,3.11743259,-0.47252655
13254,13.254050,0,0.0329704285,1,3.11743259,-0.406593323
13255,13.255050,0,0.0329704285,1,3.11704874,-0.340660095
13256,13.256052,0,0.142860413,1,1.54105139,-0.31867981
13257,13.257049,0,0.142860413,1,3.11666536,-0.296703339
13258,13.258051,0,0.164836884,1,3.11666536,-0.274726868
13259,13.259065,0,0.164836884,1,3.11599445,-0.384616852
13260,13.260250,0,-0.0769233704,1,3.11628199,-0.252746582
13261,13.261106,0,-0.0769233704,1,3.11666536,-0.164836884
13262,13.262145,0,0.0329704285,1,3.11628199,-0.0769233704
13263,13.263122,0,0.0329704285,1,3.11599445,-0.0549468994
13264,13.264076,0,-0.164836884,1,3.11599445,-0.0329666138
13265,13.265147,0,-0.164836884,1,3.11628199,0.0109901428
13266,13.266050,0,-0.0109901428,1,3.11628199,0.0549468994
13267,13.267051,0,-0.0109901428,1,3.11599445,0.098903656
13268,13.268054,0,0.0109901428,1,3.11628199,0.0769271851
13269,13.269079,0,0.0109901428,1,3.11704874,0.120880127
13270,13.270054,0,0.0549468994,1,3.11666536,0.186817169
13271,13.271057,0,0.0549468994,1,3.11666536,0.186817169
13272,13.272054,0,0.0109901428,1,3.11704874,0.164836884
13273,13.273056,0,0.0109901428,1,3.11704874,0.186817169
13274,13.274053,0,-0.0988998413,1,3.11704874,0.186817169
13275,13.275050,0,-0.0988998413,1,3.11704874,0.20879364
13276,13.276055,0,-0.230770111,1,3.11704874,0.186817169
13277,13.277050,0,-0.230770111,1,3.11743259,0.164836884
13278,13.278054,0,0.0549468994,1,3.11743259,0.186817169
13279,13.279054,0,0.0549468994,1,3.11704874,0.186817169
13280,13.280060,0,0.0109901428,1,3.11743259,0.164836884
13281,13.281057,0,0.0109901428,1,3.11743259,0.164836884
13282,13.282051,0,0.0549468994,1,3.11781597,0.164836884
13283,13.283055,0,0.0549468994,1,3.11781597,0.142860413
13284,13.284056,0,-0.164836884,1,3.11781597,0.142860413
13285,13.285056,0,-0.164836884,1,3.11781597,0.120880127
13286,13.286057,0,-0.164836884,1,3.11781597,0.098903656
13287,13.287053,0,-0.164836884,1,3.11781597,0.098903656
13288,13.288054,0,0.0769271851,1,3.11781597,0.0769271851
13289,13.289050,0,0.0769271851,1,3.11781597,0.0549468994
13290,13.290051,0,-0.0988998413,1,3.11781597,0.0549468994
13291,13.291064,0,-0.0988998413,1,3.11781597,0.0549468994
13292,13.292050,0,0.120880127,1,3.11819935,0.0329704285
13293,13.293054,0,0.120880127,1,3.11819935,0.0549468994
13294,13.294056,0,-0.186813354,1,3.11819935,0.0549468994
13295,13.295055,0,-0.186813354,1,3.11858273,0.0329704285
13296,13.296056,0,0.318683624,1,3.11858273,0.0329704285
13297,13.297053,0,0.318683624,1,3.11819935,0.0549468994
13298,13.298054,0,0.164836884,1,3.11819935,0.0549468994
13299,13.299050,0,0.164836884,1,3.11819935,0.0329704285
13300,13.300051,0,-0.230770111,1,3.11858273,0.0329704285
13301,13.301070,0,-0.230770111,1,3.11858273,0.0329704285
13302,13.302054,0,-0.164836884,1,1.54124308,0.0329704285
13303,13.303055,0,-0.164836884,1,3.11858273,0.0329704285
13304,13.304051,0,-0.0988998413,1,3.11819935,-0.0329666138
13305,13.305055,0,-0.0988998413,1,3.11743259,-0.296703339
13306,13.306052,0,0.0329704285,1,3.11819935,-0.230770111
13307,13.307053,0,0.0329704285,1,3.11819935,-0.186813354
13308,13.308057,0,0.164836884,1,3.11743259,-0.142856598
13309,13.309050,0,0.164836884,1,3.11743259,-0.142856598
13310,13.310055,0,-0.0109901428,1,3.11781597,-0.120880127
13311,13.311055,0,-0.0109901428,1,3.11819935,-0.0988998413
13312,13.312074,0,0.0329704285,1,3.11781597,-0.0329666138
13313,13.313055,0,0.0329704285,1,3.11781597,-0.0329666138
13314,13.314050,0,-0.0109901428,1,1.54076385,-0.186813354
13315,13.315050,0,-0.0109901428,1,3.11819935,0.0109901428
13316,13.316052,0,0.0329704285,1,3.11781597,0.0109901428
13317,13.317057,0,0.0329704285,1,3.11781597,-0.164836884
13318,13.318051,0,-0.0109901428,1,3.11819935,-0.0329666138
13319,13.319056,0,-0.0109901428,1,3.11858273,0.0329704285
13320,13.320060,0,0.186817169,1,3.11781597,0.0769271851
13321,13.321055,0,0.186817169,1,3.11781597,0.0769271851
13322,13.322052,0,0.0109901428,1,3.11858273,0.0549468994
13323,13.323060,0,0.0109901428,1,3.11896658,0.0769271851
13324,13.324055,0,0.142860413,1,3.11819935,0.120880127
13325,13.325056,0,0.142860413,1,3.11819935,0.098903656
13326,13.326050,0,-0.0109901428,1,1.54124308,0.0769271851
13327,13.327055,0,-0.0109901428,1,3.11896658,0.098903656
13328,13.328057,0,-0.230770111,1,3.11858273,0.098903656
13329,13.329054,0,-0.230770111,1,3.11781597,-0.164836884
13330,13.330056,0,0.142860413,1,3.11896658,-0.0769233704
13331,13.331053,0,0.142860413,1,3.11896658,-0.0549468994
13332,13.332055,0,0.142860413,1,3.11819935,0.0329704285
13333,13.333087,0,0.142860413,1,3.11819935,0.0109901428
13334,13.334054,0,-0.120880127,1,3.11858273,-0.0329666138
13335,13.335052,0,-0.120880127,1,3.11896658,-0.0109901428
13336,13.336056,0,0.120880127,1,3.11819935,0.0549468994
13337,13.337050,0,0.120880127,1,3.11819935,0.0329704285
13338,13.338055,0,0.0769271851,1,3.11858273,-0.0109901428
13339,13.339049,0,0.0769271851,1,3.11896658,0.0109901428
13340,13.340054,0,-0.274726868,1,3.11819935,0.0549468994
13341,13.341057,0,-0.274726868,1,3.11819935,0.0549468994
13342,13.342054,0,-0.0549468994,1,3.11819935,0.0329704285
13343,13.343056,0,-0.0549468994,1,3.11858273,0.0329704285
13344,13.344059,0,-0.120880127,1,3.11858273,0.0549468994
13345,13.345054,0,-0.120880127,1,3.11858273,0.0549468994
13346,13.346055,0,0.0769271851,1,3.11896658,0.0329704285
13347,13.347051,0,0.0769271851,1,3.11934996,0.0549468994
13348,13.348052,0,0.0109901428,1,3.11896658,0.098903656
13349,13.349057,0,0.0109901428,1,3.11858273,0.0769271851
13350,13.350050,0,0.0109901428,1,3.11896658,0.0549468994
13351,13.351054,0,0.0109901428,1,3.11934996,0.0549468994
13352,13.352055,0,0.0109901428,1,3.11896658,0.0769271851
13353,13.353052,0,0.0109901428,1,3.11896658,0.0549468994
13354,13.354053,0,-0.0109901428,1,3.11896658,0.0329704285
13355,13.355078,0,-0.0109901428,1,3.11934996,0.0329704285
13356,13.356054,0,-0.252746582,1,3.11896658,0.0549468994
13357,13.357056,0,-0.252746582,1,3.11934996,0.0549468994
13358,13.358052,0,0.0329704285,1,3.11934996,0.0549468994
13359,13.359053,0,0.0329704285,1,3.11896658,0.0549468994
13360,13.360056,0,0.0109901428,1,3.11934996,0.0329704285
13361,13.361054,0,0.0109901428,1,3.11934996,0.0329704285
13362,13.362056,0,0.186817169,1,3.11934996,0.0329704285
13363,13.363052,0,0.186817169,1,3.11896658,0.0329704285
13364,13.364053,0,-0.0988998413,1,3.11896658,0.0329704285
13365,13.365053,0,-0.0988998413,1,3.11896658,0.0109901428
