Frequency_Hz,Single_Sided_Peak_Amplitude_rad_per_s
0.000000000000000000e+00,6.326342189307402643e-04
7.481640239667683434e-02,2.744310370959557148e-03
1.496328047933536687e-01,4.359789381113206297e-03
2.244492071900305030e-01,1.956491023919405391e-03
2.992656095867073374e-01,5.807608566466718712e-03
3.740820119833841995e-01,1.017135162937017785e-02
4.488984143800610060e-01,8.442780453317706713e-03
5.237148167767378126e-01,6.522819823719972453e-03
5.985312191734146747e-01,4.606486106997939936e-03
6.733476215700915368e-01,1.030433123274707846e-02
7.481640239667683989e-01,9.450034838955177416e-03
8.229804263634451500e-01,1.328957617594340654e-02
8.977968287601220121e-01,1.574561228397279578e-02
9.726132311567988742e-01,7.735524128696632043e-03
1.047429633553475625e+00,1.306309381453716473e-02
1.122246035950152487e+00,1.389020467622603498e-02
1.197062438346829349e+00,9.256253629121757170e-03
1.271878840743506212e+00,5.878960161379204186e-03
1.346695243140183074e+00,3.600044771336812291e-03
1.421511645536859936e+00,1.835005017945541116e-03
1.496328047933536798e+00,4.074623097427997401e-03
1.571144450330213438e+00,1.933612665220685528e-03
1.645960852726890300e+00,7.451966319460417293e-03
1.720777255123567162e+00,8.350080408364992171e-03
1.795593657520244024e+00,6.696348524509129242e-03
1.870410059916920886e+00,8.093506599460906573e-03
1.945226462313597748e+00,6.843429029448142541e-03
2.020042864710274610e+00,7.461362257560619562e-03
2.094859267106951251e+00,3.121566615867760533e-03
2.169675669503628335e+00,5.572243980170091086e-03
2.244492071900304975e+00,1.145265304332526018e-02
2.319308474296982059e+00,8.458053751311948518e-03
2.394124876693658699e+00,3.892760350943702367e-03
2.468941279090335339e+00,1.494599763856462558e-02
2.543757681487012423e+00,1.491201652448254263e-02
2.618574083883689063e+00,1.162738811741930063e-02
2.693390486280366147e+00,9.986397441839038602e-03
2.768206888677042787e+00,2.658452244398389064e-03
2.843023291073719871e+00,3.907496204682408061e-03
2.917839693470396512e+00,6.370821643268483221e-03
2.992656095867073596e+00,3.292416799621923195e-04
3.067472498263750236e+00,6.490816865204117499e-03
3.142288900660426876e+00,1.043029469374526924e-02
3.217105303057103960e+00,4.556683294824481409e-03
3.291921705453780600e+00,3.419803440989056375e-03
3.366738107850457684e+00,7.890830792731923227e-03
3.441554510247134324e+00,7.576928249091385674e-03
3.516370912643811408e+00,7.371971722701237996e-03
3.591187315040488048e+00,4.687659306282503102e-03
3.666003717437164688e+00,3.548625485885299573e-03
3.740820119833841773e+00,7.240204049797653064e-03
3.815636522230518413e+00,5.284852020359602498e-03
3.890452924627195497e+00,7.663091154105008615e-03
3.965269327023872137e+00,7.263003269147249273e-03
4.040085729420549221e+00,6.772694417008185905e-03
4.114902131817226305e+00,8.495927150114197454e-03
4.189718534213902501e+00,6.063533510682855669e-03
4.264534936610579585e+00,1.503859593165939512e-03
4.339351339007256669e+00,8.000239394819610300e-03
4.414167741403932865e+00,1.676747596138379245e-02
4.488984143800609949e+00,1.401928417175575189e-02
4.563800546197287034e+00,6.765381790681617401e-03
4.638616948593964118e+00,1.740375924332868661e-03
4.713433350990640314e+00,8.336549026008534258e-03
4.788249753387317398e+00,7.194708497987352923e-03
4.863066155783994482e+00,3.265140724896425147e-03
4.937882558180670678e+00,1.067621793129280156e-02
5.012698960577347762e+00,1.186950380538944610e-02
5.087515362974024846e+00,8.087767164487101937e-03
5.162331765370701930e+00,1.419808247776493818e-03
5.237148167767378126e+00,4.091977812529240185e-03
5.311964570164055210e+00,6.852048179265861176e-03
5.386780972560732295e+00,7.909591976751791098e-03
5.461597374957408491e+00,1.664755581115908182e-03
5.536413777354085575e+00,2.808683650295023312e-03
5.611230179750762659e+00,1.018749181177566049e-02
5.686046582147439743e+00,1.223991760212078412e-03
5.760862984544115939e+00,1.888606913316414129e-02
5.835679386940793023e+00,1.579682918529492705e-02
5.910495789337470107e+00,9.961897166041363758e-03
5.985312191734147191e+00,7.343042418827281162e-03
6.060128594130823387e+00,4.958633433706513896e-03
6.134944996527500471e+00,4.180152718151668688e-03
6.209761398924177556e+00,3.105960283292941680e-03
6.284577801320853752e+00,3.266951915309303754e-03
6.359394203717530836e+00,4.858892340038869530e-03
6.434210606114207920e+00,1.054987308198532779e-02
6.509027008510885004e+00,8.830694026915570510e-03
6.583843410907561200e+00,7.068345557381675720e-03
6.658659813304238284e+00,1.008025572139607112e-02
6.733476215700915368e+00,1.010174202230729526e-02
6.808292618097591564e+00,3.551422883267452493e-03
6.883109020494268648e+00,1.122876920881541590e-02
6.957925422890945732e+00,7.415543011114673552e-03
7.032741825287622817e+00,7.607735593963545033e-03
7.107558227684299013e+00,9.234256890909465706e-03
7.182374630080976097e+00,1.503833789855564193e-02
7.257191032477653181e+00,2.497086439691971818e-02
7.332007434874329377e+00,1.204659738346424910e-02
7.406823837271006461e+00,9.823315872718974343e-03
7.481640239667683545e+00,8.065948288826523330e-03
7.556456642064360629e+00,2.780019730135919499e-03
7.631273044461036825e+00,7.692655287234762516e-03
7.706089446857713909e+00,1.020652045771859757e-02
7.780905849254390994e+00,2.912413679329227748e-02
7.855722251651067189e+00,2.663197554033755465e-02
7.930538654047744274e+00,7.614485121990148715e-03
8.005355056444420470e+00,7.147819732258017811e-03
8.080171458841098442e+00,9.417864405306551959e-03
8.154987861237774638e+00,1.036820874633318131e-02
8.229804263634452610e+00,6.063878360713422649e-03
8.304620666031128806e+00,1.508671297626943721e-02
8.379437068427805002e+00,2.120906103782036964e-02
8.454253470824482974e+00,1.203450228408159059e-02
8.529069873221159170e+00,1.778494970508967890e-02
8.603886275617835366e+00,1.678072833211995130e-02
8.678702678014513339e+00,1.334414560061366814e-02
8.753519080411189535e+00,9.650493176375191801e-03
8.828335482807865731e+00,6.600384363479427918e-03
8.903151885204543703e+00,1.096656471661592615e-02
8.977968287601219899e+00,3.212560053972933483e-03
9.052784689997896095e+00,7.527950155630469715e-03
9.127601092394574067e+00,1.381479341330120285e-02
9.202417494791250263e+00,9.311182985976074536e-03
9.277233897187928235e+00,5.869443211167208081e-03
9.352050299584604431e+00,2.342549865857258048e-03
9.426866701981280627e+00,1.264037392139081249e-02
9.501683104377958600e+00,1.180738614633968474e-02
9.576499506774634796e+00,1.014113582067407288e-02
9.651315909171310992e+00,1.248440663664495895e-02
9.726132311567988964e+00,7.453466403006267851e-03
9.800948713964665160e+00,1.256190433196580428e-02
9.875765116361341356e+00,9.117045862859565752e-03
9.950581518758019328e+00,7.551116126436629473e-03
1.002539792115469552e+01,1.322558015149549564e-02
1.010021432355137350e+01,3.088608937621358224e-03
1.017503072594804969e+01,6.754974471046846021e-03
1.024984712834472589e+01,1.112793668670493744e-02
1.032466353074140386e+01,4.846903485432948674e-03
1.039947993313808006e+01,3.447591016697598883e-03
1.047429633553475625e+01,1.549922666010824721e-02
1.054911273793143422e+01,2.477467754160164043e-02
1.062392914032811042e+01,2.442110342024942857e-02
1.069874554272478662e+01,2.188725740117420868e-02
1.077356194512146459e+01,8.802082744161105268e-03
1.084837834751814079e+01,3.396946559309607823e-03
1.092319474991481698e+01,4.689599277120590388e-03
1.099801115231149495e+01,1.075740323555139828e-02
1.107282755470817115e+01,1.788871788804810570e-02
1.114764395710484912e+01,2.346687524549971593e-02
1.122246035950152532e+01,2.272296443680639835e-02
1.129727676189820151e+01,1.857978626330384145e-02
1.137209316429487949e+01,9.024636062033143322e-03
1.144690956669155568e+01,3.542530492340415296e-03
1.152172596908823188e+01,1.089099432681614466e-02
1.159654237148490985e+01,1.699303073260071198e-02
1.167135877388158605e+01,2.375219578878278934e-02
1.174617517627826224e+01,2.199811716674522633e-02
1.182099157867494021e+01,9.170312248592006263e-03
1.189580798107161641e+01,7.239634425865198140e-03
1.197062438346829438e+01,4.444852444551710552e-03
1.204544078586497058e+01,2.888671918697269074e-03
1.212025718826164677e+01,1.927479465729274978e-03
1.219507359065832475e+01,9.022013447954356502e-03
1.226988999305500094e+01,8.846329149113863616e-03
1.234470639545167714e+01,5.609366391249643105e-03
1.241952279784835511e+01,8.808521180813792470e-03
1.249433920024503131e+01,1.150377930568229762e-02
1.256915560264170750e+01,5.307839162073539445e-03
1.264397200503838548e+01,1.014588076180789403e-03
1.271878840743506167e+01,3.332493322446034023e-03
1.279360480983173787e+01,1.023598622386440345e-02
1.286842121222841584e+01,8.028016243471351385e-03
1.294323761462509204e+01,1.452580242951789780e-02
1.301805401702177001e+01,1.570848721947602084e-02
1.309287041941844620e+01,2.994697793087341964e-02
1.316768682181512240e+01,3.250430897585256801e-02
1.324250322421180037e+01,1.699871193147612855e-02
1.331731962660847657e+01,1.258760586831283307e-02
1.339213602900515276e+01,1.502608565361810561e-02
1.346695243140183074e+01,1.203640332878786259e-02
1.354176883379850693e+01,1.629366009163387904e-02
1.361658523619518313e+01,1.565795444221243157e-02
1.369140163859186110e+01,8.017419479230363313e-03
1.376621804098853730e+01,1.784156291582026863e-02
1.384103444338521349e+01,1.811471408624999377e-02
1.391585084578189146e+01,1.342730875049674699e-02
1.399066724817856766e+01,1.361565860998135286e-02
1.406548365057524563e+01,2.034142907947368399e-03
1.414030005297192183e+01,1.258859370590376114e-02
1.421511645536859803e+01,5.298149777950409214e-03
1.428993285776527600e+01,3.188862665589777511e-03
1.436474926016195219e+01,1.204813916907142637e-02
1.443956566255862839e+01,1.773723884097049702e-02
1.451438206495530636e+01,1.636661598791265201e-02
1.458919846735198256e+01,8.032728511248872494e-03
1.466401486974865875e+01,5.986916253450953046e-03
1.473883127214533673e+01,1.667156796943470090e-02
1.481364767454201292e+01,1.834561505092421538e-02
1.488846407693869089e+01,9.430715691856449839e-03
1.496328047933536709e+01,8.308336008346073331e-03
1.503809688173204329e+01,2.131056075221712462e-02
1.511291328412872126e+01,1.246119793680618149e-02
1.518772968652539745e+01,8.765755540106865557e-03
1.526254608892207365e+01,1.740425310844254461e-02
1.533736249131875162e+01,1.339330139331708705e-02
1.541217889371542782e+01,8.573366068097406853e-03
1.548699529611210401e+01,1.335331832595897453e-02
1.556181169850878199e+01,9.771738706140047082e-02
1.563662810090545818e+01,1.409047327105922842e-01
1.571144450330213438e+01,5.435046273336660572e-02
1.578626090569881235e+01,1.669418061182631127e-02
1.586107730809548855e+01,1.168857647688123155e-02
1.593589371049216652e+01,8.664432944355163202e-03
1.601071011288884094e+01,5.748045820397956404e-03
1.608552651528551891e+01,1.185453651252140958e-02
1.616034291768219688e+01,1.421021942950204467e-02
1.623515932007887130e+01,5.005563903378178019e-03
1.630997572247554928e+01,1.008122155655952201e-02
1.638479212487222725e+01,1.381422849364305136e-02
1.645960852726890522e+01,1.348810832726636891e-02
1.653442492966557964e+01,1.223025653337878049e-02
1.660924133206225761e+01,1.787876506711764263e-02
1.668405773445893558e+01,1.448014420495232629e-02
1.675887413685561000e+01,8.318866200702899893e-03
1.683369053925228798e+01,9.514521746746518530e-03
1.690850694164896595e+01,9.640377328007898941e-03
1.698332334404564037e+01,3.793218076183197014e-03
1.705813974644231834e+01,6.329783318901403832e-03
1.713295614883899631e+01,1.285893617641723115e-02
1.720777255123567073e+01,1.102187076189817608e-02
1.728258895363234871e+01,1.596017969947345280e-02
1.735740535602902668e+01,1.633731498379417321e-02
1.743222175842570110e+01,1.476862770728471462e-02
1.750703816082237907e+01,1.537172446399980713e-02
1.758185456321905704e+01,4.817467105104065832e-03
1.765667096561573146e+01,8.113992631342700768e-03
1.773148736801240943e+01,4.538046132022674484e-03
1.780630377040908741e+01,1.162901454711269761e-03
1.788112017280576183e+01,1.521967396771358241e-02
1.795593657520243980e+01,1.927523958288329328e-02
1.803075297759911777e+01,9.871686713070095334e-03
1.810556937999579219e+01,1.398791938133557913e-02
1.818038578239247016e+01,1.068947471003936327e-02
1.825520218478914813e+01,1.160631628740319173e-02
1.833001858718582611e+01,1.065550455263237183e-02
1.840483498958250053e+01,5.955945956228837247e-03
1.847965139197917850e+01,6.864717294551157117e-03
1.855446779437585647e+01,6.642920278233961986e-03
1.862928419677253089e+01,3.690042514711354849e-03
1.870410059916920886e+01,1.017261175757657073e-02
1.877891700156588684e+01,1.450196699711919432e-02
1.885373340396256125e+01,4.806615342881703258e-03
1.892854980635923923e+01,5.598776298376422281e-03
1.900336620875591720e+01,1.038951789634993267e-02
1.907818261115259162e+01,1.679501302349297245e-02
1.915299901354926959e+01,1.451280152927448240e-02
1.922781541594594756e+01,8.202940551540929826e-03
1.930263181834262198e+01,1.138763182743475488e-02
1.937744822073929996e+01,4.458961686654398272e-03
1.945226462313597793e+01,5.235200678558285699e-03
1.952708102553265235e+01,7.710415767238535702e-03
1.960189742792933032e+01,9.787876197095833619e-03
1.967671383032600829e+01,7.998644181739279074e-03
1.975153023272268271e+01,5.935886136504327400e-03
1.982634663511936068e+01,7.703770356028708660e-03
1.990116303751603866e+01,1.038400811646867858e-02
1.997597943991271308e+01,1.277858503833834841e-02
2.005079584230939105e+01,1.169178936786659587e-02
2.012561224470606902e+01,1.341137404565888834e-02
2.020042864710274699e+01,1.448949848724011800e-02
2.027524504949942141e+01,1.474939251720898056e-02
2.035006145189609938e+01,2.002912519534873551e-02
2.042487785429277736e+01,1.819341678131328882e-02
2.049969425668945178e+01,7.649812610398899586e-03
2.057451065908612975e+01,1.215494353222029873e-03
2.064932706148280772e+01,4.029234562360763452e-03
2.072414346387948214e+01,1.399315798382328238e-02
2.079895986627616011e+01,1.742043787809393826e-02
2.087377626867283809e+01,5.936643730355838436e-03
2.094859267106951251e+01,1.043707752578506426e-02
2.102340907346619048e+01,6.646406338547587202e-03
2.109822547586286845e+01,2.095593023729921001e-03
2.117304187825954287e+01,5.050122399297946041e-03
2.124785828065622084e+01,7.416052925986420588e-03
2.132267468305289881e+01,7.656632186004327413e-03
2.139749108544957323e+01,1.565668610743564670e-02
2.147230748784625121e+01,5.312543106844101574e-03
2.154712389024292918e+01,6.010350821829393841e-03
2.162194029263960360e+01,3.691341943976496690e-03
2.169675669503628157e+01,5.837975089026766450e-03
2.177157309743295954e+01,1.008059794681599730e-02
2.184638949982963396e+01,4.551165053632927338e-03
2.192120590222631193e+01,4.296449490160052231e-03
2.199602230462298991e+01,1.104151728699922543e-02
2.207083870701966788e+01,1.176691295003781147e-02
2.214565510941634230e+01,8.224942711970377462e-03
2.222047151181302027e+01,1.103895459573199338e-02
2.229528791420969824e+01,5.761465612918737801e-03
2.237010431660637266e+01,6.532925878306430380e-03
2.244492071900305064e+01,4.000107499578756109e-03
2.251973712139972861e+01,1.287791362418833595e-02
2.259455352379640303e+01,9.401783429166112732e-03
2.266936992619308100e+01,9.664116782284527026e-04
2.274418632858975897e+01,7.073746925131544835e-03
2.281900273098643339e+01,9.918000741157239480e-03
2.289381913338311136e+01,1.425870225254780022e-02
2.296863553577978934e+01,6.094508870794771577e-03
2.304345193817646376e+01,5.858721517518270319e-03
2.311826834057314173e+01,5.749954594108242466e-03
2.319308474296981970e+01,9.291366136296042716e-03
2.326790114536649412e+01,1.085495122627724678e-02
2.334271754776317209e+01,1.120268458534380389e-02
2.341753395015985006e+01,2.670470019912174822e-02
2.349235035255652448e+01,1.935658424732801183e-02
2.356716675495320246e+01,5.506362841271378837e-03
2.364198315734988043e+01,8.311974899282177989e-03
2.371679955974655485e+01,1.457316544950241870e-02
2.379161596214323282e+01,1.389847357461916622e-02
2.386643236453991079e+01,6.115459232117368034e-03
2.394124876693658877e+01,5.419412076493139267e-03
2.401606516933326319e+01,4.127430265036808980e-04
2.409088157172994116e+01,3.271603924623423063e-03
2.416569797412661913e+01,1.307554176670979937e-02
2.424051437652329355e+01,9.720080885103002041e-03
2.431533077891997152e+01,7.145138331855567862e-03
2.439014718131664949e+01,2.007023886650151877e-03
2.446496358371332391e+01,7.405370592753719901e-03
2.453977998611000189e+01,4.183475418863290274e-03
2.461459638850667986e+01,7.320773082788737708e-03
2.468941279090335428e+01,1.042265508937139339e-02
2.476422919330003225e+01,5.409690576791102712e-03
2.483904559569671022e+01,4.356161982362025814e-03
2.491386199809338464e+01,8.079621150888250183e-03
2.498867840049006261e+01,4.786125854616683425e-03
2.506349480288674059e+01,6.384976484008322677e-03
2.513831120528341501e+01,8.381518905365583846e-03
2.521312760768009298e+01,2.164035251897359832e-02
2.528794401007677095e+01,2.096825645835870972e-02
2.536276041247344537e+01,4.624071883763866339e-03
2.543757681487012334e+01,6.435260706060153858e-03
2.551239321726680132e+01,2.124911268412778276e-03
2.558720961966347573e+01,2.413939207802511238e-03
2.566202602206015371e+01,5.512767201277849437e-03
2.573684242445683168e+01,3.154317994380400302e-03
2.581165882685350610e+01,4.600874584727056293e-03
2.588647522925018407e+01,5.536190939487526698e-03
2.596129163164686204e+01,1.183687056501996765e-02
2.603610803404354002e+01,5.058743041195840236e-03
2.611092443644021444e+01,1.746285212749629570e-02
2.618574083883689241e+01,1.627026035109539054e-02
2.626055724123357038e+01,1.458817629748374901e-02
2.633537364363024480e+01,1.440061551239177860e-02
2.641019004602692277e+01,6.285330503432770728e-03
2.648500644842360074e+01,8.866610531110742655e-03
2.655982285082027516e+01,4.952054319898808836e-03
2.663463925321695314e+01,7.972053679240103177e-03
2.670945565561363111e+01,1.001963403387328561e-02
2.678427205801030553e+01,9.886234158971371477e-03
2.685908846040698350e+01,1.389194680552193611e-02
2.693390486280366147e+01,1.664284933042740541e-02
2.700872126520033589e+01,8.815322724146125444e-03
2.708353766759701386e+01,1.435566463080791260e-03
2.715835406999369184e+01,3.248265693375720735e-03
2.723317047239036626e+01,1.130943678734579183e-02
2.730798687478704423e+01,2.013656695317495374e-02
2.738280327718372220e+01,1.719236853984443258e-02
2.745761967958039662e+01,3.810218519088022764e-03
2.753243608197707459e+01,6.464768930193459662e-03
2.760725248437375257e+01,1.218152946315016923e-03
2.768206888677042699e+01,8.621859504464883875e-03
2.775688528916710496e+01,4.093862099627759363e-03
2.783170169156378293e+01,7.521732751170148376e-03
2.790651809396046090e+01,7.200397335506807973e-03
2.798133449635713532e+01,3.461962548041922893e-03
2.805615089875381329e+01,8.641282487820181948e-03
2.813096730115049127e+01,4.489033431461207820e-03
2.820578370354716569e+01,4.576313645738281678e-03
2.828060010594384366e+01,1.549276802314838520e-03
2.835541650834052163e+01,8.446113524763787864e-03
2.843023291073719605e+01,8.580954267094173180e-03
2.850504931313387402e+01,5.046299348293275047e-03
2.857986571553055200e+01,8.336598537782381746e-03
2.865468211792722641e+01,4.764917809132728291e-03
2.872949852032390439e+01,4.448213321841002973e-03
2.880431492272058236e+01,1.389024793554995141e-02
2.887913132511725678e+01,1.160414168029604877e-02
2.895394772751393475e+01,3.495160377076306137e-03
2.902876412991061272e+01,4.241045995886437263e-03
2.910358053230728714e+01,8.811488754604012222e-03
2.917839693470396512e+01,7.374040683764618818e-03
2.925321333710064309e+01,1.753598440222641636e-03
2.932802973949731751e+01,1.099679700970106547e-02
2.940284614189399548e+01,2.181965754393861215e-02
2.947766254429067345e+01,1.745190451914462038e-02
2.955247894668734787e+01,1.068397306151574848e-02
2.962729534908402584e+01,1.167991054353388278e-02
2.970211175148070382e+01,5.682532097091311457e-04
2.977692815387738179e+01,6.350965687262416330e-03
2.985174455627405621e+01,5.247095949783075336e-03
2.992656095867073418e+01,3.178295462881868070e-03
3.000137736106741215e+01,8.460400164215107956e-04
3.007619376346408657e+01,4.476053514023411312e-03
3.015101016586076454e+01,5.443014871635255651e-03
3.022582656825744252e+01,2.301211882438160359e-03
3.030064297065411694e+01,3.380090259592474777e-03
3.037545937305079491e+01,1.064709927838963614e-02
3.045027577544747288e+01,9.252634896474076429e-03
3.052509217784414730e+01,3.265651089857846481e-03
3.059990858024082527e+01,1.051330418724726219e-02
3.067472498263750325e+01,1.551832965737799490e-02
3.074954138503417767e+01,7.384452143285851616e-03
3.082435778743085564e+01,1.571980914873689125e-03
3.089917418982753361e+01,5.158045873096542971e-03
3.097399059222420803e+01,4.148291212478321527e-03
3.104880699462088600e+01,1.745945980138768807e-03
3.112362339701756397e+01,4.404264731515165898e-03
3.119843979941423839e+01,2.342551055625558855e-03
3.127325620181091637e+01,6.901084141590360134e-03
3.134807260420759434e+01,1.535761926194793023e-03
3.142288900660426876e+01,7.696600089405374219e-03
3.149770540900094673e+01,4.062834592352545897e-03
3.157252181139762470e+01,1.114121793639277075e-02
3.164733821379430267e+01,8.464005754170294063e-03
3.172215461619097709e+01,3.009174898566831929e-03
3.179697101858765507e+01,5.918827861439128132e-03
3.187178742098433304e+01,2.801799343648151384e-03
3.194660382338100746e+01,3.739035882077077540e-03
3.202142022577768188e+01,2.953252460385670519e-03
3.209623662817435985e+01,4.992047848196432686e-03
3.217105303057103782e+01,4.087529353589421099e-03
3.224586943296771580e+01,8.300427170609477046e-03
3.232068583536439377e+01,2.413786760288963960e-03
3.239550223776107174e+01,2.562680523624146986e-03
3.247031864015774261e+01,3.069515647736548083e-03
3.254513504255442058e+01,1.538038970031529746e-03
3.261995144495109855e+01,2.739237230957231040e-03
3.269476784734777652e+01,2.142347738355464184e-03
3.276958424974445450e+01,8.303240132884621635e-03
3.284440065214113247e+01,6.025482287202384678e-03
3.291921705453781044e+01,3.050741059925172072e-03
3.299403345693448131e+01,6.566295612911706402e-03
3.306884985933115928e+01,7.799989582547557296e-03
3.314366626172783725e+01,8.431855381404181060e-03
3.321848266412451522e+01,5.942176743445488733e-03
3.329329906652119320e+01,6.550848948464989448e-03
3.336811546891787117e+01,5.255224477505903921e-03
3.344293187131454204e+01,5.677340755955966566e-03
3.351774827371122001e+01,1.007502895855925951e-02
3.359256467610789798e+01,9.738008485504627207e-03
3.366738107850457595e+01,4.291259611096861007e-03
3.374219748090125393e+01,5.393659159947915456e-03
3.381701388329793190e+01,3.626466790142293239e-03
3.389183028569460276e+01,1.987544516819037595e-03
3.396664668809128074e+01,3.921916639263096135e-04
3.404146309048795871e+01,2.822749360852573781e-03
3.411627949288463668e+01,2.374977572709761897e-03
3.419109589528131465e+01,4.506151971711798605e-03
3.426591229767799263e+01,7.439957882832699820e-03
3.434072870007466349e+01,6.451757454920781405e-03
3.441554510247134147e+01,1.783833474330479051e-03
3.449036150486801944e+01,7.418754392634087196e-03
3.456517790726469741e+01,7.656740247181739040e-03
3.463999430966137538e+01,6.331755195480292218e-03
3.471481071205805335e+01,6.989967537910106790e-03
3.478962711445473133e+01,2.643454986455631532e-03
3.486444351685140219e+01,9.162756878744390820e-03
3.493925991924808017e+01,6.542314681598874158e-03
3.501407632164475814e+01,5.329552805509813786e-03
3.508889272404143611e+01,8.267306373098640832e-03
3.516370912643811408e+01,6.285717731876906862e-03
3.523852552883479206e+01,8.697119917868733827e-03
3.531334193123146292e+01,5.373017656052156074e-03
3.538815833362814089e+01,5.293692465964634948e-03
3.546297473602481887e+01,7.278102960216603981e-03
3.553779113842149684e+01,2.747514299025831386e-03
3.561260754081817481e+01,4.003345612327262847e-03
3.568742394321485278e+01,2.707937008557056210e-03
3.576224034561152365e+01,8.439396358779502685e-03
3.583705674800820162e+01,9.007077452630966180e-03
3.591187315040487960e+01,6.059087280024534269e-03
3.598668955280155757e+01,8.385948137184486700e-03
3.606150595519823554e+01,8.049317374226979543e-03
3.613632235759491351e+01,5.350437270859917382e-03
3.621113875999158438e+01,4.561881835073400455e-03
3.628595516238826235e+01,4.430877785365126831e-03
3.636077156478494032e+01,8.021232087953548626e-03
3.643558796718161830e+01,8.026643156603247703e-03
3.651040436957829627e+01,4.395343251911233533e-03
3.658522077197497424e+01,1.597315800172974514e-03
3.666003717437165221e+01,2.005066039662190859e-03
3.673485357676832308e+01,6.252776525466791427e-03
3.680966997916500105e+01,6.564064600464832033e-03
3.688448638156167902e+01,7.252014116733453836e-03
3.695930278395835700e+01,5.155217707864353203e-03
3.703411918635503497e+01,3.688410744938249147e-03
3.710893558875171294e+01,4.070321191679299178e-03
3.718375199114838381e+01,4.367574928377511954e-03
3.725856839354506178e+01,5.256286581630621041e-03
3.733338479594173975e+01,1.975075035301828048e-03
3.740820119833841773e+01,4.008360692766888868e-03
3.748301760073509570e+01,9.655252831934047278e-03
3.755783400313177367e+01,1.581468728320637937e-02
3.763265040552844454e+01,1.129281144842064939e-02
3.770746680792512251e+01,3.199499756409129956e-03
3.778228321032180048e+01,2.010568233622246018e-03
3.785709961271847845e+01,2.353461645979687111e-03
3.793191601511515643e+01,3.501927716212477511e-03
3.800673241751183440e+01,3.823434596956361634e-03
3.808154881990850527e+01,4.875441733724633457e-03
3.815636522230518324e+01,3.687081976630627971e-03
3.823118162470186121e+01,3.607527480541300024e-03
3.830599802709853918e+01,3.143117392386385496e-03
3.838081442949521715e+01,4.993287812158933754e-03
3.845563083189189513e+01,3.040582408623058574e-03
3.853044723428857310e+01,1.216572290361012760e-03
3.860526363668524397e+01,1.898554392051186651e-03
3.868008003908192194e+01,5.051545597540380191e-03
3.875489644147859991e+01,3.869729550823263874e-03
3.882971284387527788e+01,3.225231792472755665e-03
3.890452924627195586e+01,3.924281302446461055e-03
3.897934564866863383e+01,9.714662098866304676e-03
3.905416205106530469e+01,2.216123954257343681e-02
3.912897845346198267e+01,1.279739305001777357e-02
3.920379485585866064e+01,3.799073736093440141e-03
3.927861125825533861e+01,3.051717186272005864e-03
3.935342766065201658e+01,3.514533393980916708e-03
3.942824406304869456e+01,5.022446455065708061e-03
3.950306046544536542e+01,3.191668152834380937e-03
3.957787686784204340e+01,3.532434655721364020e-03
3.965269327023872137e+01,9.335774699284895423e-03
3.972750967263539934e+01,5.935326274188471724e-03
3.980232607503207731e+01,1.573905037040148084e-03
3.987714247742875529e+01,4.319009266303004344e-03
3.995195887982542615e+01,4.465424262286639412e-03
4.002677528222210412e+01,2.073947427938655896e-03
4.010159168461878210e+01,2.389061339092243483e-03
4.017640808701546007e+01,1.523116617623036404e-03
4.025122448941213804e+01,3.829374567115204596e-03
4.032604089180881601e+01,2.855699837038291715e-03
4.040085729420549399e+01,1.853912401893199370e-03
4.047567369660216485e+01,2.529137263699019530e-03
4.055049009899884283e+01,1.123812067893396492e-03
4.062530650139552080e+01,4.000927317794842134e-03
4.070012290379219877e+01,5.278837653618407427e-03
4.077493930618887674e+01,5.493466745793163138e-03
4.084975570858555471e+01,1.366106624824028545e-02
4.092457211098222558e+01,1.303309679326949619e-02
4.099938851337890355e+01,6.723014922943058164e-03
4.107420491577558153e+01,2.492953933896755077e-03
4.114902131817225950e+01,2.680857782627224344e-03
4.122383772056893747e+01,4.301281485376490417e-03
4.129865412296561544e+01,1.656578654138822666e-03
4.137347052536228631e+01,1.813188710939484666e-03
4.144828692775896428e+01,5.561178871655395387e-03
4.152310333015564225e+01,1.906234182140501172e-03
4.159791973255232023e+01,4.248163284679132810e-03
4.167273613494899820e+01,4.453587391255311306e-03
4.174755253734567617e+01,4.673148785499108698e-03
4.182236893974234704e+01,2.152220550712593411e-03
4.189718534213902501e+01,5.179055926104507435e-03
4.197200174453570298e+01,5.663594732919803934e-03
4.204681814693238096e+01,1.534307468844819250e-03
4.212163454932905893e+01,2.203438307846806044e-03
4.219645095172573690e+01,3.240687510428970266e-03
4.227126735412241487e+01,3.040664396460608480e-03
4.234608375651908574e+01,1.578166933151666602e-03
4.242090015891576371e+01,4.621025474055307121e-03
4.249571656131244168e+01,4.976233809355218307e-03
4.257053296370911966e+01,4.671608057171347354e-03
4.264534936610579763e+01,4.837128467269651358e-03
4.272016576850247560e+01,4.584287148934787612e-04
4.279498217089914647e+01,1.577976321309008511e-03
4.286979857329582444e+01,5.024099829022136282e-03
4.294461497569250241e+01,9.496235337698893594e-03
4.301943137808918038e+01,8.743957082841874104e-03
4.309424778048585836e+01,2.882669951413092003e-03
4.316906418288253633e+01,2.361169396924771031e-03
4.324388058527920720e+01,3.372727454902599157e-04
4.331869698767588517e+01,4.823664505529829880e-03
4.339351339007256314e+01,5.581668193224715441e-03
4.346832979246924111e+01,5.568925542225887197e-03
4.354314619486591909e+01,3.828053239587375211e-03
4.361796259726259706e+01,1.142858308434961234e-03
4.369277899965926792e+01,3.320672991078312507e-03
4.376759540205594590e+01,4.143046647539390653e-04
4.384241180445262387e+01,4.297572542856707006e-03
4.391722820684930184e+01,1.391692184213761145e-03
4.399204460924597981e+01,5.904331611295053281e-03
4.406686101164265779e+01,3.251488526456473762e-03
4.414167741403933576e+01,3.720677744244075581e-03
4.421649381643600663e+01,4.664386557099997610e-03
4.429131021883268460e+01,2.797935002859226403e-03
4.436612662122936257e+01,3.682839644070412706e-03
4.444094302362604054e+01,2.195360397962949420e-03
4.451575942602271851e+01,3.449175445477212481e-03
4.459057582841939649e+01,1.500130384911329499e-03
4.466539223081606735e+01,2.417143348990396113e-03
4.474020863321274533e+01,3.799282423062441596e-03
4.481502503560942330e+01,8.478360441246130669e-04
4.488984143800610127e+01,3.186285611512239789e-03
4.496465784040277924e+01,7.523149163188431326e-03
4.503947424279945722e+01,1.312977040684001374e-02
4.511429064519612808e+01,9.242087217440375993e-03
4.518910704759280605e+01,3.295490275183749363e-03
4.526392344998948403e+01,3.135887943021864119e-03
4.533873985238616200e+01,1.749886338205939359e-03
4.541355625478283997e+01,7.064972951155591013e-04
4.548837265717951794e+01,9.222142724815432730e-04
4.556318905957618881e+01,2.042001179975170069e-03
4.563800546197286678e+01,5.886093824056788312e-03
4.571282186436954476e+01,5.490304772034326763e-03
4.578763826676622273e+01,2.017878959593392453e-03
4.586245466916290070e+01,2.420088567940939430e-03
4.593727107155957867e+01,3.265375061407844136e-03
4.601208747395625664e+01,4.903202378397265512e-03
4.608690387635292751e+01,1.389361711354792327e-03
4.616172027874960548e+01,2.281283279552789173e-03
4.623653668114628346e+01,5.919338998589280393e-03
4.631135308354296143e+01,5.438657860348060542e-03
4.638616948593963940e+01,1.701889675672547042e-03
4.646098588833631737e+01,2.459034159120839468e-03
4.653580229073298824e+01,4.563052608207149308e-03
4.661061869312966621e+01,2.720210010492709815e-03
4.668543509552634418e+01,3.222597401758742815e-03
4.676025149792302216e+01,2.362883131974209856e-03
4.683506790031970013e+01,1.981012502190046196e-02
4.690988430271637810e+01,2.050137849744286880e-02
4.698470070511304897e+01,1.389133866649523924e-03
4.705951710750972694e+01,7.025953356907370558e-03
4.713433350990640491e+01,3.041312263441460929e-03
4.720914991230308289e+01,3.852975368569863234e-03
4.728396631469976086e+01,3.690990852390991454e-03
4.735878271709643883e+01,2.113705690156850517e-03
4.743359911949310970e+01,2.485293128607448006e-03
4.750841552188978767e+01,3.973743692027232460e-03
4.758323192428646564e+01,3.552351365405216968e-03
4.765804832668314361e+01,1.658804187204761943e-03
4.773286472907982159e+01,2.951869618726548055e-03
4.780768113147649956e+01,3.251917387056377836e-03
4.788249753387317753e+01,1.642961582907661667e-03
4.795731393626984840e+01,2.458764209685538032e-03
4.803213033866652637e+01,1.130685735974852005e-03
4.810694674106320434e+01,1.952925980170120953e-03
4.818176314345988231e+01,2.578812495360044855e-03
4.825657954585656029e+01,4.146483556375757384e-03
4.833139594825323826e+01,3.526036132877033782e-03
4.840621235064990913e+01,3.108723392610472647e-03
4.848102875304658710e+01,2.962681219337819170e-03
4.855584515544326507e+01,3.090592035910538944e-03
4.863066155783994304e+01,1.555159706429596863e-03
4.870547796023662102e+01,2.367396940180661533e-03
4.878029436263329899e+01,2.357194008423877003e-03
4.885511076502996985e+01,2.211047441130448848e-03
4.892992716742664783e+01,2.647840379280491391e-03
4.900474356982332580e+01,3.694580603314519696e-03
4.907955997222000377e+01,4.056410999696633511e-03
4.915437637461668174e+01,3.262172833991491567e-03
4.922919277701335972e+01,1.030760605119486559e-03
4.930400917941003058e+01,2.035292200267241770e-03
4.937882558180670856e+01,7.570944816786230255e-04
4.945364198420338653e+01,2.583229944580527765e-03
4.952845838660006450e+01,5.180162008014753232e-03
4.960327478899674247e+01,5.082270894105607104e-03
4.967809119139342044e+01,3.122683090174668743e-03
4.975290759379009131e+01,3.737811812754487147e-03
4.982772399618676928e+01,5.218217045670771673e-03
4.990254039858344726e+01,6.449478439959059443e-03
4.997735680098012523e+01,6.368442524064572320e-03
5.005217320337680320e+01,6.016566290757781668e-03
5.012698960577348117e+01,7.001923479721301920e-03
5.020180600817015915e+01,6.118278736867157133e-03
5.027662241056683001e+01,1.943795392238128810e-03
5.035143881296350798e+01,2.141262301927147026e-03
5.042625521536018596e+01,3.080567718501995948e-03
5.050107161775686393e+01,5.155147545587269488e-03
5.057588802015354190e+01,2.002987015923139019e-03
5.065070442255021987e+01,4.183608292867602683e-03
5.072552082494689074e+01,5.269354559491391116e-03
5.080033722734356871e+01,4.485223159612024106e-03
5.087515362974024669e+01,4.698267564850195158e-03
5.094997003213692466e+01,1.890973515530137679e-03
5.102478643453360263e+01,4.321015295233870436e-03
5.109960283693028060e+01,3.138824011387881651e-03
5.117441923932695147e+01,1.832186404989467931e-03
5.124923564172362944e+01,2.444442265558643881e-03
5.132405204412030741e+01,1.690089683600304923e-03
5.139886844651698539e+01,3.247317936724808396e-03
5.147368484891366336e+01,2.772697852744644177e-03
5.154850125131034133e+01,1.781356781838474386e-03
5.162331765370701220e+01,4.009234378508155783e-03
5.169813405610369017e+01,2.713228425526180085e-03
5.177295045850036814e+01,1.765389305140741471e-03
5.184776686089704612e+01,1.197798582331561579e-03
5.192258326329372409e+01,7.479541381863282672e-04
5.199739966569040206e+01,1.734221491394554587e-03
5.207221606808708003e+01,4.831398070426412084e-04
5.214703247048375090e+01,2.142875736199986204e-03
5.222184887288042887e+01,3.124473933894195490e-03
5.229666527527710684e+01,3.819393862435646256e-03
5.237148167767378482e+01,7.080694921336838643e-03
5.244629808007046279e+01,4.926728736735374106e-03
5.252111448246714076e+01,3.479016933860165986e-03
5.259593088486381163e+01,2.777841004696957310e-03
5.267074728726048960e+01,4.200363145493576748e-03
5.274556368965716757e+01,3.435428577159835035e-03
5.282038009205384554e+01,3.115484877376231958e-03
5.289519649445052352e+01,3.126436403842603688e-03
5.297001289684720149e+01,3.506479684739900043e-03
5.304482929924387236e+01,2.881171398421529355e-03
5.311964570164055033e+01,4.486756038167028296e-03
5.319446210403722830e+01,4.828743706673508697e-03
5.326927850643390627e+01,2.303820740712575303e-03
5.334409490883058425e+01,2.791021278834811877e-03
5.341891131122726222e+01,3.149788354830840645e-03
5.349372771362393308e+01,1.969991532462854120e-03
5.356854411602061106e+01,8.385651300289299979e-04
5.364336051841728903e+01,3.553430583539334258e-03
5.371817692081396700e+01,3.944901739354077751e-03
5.379299332321064497e+01,1.596498591390998470e-03
5.386780972560732295e+01,3.583679582780328540e-03
5.394262612800400092e+01,2.482872835565472832e-03
5.401744253040067179e+01,1.100909118998704079e-03
5.409225893279734976e+01,3.120359064117323063e-03
5.416707533519402773e+01,3.659981723386502694e-03
5.424189173759070570e+01,1.446102399097701175e-03
5.431670813998738367e+01,3.943117755704506240e-03
5.439152454238406165e+01,3.644064454089753022e-03
5.446634094478073251e+01,2.136667295829719742e-03
5.454115734717741049e+01,2.350077914611723925e-04
5.461597374957408846e+01,6.135878824067656986e-03
5.469079015197076643e+01,1.227111234443808985e-02
5.476560655436744440e+01,5.522189952625844792e-03
5.484042295676412238e+01,2.482021228213448193e-03
5.491523935916079324e+01,5.831047809234828679e-04
5.499005576155747121e+01,2.702580786323035330e-03
5.506487216395414919e+01,2.489594073203923747e-03
5.513968856635082716e+01,1.654739149614758802e-04
5.521450496874750513e+01,5.353716585597237052e-03
5.528932137114418310e+01,6.936432672587844114e-03
5.536413777354085397e+01,1.782488887930769317e-03
5.543895417593753194e+01,5.176873670385516435e-03
5.551377057833420992e+01,5.826897992770981027e-03
5.558858698073088789e+01,3.008050719214163012e-03
5.566340338312756586e+01,7.590368617812784336e-04
5.573821978552424383e+01,2.274606897298145271e-03
5.581303618792092180e+01,2.885240065199447257e-03
5.588785259031759267e+01,1.855435792044714868e-03
5.596266899271427064e+01,1.296445549359408244e-03
5.603748539511094862e+01,2.081252450345084156e-03
5.611230179750762659e+01,2.791102325410158621e-03
5.618711819990430456e+01,1.906630751483271531e-03
5.626193460230098253e+01,3.562528679506768697e-03
5.633675100469765340e+01,6.327928800132632918e-03
5.641156740709433137e+01,6.015793739910739631e-03
5.648638380949100934e+01,6.810649580923858713e-03
5.656120021188768732e+01,6.136891911362660906e-03
5.663601661428436529e+01,2.771828347655661256e-03
5.671083301668104326e+01,1.512192058114122115e-03
5.678564941907771413e+01,3.217954458152186194e-03
5.686046582147439210e+01,2.881085393428709125e-03
5.693528222387107007e+01,4.749182331204703108e-04
5.701009862626774805e+01,1.796891505689179880e-03
5.708491502866442602e+01,6.137843283944705020e-03
5.715973143106110399e+01,5.385152648978776789e-03
5.723454783345777486e+01,1.850004917033207762e-03
5.730936423585445283e+01,3.747786604877527752e-03
5.738418063825113080e+01,4.141637648772573954e-03
5.745899704064780877e+01,4.520104854130784812e-03
5.753381344304448675e+01,3.066839664793076514e-03
5.760862984544116472e+01,2.363151522357373469e-03
5.768344624783784269e+01,1.410303239782643731e-03
5.775826265023451356e+01,1.672364688196127658e-03
5.783307905263119153e+01,3.338015916242111861e-03
5.790789545502786950e+01,2.183991883580646293e-03
5.798271185742454747e+01,1.367093453774143258e-03
5.805752825982122545e+01,2.984157902777861884e-03
5.813234466221790342e+01,2.070435890601608764e-03
5.820716106461457429e+01,2.870410032995827313e-03
5.828197746701125226e+01,3.213757743409337807e-03
5.835679386940793023e+01,5.367888078498171634e-04
5.843161027180460820e+01,1.589156249036460496e-03
5.850642667420128618e+01,2.373737410707443644e-03
5.858124307659796415e+01,5.928889961967135844e-03
5.865605947899463501e+01,6.197379636857501019e-03
5.873087588139131299e+01,4.053005859423374629e-03
5.880569228378799096e+01,2.916423135580171674e-03
5.888050868618466893e+01,1.673954300034035661e-03
5.895532508858134690e+01,2.828762725189126054e-03
5.903014149097802488e+01,4.885092531539293216e-03
5.910495789337469574e+01,3.958714884168173902e-03
5.917977429577137372e+01,2.858117651977375596e-03
5.925459069816805169e+01,3.435359460231426996e-03
5.932940710056472966e+01,2.836581228327098025e-03
5.940422350296140763e+01,1.239894850681502519e-03
5.947903990535808560e+01,2.152083344398644967e-03
5.955385630775476358e+01,1.243636511083967902e-03
5.962867271015143444e+01,3.508096836612124673e-03
5.970348911254811242e+01,4.990849088588777266e-03
5.977830551494479039e+01,5.565448760194079310e-03
5.985312191734146836e+01,2.807871447389222001e-03
5.992793831973814633e+01,1.700322071421960348e-03
6.000275472213482431e+01,2.521995071789232511e-03
6.007757112453149517e+01,3.160748476416622849e-03
6.015238752692817314e+01,2.277731180582026616e-03
6.022720392932485112e+01,7.879288000849004811e-04
6.030202033172152909e+01,2.041906603917020575e-03
6.037683673411820706e+01,7.542083689409378316e-04
6.045165313651488503e+01,6.201498692999857969e-04
6.052646953891155590e+01,1.292823914094307644e-03
6.060128594130823387e+01,1.698581159298606647e-03
6.067610234370491185e+01,4.185305614957322319e-03
6.075091874610158982e+01,2.603700193520816584e-03
6.082573514849826779e+01,2.602576298543984781e-03
6.090055155089494576e+01,1.661533486426255589e-03
6.097536795329161663e+01,9.262184854016449051e-04
6.105018435568829460e+01,1.401269561653761819e-03
6.112500075808497257e+01,1.667320776919197943e-04
6.119981716048165055e+01,2.355036060540176626e-03
6.127463356287832852e+01,3.735744733036589806e-03
6.134944996527500649e+01,2.023940688374266557e-03
6.142426636767168446e+01,9.775544104980004451e-04
6.149908277006835533e+01,1.849980511968238837e-03
6.157389917246503330e+01,9.725681849857032314e-04
6.164871557486171127e+01,2.620771851061125257e-03
6.172353197725838925e+01,4.774651564714010345e-03
6.179834837965506722e+01,3.801448337655056065e-03
6.187316478205174519e+01,7.321020943297581888e-04
6.194798118444841606e+01,1.981380465521598733e-03
6.202279758684509403e+01,1.398408563801610939e-03
6.209761398924177200e+01,1.679655174119866696e-03
6.217243039163844998e+01,2.913975956424630538e-03
6.224724679403512795e+01,1.630758949550783869e-03
6.232206319643180592e+01,1.200517634771129877e-03
6.239687959882847679e+01,1.075663984331830811e-03
6.247169600122515476e+01,6.271440905448654943e-03
6.254651240362183273e+01,4.843093038790243290e-03
6.262132880601851070e+01,2.385686978423295218e-03
6.269614520841518868e+01,3.541101867366744892e-03
6.277096161081186665e+01,2.010823319252269710e-03
6.284577801320853752e+01,1.688046815136578799e-03
6.292059441560521549e+01,1.128104091491263566e-03
6.299541081800189346e+01,3.593759795076962357e-03
6.307022722039857143e+01,5.273250652356781601e-03
6.314504362279524941e+01,4.079151384933663547e-03
6.321986002519192738e+01,1.496930606936029261e-03
6.329467642758860535e+01,5.792567122821824527e-04
6.336949282998527622e+01,1.043822878808434466e-03
6.344430923238195419e+01,2.406597310189542357e-03
6.351912563477863216e+01,1.210090103363197379e-03
6.359394203717531013e+01,2.620785919326715490e-03
6.366875843957198811e+01,2.903765666325479160e-03
6.374357484196866608e+01,2.935148792833344820e-03
6.381839124436533695e+01,3.388235029557565888e-03
6.389320764676201492e+01,4.546414551506250748e-03
6.396802404915869289e+01,4.006771536748407990e-03
6.404284045155536376e+01,1.546524879269465472e-03
6.411765685395204173e+01,1.521144318766548141e-04
6.419247325634871970e+01,1.388432173607225591e-03
6.426728965874539767e+01,1.564075432548055807e-03
6.434210606114207565e+01,1.565797593674631656e-03
6.441692246353875362e+01,1.946395208975968544e-03
6.449173886593543159e+01,4.574544137052585259e-03
6.456655526833210956e+01,4.696329451726697669e-03
6.464137167072878754e+01,1.383294606770227786e-03
6.471618807312546551e+01,1.160201745899793998e-03
6.479100447552214348e+01,1.192713773785186292e-03
6.486582087791882145e+01,1.500575659271918610e-03
6.494063728031548521e+01,2.992803707610256457e-03
6.501545368271216319e+01,2.325530229130987753e-03
6.509027008510884116e+01,1.154113059603495981e-03
6.516508648750551913e+01,2.712736391308738330e-03
6.523990288990219710e+01,2.595972648676264823e-03
6.531471929229887508e+01,1.914553656025678270e-03
6.538953569469555305e+01,1.450929202945519221e-03
6.546435209709223102e+01,2.985522759278907978e-03
6.553916849948890899e+01,5.126221574496594643e-03
6.561398490188558696e+01,4.399243209901498690e-03
6.568880130428226494e+01,2.601470829637269732e-03
6.576361770667894291e+01,4.052518632375665467e-03
6.583843410907562088e+01,4.543945919262453240e-03
6.591325051147228464e+01,2.964419746501633333e-03
6.598806691386896262e+01,2.424088029243323499e-03
6.606288331626564059e+01,2.266295968685437187e-03
6.613769971866231856e+01,1.614193380566319004e-03
6.621251612105899653e+01,9.107134080642381680e-04
6.628733252345567450e+01,7.991038050530779218e-04
6.636214892585235248e+01,1.524124849209605812e-03
6.643696532824903045e+01,8.939909174581826649e-04
6.651178173064570842e+01,1.253212466090353238e-03
6.658659813304238639e+01,1.923033949246269903e-03
6.666141453543906437e+01,1.590342548886947193e-03
6.673623093783574234e+01,1.735304344235438345e-03
6.681104734023240610e+01,2.848600281915637713e-03
6.688586374262908407e+01,1.430230314416307876e-03
6.696068014502576204e+01,1.177630794746772989e-03
6.703549654742244002e+01,1.676850438805046898e-03
6.711031294981911799e+01,3.070385584581180466e-03
6.718512935221579596e+01,4.760646683848442605e-03
6.725994575461247393e+01,4.107733788682645798e-03
6.733476215700915191e+01,6.021583553333582136e-04
6.740957855940582988e+01,2.400696259152047384e-03
6.748439496180250785e+01,2.440841696727535492e-03
6.755921136419918582e+01,2.485004265461591803e-03
6.763402776659586380e+01,2.916876913907869191e-03
6.770884416899254177e+01,2.056331943721217276e-03
6.778366057138920553e+01,3.658156940885738326e-03
6.785847697378588350e+01,3.450583014711765348e-03
6.793329337618256147e+01,2.929497864653340337e-03
6.800810977857923945e+01,4.938809698095792712e-03
6.808292618097591742e+01,3.803830961351638285e-03
6.815774258337259539e+01,1.783900358422029191e-03
6.823255898576927336e+01,1.890568658117419741e-03
6.830737538816595134e+01,1.675214527271643838e-03
6.838219179056262931e+01,1.351130170083442855e-03
6.845700819295930728e+01,1.984166733075697683e-03
6.853182459535598525e+01,1.816990459571541944e-03
6.860664099775266322e+01,2.651901485099208977e-03
6.868145740014932699e+01,2.793085555878615546e-03
6.875627380254600496e+01,2.289567719573607028e-03
6.883109020494268293e+01,2.932691159588858044e-03
6.890590660733936090e+01,3.280801522637378110e-03
6.898072300973603888e+01,3.429294831335894054e-03
6.905553941213271685e+01,1.309345827752762771e-03
6.913035581452939482e+01,1.581805947014258175e-03
6.920517221692607279e+01,2.722129771609048572e-03
6.927998861932275076e+01,3.873729526599362441e-03
6.935480502171942874e+01,2.055895066164895903e-03
6.942962142411610671e+01,2.122793590234540485e-03
6.950443782651278468e+01,1.788548102482012941e-03
6.957925422890946265e+01,6.508163452378351978e-04
6.965407063130612642e+01,7.778762390015399580e-04
6.972888703370280439e+01,9.815032255432705813e-04
6.980370343609948236e+01,2.160288413360934683e-03
6.987851983849616033e+01,6.674241345144677189e-04
6.995333624089283830e+01,1.044725664173071179e-03
7.002815264328951628e+01,2.728928770747515112e-03
7.010296904568619425e+01,3.577983259484167518e-03
7.017778544808287222e+01,2.510288168577801300e-03
7.025260185047955019e+01,2.418581033334350414e-02
7.032741825287622817e+01,3.492680566605012998e-02
7.040223465527290614e+01,1.256160223123175060e-02
7.047705105766958411e+01,2.865798525228556957e-03
7.055186746006624787e+01,9.115666195814415380e-04
7.062668386246292584e+01,2.550499922807966668e-03
7.070150026485960382e+01,4.054779247637878628e-03
7.077631666725628179e+01,1.743647530097854580e-03
7.085113306965295976e+01,4.907582664950151108e-03
7.092594947204963773e+01,3.910015774492655964e-03
7.100076587444631571e+01,6.187263823102629812e-04
7.107558227684299368e+01,3.475586334151246296e-03
7.115039867923967165e+01,3.914219889757689433e-03
7.122521508163634962e+01,1.846875359022673562e-03
7.130003148403302760e+01,1.503190849372231354e-03
7.137484788642970557e+01,4.103491892732465118e-03
7.144966428882638354e+01,5.078324794422221095e-03
7.152448069122304730e+01,3.889376554052123135e-03
7.159929709361972527e+01,1.053558619880093014e-03
7.167411349601640325e+01,4.108681455562424576e-04
7.174892989841308122e+01,1.611216029263332376e-03
7.182374630080975919e+01,7.535271965914870510e-04
7.189856270320643716e+01,1.988908402911810421e-03
7.197337910560311514e+01,2.246613436776743848e-03
7.204819550799979311e+01,2.173627629238528494e-03
7.212301191039647108e+01,2.829989125756193422e-03
7.219782831279314905e+01,2.599945623945486197e-03
7.227264471518982702e+01,1.015046753667466243e-03
7.234746111758650500e+01,2.922263129721384706e-03
7.242227751998316876e+01,2.518993218400415561e-03
7.249709392237984673e+01,2.469294149707818107e-03
7.257191032477652470e+01,2.845930241545471980e-03
7.264672672717320268e+01,3.148397273808724219e-03
7.272154312956988065e+01,5.042979082342773610e-03
7.279635953196655862e+01,5.884169203501016243e-03
7.287117593436323659e+01,3.862763018447263209e-03
7.294599233675991456e+01,3.210569747105742212e-03
7.302080873915659254e+01,2.409321586570746260e-03
7.309562514155327051e+01,2.194510650552985390e-03
7.317044154394994848e+01,1.601676297590557459e-03
7.324525794634662645e+01,1.323169691361316682e-04
7.332007434874330443e+01,2.043178923923734923e-03
7.339489075113996819e+01,2.069891234282919806e-03
7.346970715353664616e+01,1.124801522512795110e-03
7.354452355593332413e+01,5.118736533332267488e-04
7.361933995833000210e+01,1.689730826787146957e-03
7.369415636072668008e+01,2.767898921303104526e-03
7.376897276312335805e+01,2.104670883963165144e-03
7.384378916552003602e+01,1.641838489009777398e-03
7.391860556791671399e+01,1.744462977497453215e-03
7.399342197031339197e+01,7.910850348603524172e-04
7.406823837271006994e+01,3.298119420009189501e-04
7.414305477510674791e+01,1.792347348142170164e-03
7.421787117750342588e+01,3.939159067347790776e-03
7.429268757990008964e+01,4.247259798345096385e-03
7.436750398229676762e+01,3.600594367779988252e-03
7.444232038469344559e+01,1.893347088192354113e-03
7.451713678709012356e+01,2.875389631589156305e-03
7.459195318948680153e+01,2.457105819167376519e-03
7.466676959188347951e+01,2.368509977875080802e-03
7.474158599428015748e+01,4.501511991491447678e-03
7.481640239667683545e+01,4.542967033733874387e-03
7.489121879907351342e+01,4.311407683616990012e-03
7.496603520147019140e+01,3.171499943218055242e-03
7.504085160386686937e+01,4.585874289072492706e-03
7.511566800626354734e+01,4.789467879299571032e-03
7.519048440866022531e+01,1.719066485527848175e-03
7.526530081105688907e+01,3.538483386375938875e-03
7.534011721345356705e+01,5.159707821425229407e-03
7.541493361585024502e+01,4.279266426510119209e-03
7.548975001824692299e+01,9.169991978192145073e-04
7.556456642064360096e+01,1.480354499571213955e-03
7.563938282304027894e+01,1.192800392420160756e-03
7.571419922543695691e+01,1.508483355624735088e-03
7.578901562783363488e+01,8.047250093189495333e-04
7.586383203023031285e+01,1.619185478707688272e-03
7.593864843262699083e+01,3.735054717188752201e-03
7.601346483502366880e+01,2.896355653101623977e-04
7.608828123742034677e+01,3.505378693631657720e-03
7.616309763981701053e+01,2.686800385548538447e-03
7.623791404221368850e+01,1.525428576969065520e-03
7.631273044461036648e+01,2.270255829692340976e-03
7.638754684700704445e+01,1.208462688546320211e-03
7.646236324940372242e+01,2.723189949335387636e-03
7.653717965180040039e+01,1.801839323846190274e-03
7.661199605419707837e+01,1.189116847188913684e-03
7.668681245659375634e+01,6.363400686792225697e-04
7.676162885899043431e+01,1.452933827650754140e-03
7.683644526138711228e+01,1.660613415975672981e-03
7.691126166378379025e+01,6.494320886844091260e-04
7.698607806618046823e+01,2.250939113507098664e-03
7.706089446857714620e+01,2.602020275461940178e-03
7.713571087097380996e+01,1.430716803898997563e-03
7.721052727337048793e+01,2.142381074484730075e-03
7.728534367576716591e+01,2.932490280331376438e-03
7.736016007816384388e+01,5.132992913691452642e-03
7.743497648056052185e+01,4.504129558129419363e-03
7.750979288295719982e+01,4.029654577352396495e-03
7.758460928535387779e+01,4.380039708264898621e-03
7.765942568775055577e+01,2.173443156198464916e-03
7.773424209014723374e+01,1.434518792631975757e-03
7.780905849254391171e+01,1.624987996963807779e-03
7.788387489494058968e+01,4.150295102801291594e-04
7.795869129733726766e+01,9.851949259270396855e-04
7.803350769973393142e+01,4.310995521713476865e-03
7.810832410213060939e+01,8.636895551896457690e-03
7.818314050452728736e+01,7.605662595004381715e-03
7.825795690692396533e+01,2.839735423635070949e-03
7.833277330932064331e+01,1.290168492757523327e-03
7.840758971171732128e+01,1.586438763785632308e-03
7.848240611411399925e+01,1.884334329858396335e-03
7.855722251651067722e+01,1.309740662707956213e-03
7.863203891890735520e+01,4.586130352864340072e-03
7.870685532130403317e+01,5.957324514145416298e-03
7.878167172370071114e+01,5.304869389822376886e-03
7.885648812609738911e+01,4.452406022446081350e-03
7.893130452849406709e+01,1.926901523923947373e-03
7.900612093089073085e+01,2.160384540188131208e-03
7.908093733328740882e+01,2.807965698146863177e-03
7.915575373568408679e+01,2.124779581278051551e-03
7.923057013808076476e+01,3.091738146024984330e-03
7.930538654047744274e+01,3.114911229990620888e-03
7.938020294287412071e+01,1.592467974632608098e-03
7.945501934527079868e+01,2.255089919167930623e-03
7.952983574766747665e+01,2.522756895759398644e-03
7.960465215006415463e+01,2.819882962488374709e-03
7.967946855246083260e+01,1.914518398505792203e-03
7.975428495485751057e+01,2.636245179605129548e-03
7.982910135725418854e+01,5.910085895868899064e-04
7.990391775965085230e+01,2.258191519159717924e-03
7.997873416204753028e+01,1.832910075290602190e-03
8.005355056444420825e+01,2.633504475667210101e-03
8.012836696684088622e+01,4.868716178120828346e-03
8.020318336923756419e+01,2.502418467983476367e-03
8.027799977163424217e+01,2.456629324556902725e-03
8.035281617403092014e+01,1.761706855564980660e-03
8.042763257642759811e+01,2.004357477936232271e-03
8.050244897882427608e+01,1.694246595255437336e-03
8.057726538122095405e+01,3.007374454865266705e-03
8.065208178361763203e+01,2.411525490322400170e-03
8.072689818601431000e+01,5.673749060547232659e-04
8.080171458841098797e+01,1.009949531075670856e-03
8.087653099080765173e+01,1.874931654686135419e-03
8.095134739320432971e+01,1.926053644743139356e-03
8.102616379560100768e+01,1.618845675041612068e-03
8.110098019799768565e+01,6.730291419008917631e-04
8.117579660039436362e+01,2.708609914775326512e-03
8.125061300279104159e+01,2.620472830878593350e-03
8.132542940518771957e+01,1.908394527750077686e-03
8.140024580758439754e+01,3.547793168523482536e-03
8.147506220998107551e+01,4.856828888796580271e-03
8.154987861237775348e+01,3.128473901821191613e-03
8.162469501477443146e+01,8.094303637806165587e-05
8.169951141717110943e+01,2.142946450149880219e-03
8.177432781956777319e+01,1.788856875186696461e-03
8.184914422196445116e+01,1.475237744221592458e-03
8.192396062436112913e+01,3.123328070486897871e-03
8.199877702675780711e+01,3.606556667910828119e-03
8.207359342915448508e+01,2.296671842629560006e-03
8.214840983155116305e+01,1.059934974293991628e-03
8.222322623394784102e+01,8.396156183488858111e-04
8.229804263634451900e+01,7.307126702125984249e-04
8.237285903874119697e+01,1.737504557289317082e-03
8.244767544113787494e+01,1.317589819128307371e-03
8.252249184353455291e+01,1.197136739652301983e-03
8.259730824593123089e+01,1.589958314470051384e-03
8.267212464832790886e+01,1.334526300538090449e-03
8.274694105072457262e+01,2.503381570428396628e-03
8.282175745312125059e+01,3.085187040314460623e-03
8.289657385551792856e+01,2.028877110349772833e-03
8.297139025791460654e+01,1.760226771554137084e-04
8.304620666031128451e+01,1.512935005616661407e-03
8.312102306270796248e+01,7.429921455529713047e-04
8.319583946510464045e+01,9.990425296716636330e-04
8.327065586750131843e+01,2.967109908653495220e-03
8.334547226989799640e+01,2.914499853599802470e-03
8.342028867229467437e+01,5.209759816934428529e-03
8.349510507469135234e+01,4.761034977980072719e-03
8.356992147708803031e+01,3.099885856553193531e-03
8.364473787948469408e+01,3.713056813751653903e-03
8.371955428188137205e+01,3.755575080858061278e-03
8.379437068427805002e+01,2.156159319136724799e-03
8.386918708667472799e+01,2.109464895297967837e-03
8.394400348907140597e+01,1.754546076371657970e-03
8.401881989146808394e+01,7.251528227242071871e-04
8.409363629386476191e+01,1.924831983557893228e-03
8.416845269626143988e+01,1.921989904086575602e-03
8.424326909865811785e+01,1.379326702732182938e-03
8.431808550105479583e+01,1.233087858805639349e-03
8.439290190345147380e+01,1.578353993914036256e-04
8.446771830584815177e+01,1.225246279781964020e-03
8.454253470824482974e+01,1.146257004412802290e-03
8.461735111064149351e+01,1.134972885882917304e-03
8.469216751303817148e+01,2.269340332559534931e-03
8.476698391543484945e+01,4.496170523095259670e-03
8.484180031783152742e+01,4.733134923563910197e-03
8.491661672022820539e+01,2.870823790480587882e-03
8.499143312262488337e+01,3.913536068074255337e-04
8.506624952502156134e+01,1.449435207516992742e-03
8.514106592741823931e+01,1.994652707284659196e-03
8.521588232981491728e+01,2.258782589828560103e-03
8.529069873221159526e+01,1.495207493870757357e-03
8.536551513460827323e+01,1.614609545437957743e-03
8.544033153700495120e+01,1.554363951705907019e-03
8.551514793940161496e+01,1.882466993715482470e-03
8.558996434179829293e+01,2.147409290684682351e-03
8.566478074419497091e+01,1.156792329931944415e-03
8.573959714659164888e+01,3.682183053073801327e-03
8.581441354898832685e+01,5.272836684196178375e-03
8.588922995138500482e+01,2.978586722507603132e-02
8.596404635378168280e+01,3.265904951587818988e-02
8.603886275617836077e+01,8.642303467432988634e-03
8.611367915857503874e+01,2.890491377856585671e-03
8.618849556097171671e+01,1.655392151833938322e-03
8.626331196336839469e+01,1.032990227281393482e-03
8.633812836576507266e+01,2.395926804380046123e-03
8.641294476816175063e+01,1.677567902600663949e-03
8.648776117055841439e+01,1.317263413589996393e-03
8.656257757295509236e+01,1.339918288631541466e-03
8.663739397535177034e+01,1.088085183060808403e-03
8.671221037774844831e+01,1.695467075032305870e-03
8.678702678014512628e+01,2.604732312555267919e-03
8.686184318254180425e+01,1.531737611778312717e-03
8.693665958493848223e+01,1.746316016196456647e-03
8.701147598733516020e+01,3.560591186427557089e-03
8.708629238973183817e+01,3.759114032099626374e-03
8.716110879212851614e+01,2.979340385666134471e-03
8.723592519452519412e+01,2.621952290120496513e-03
8.731074159692187209e+01,2.260967420717525066e-03
8.738555799931853585e+01,8.719234016889850598e-04
8.746037440171521382e+01,1.005059975167444395e-03
8.753519080411189179e+01,2.202428256711277000e-03
8.761000720650856977e+01,2.613659565615474543e-03
8.768482360890524774e+01,2.237309514553556273e-03
8.775964001130192571e+01,2.192799069625928771e-03
8.783445641369860368e+01,2.279042441739128136e-03
8.790927281609528166e+01,6.878516895532718611e-04
8.798408921849195963e+01,9.076917433476009963e-04
8.805890562088863760e+01,1.263706753512843775e-03
8.813372202328531557e+01,3.111195796581556119e-03
8.820853842568199354e+01,3.786632676959542955e-03
8.828335482807867152e+01,2.900287651469766245e-03
8.835817123047533528e+01,4.405128795512821757e-03
8.843298763287201325e+01,5.070812183709089670e-03
8.850780403526869122e+01,3.240613418094281679e-03
8.858262043766536920e+01,3.037315046798587208e-03
8.865743684006204717e+01,2.019976838889069037e-03
8.873225324245872514e+01,1.824894641296029383e-03
8.880706964485540311e+01,3.487371051697322599e-03
8.888188604725208108e+01,1.352545662971112173e-03
8.895670244964875906e+01,2.619703084995449616e-03
8.903151885204543703e+01,3.542429443823396588e-03
8.910633525444211500e+01,2.422506894192403767e-03
8.918115165683879297e+01,1.633329586588685598e-03
8.925596805923545674e+01,2.351649125923768735e-03
8.933078446163213471e+01,1.797531426602197360e-03
8.940560086402881268e+01,7.263807107720828948e-04
8.948041726642549065e+01,1.441545896998048994e-03
8.955523366882216862e+01,1.225996112709354250e-03
8.963005007121884660e+01,6.557583728624568307e-04
8.970486647361552457e+01,3.003570961954849113e-04
8.977968287601220254e+01,1.016929487289717224e-03
8.985449927840888051e+01,2.020275245719535193e-03
8.992931568080555849e+01,1.582436660904258836e-03
9.000413208320223646e+01,1.469979871057018129e-03
9.007894848559891443e+01,1.753841590837351390e-03
9.015376488799559240e+01,2.158510520108243135e-03
9.022858129039225616e+01,1.563118062328226407e-03
9.030339769278893414e+01,2.580294008047914235e-03
9.037821409518561211e+01,3.923850221785415114e-03
9.045303049758229008e+01,2.803847578748184730e-03
9.052784689997896805e+01,1.572706667128333149e-03
9.060266330237564603e+01,1.164713900845543290e-03
9.067747970477232400e+01,2.898868815419222787e-03
9.075229610716900197e+01,2.145961745474639533e-03
9.082711250956567994e+01,2.794486274478865198e-04
9.090192891196235792e+01,1.339751478571672228e-03
9.097674531435903589e+01,1.088205170873170939e-03
9.105156171675571386e+01,7.356009584767655030e-04
9.112637811915237762e+01,1.270639617258170198e-03
9.120119452154905559e+01,1.417715046849980440e-03
9.127601092394573357e+01,2.471474054149012511e-03
9.135082732634241154e+01,1.897675682500187368e-03
9.142564372873908951e+01,1.862470831622286627e-03
9.150046013113576748e+01,4.322720088017577007e-04
9.157527653353244546e+01,1.243229163068633458e-03
9.165009293592912343e+01,2.188626905652950143e-03
9.172490933832580140e+01,3.574966595550514888e-03
9.179972574072247937e+01,2.508624102759394407e-03
9.187454214311915734e+01,1.836691767139548605e-03
9.194935854551583532e+01,1.926948750009467885e-03
9.202417494791251329e+01,1.640583261756237707e-03
9.209899135030917705e+01,1.574164169854651036e-03
9.217380775270585502e+01,1.608131423364227196e-03
9.224862415510253300e+01,2.504151495841173709e-03
9.232344055749921097e+01,2.191795933156135984e-03
9.239825695989588894e+01,1.991541858268946683e-03
9.247307336229256691e+01,1.270555932215202202e-03
9.254788976468924488e+01,2.379827755864740747e-03
9.262270616708592286e+01,2.770035349922384156e-03
9.269752256948260083e+01,2.045506674182023896e-03
9.277233897187927880e+01,1.808776227373528429e-03
9.284715537427595677e+01,2.346452002889559425e-03
9.292197177667263475e+01,1.542090309329415248e-03
9.299678817906929851e+01,3.046689595438963321e-03
9.307160458146597648e+01,3.990165345881144417e-03
9.314642098386265445e+01,4.408201699312049721e-03
9.322123738625933242e+01,3.811723276925135968e-03
9.329605378865601040e+01,1.561630121343132857e-03
9.337087019105268837e+01,8.768356120059642069e-04
9.344568659344936634e+01,5.695735077189031373e-04
9.352050299584604431e+01,1.216237281487324122e-03
9.359531939824272229e+01,1.904585994307715028e-03
9.367013580063940026e+01,4.077894642805418579e-03
9.374495220303607823e+01,6.177840202565267058e-03
9.381976860543275620e+01,4.583766486580800360e-03
9.389458500782943418e+01,8.555167037423323795e-04
9.396940141022609794e+01,1.987137126726303427e-03
9.404421781262277591e+01,2.179929351255984523e-03
9.411903421501945388e+01,1.316644793429125196e-03
9.419385061741613185e+01,7.828163378802018794e-04
9.426866701981280983e+01,3.011266088328686235e-03
9.434348342220948780e+01,2.416043945773581943e-03
9.441829982460616577e+01,3.322657396269584548e-03
9.449311622700284374e+01,5.477455579842632240e-03
9.456793262939952172e+01,2.755208721201338976e-03
9.464274903179619969e+01,1.980552555797454942e-03
9.471756543419287766e+01,1.257128208060543989e-03
9.479238183658955563e+01,1.646469583214771196e-03
9.486719823898621939e+01,9.720940694284904704e-04
9.494201464138289737e+01,6.005894136271231181e-04
9.501683104377957534e+01,1.092131393784303867e-03
9.509164744617625331e+01,1.400483446637824274e-03
9.516646384857293128e+01,5.084377203822657053e-04
9.524128025096960926e+01,1.074576740151129018e-03
9.531609665336628723e+01,1.542184536840748767e-03
9.539091305576296520e+01,3.175410301835930853e-03
9.546572945815964317e+01,1.695614631899735681e-03
9.554054586055632114e+01,8.681193082873142836e-04
9.561536226295299912e+01,1.268356068181786061e-04
9.569017866534967709e+01,1.332610814556296460e-03
9.576499506774635506e+01,2.260103411562706510e-03
9.583981147014301882e+01,2.997500668021298490e-04
9.591462787253969680e+01,2.720220743726058793e-03
9.598944427493637477e+01,2.222614405800589672e-03
9.606426067733305274e+01,1.100367482869662756e-03
9.613907707972973071e+01,1.172989649229523807e-03
9.621389348212640868e+01,2.056821795524246593e-04
9.628870988452308666e+01,1.327529316979312625e-03
9.636352628691976463e+01,8.582282105316458784e-04
9.643834268931644260e+01,3.366049591991248421e-03
9.651315909171312057e+01,4.502479958889008330e-03
9.658797549410979855e+01,3.739829491122857730e-03
9.666279189650647652e+01,1.939284184026813856e-03
9.673760829890314028e+01,9.984031765469013678e-04
9.681242470129981825e+01,1.261108192387494975e-03
9.688724110369649622e+01,2.305020693405287688e-03
9.696205750609317420e+01,2.332675635097361186e-03
9.703687390848985217e+01,2.474488258717863487e-03
9.711169031088653014e+01,2.902802826660095745e-03
9.718650671328320811e+01,3.407852087863759080e-03
9.726132311567988609e+01,2.631625382018953647e-03
9.733613951807656406e+01,1.770948858925871887e-03
9.741095592047324203e+01,1.873124674796452973e-03
9.748577232286992000e+01,2.603017937542213139e-03
9.756058872526659798e+01,3.992472857833758403e-03
9.763540512766326174e+01,4.129005077620066452e-03
9.771022153005993971e+01,2.445822164406166906e-03
9.778503793245661768e+01,2.064197684632943040e-04
9.785985433485329565e+01,5.620314600963288200e-04
9.793467073724997363e+01,8.771173356016808429e-04
9.800948713964665160e+01,1.480588828882497925e-03
9.808430354204332957e+01,1.627332008576653057e-03
9.815911994444000754e+01,1.600127470276641647e-03
9.823393634683668552e+01,6.052897190630286955e-04
9.830875274923336349e+01,1.025422635697656985e-04
9.838356915163004146e+01,1.898361329843299260e-03
9.845838555402671943e+01,1.847811034488956814e-03
9.853320195642339741e+01,1.765013058589110949e-03
9.860801835882006117e+01,1.111289188420234823e-03
9.868283476121673914e+01,6.131347487408617255e-04
9.875765116361341711e+01,2.175465335217802425e-03
9.883246756601009508e+01,1.885714686008352911e-03
9.890728396840677306e+01,2.617737227646472174e-03
9.898210037080345103e+01,1.762935031628713300e-03
9.905691677320012900e+01,4.670291721009623559e-03
9.913173317559680697e+01,4.929088292439386815e-03
9.920654957799348495e+01,2.614930242568651048e-03
9.928136598039016292e+01,2.299325702376811727e-03
9.935618238278684089e+01,2.005787167197104880e-03
9.943099878518351886e+01,1.580672931986378460e-03
9.950581518758018262e+01,2.221497916143279957e-03
9.958063158997686060e+01,1.236511906299531116e-03
9.965544799237353857e+01,1.781124060696439226e-03
9.973026439477021654e+01,3.525047124412672341e-03
9.980508079716689451e+01,2.010620920600707066e-03
9.987989719956357249e+01,2.527501662723271366e-03
9.995471360196025046e+01,1.881720258749465568e-03
1.000295300043569284e+02,5.844029208005749277e-04
1.001043464067536064e+02,5.250113341076263632e-04
1.001791628091502844e+02,2.889838676550539050e-04
1.002539792115469623e+02,1.091946857443578918e-03
1.003287956139436403e+02,2.530386930436338139e-03
1.004036120163403183e+02,4.043707684161703536e-03
1.004784284187369821e+02,3.789491407639061261e-03
1.005532448211336600e+02,2.228443409508077712e-03
1.006280612235303380e+02,1.155926371157364220e-03
1.007028776259270160e+02,2.243214739831923040e-03
1.007776940283236939e+02,2.341838123084492851e-03
1.008525104307203719e+02,3.370127459801133796e-04
1.009273268331170499e+02,2.968142975055315571e-03
1.010021432355137279e+02,4.044678981381897090e-03
1.010769596379104058e+02,1.976503936707414439e-03
1.011517760403070838e+02,2.278260486460326282e-03
1.012265924427037618e+02,2.396164228491568220e-03
1.013014088451004397e+02,1.319074487200546340e-03
1.013762252474971035e+02,2.502099757595026459e-03
1.014510416498937815e+02,4.611391809159692649e-03
1.015258580522904595e+02,1.646502173862799193e-02
1.016006744546871374e+02,1.328954257159173716e-02
1.016754908570838154e+02,2.032804222789946248e-03
1.017503072594804934e+02,2.243083174791131538e-03
1.018251236618771713e+02,3.189313431112634351e-03
1.018999400642738493e+02,2.733421866954685326e-03
1.019747564666705273e+02,3.283534333894557572e-04
1.020495728690672053e+02,1.472100576421252801e-03
1.021243892714638832e+02,1.135069266492489152e-03
1.021992056738605612e+02,1.053005672554904433e-03
1.022740220762572392e+02,1.068503576766759297e-03
1.023488384786539029e+02,2.239882795373193854e-03
1.024236548810505809e+02,2.560889078042326295e-03
1.024984712834472589e+02,7.135663839010072344e-04
1.025732876858439369e+02,1.885129182123082819e-03
1.026481040882406148e+02,9.651458900889961501e-04
1.027229204906372928e+02,7.356537274974959051e-04
1.027977368930339708e+02,1.501832757681738351e-04
1.028725532954306487e+02,2.451116116136237491e-03
1.029473696978273267e+02,2.806136148221539516e-03
1.030221861002240047e+02,2.980534998321439800e-03
1.030970025026206827e+02,2.691042464432535225e-03
1.031718189050173606e+02,2.707522302663783759e-03
1.032466353074140244e+02,2.814943928937442899e-03
1.033214517098107024e+02,2.159181436205123705e-03
1.033962681122073803e+02,1.661395942058092748e-03
1.034710845146040583e+02,1.826908158281330234e-03
1.035459009170007363e+02,1.284473878565138777e-03
1.036207173193974143e+02,2.051673414627283414e-03
1.036955337217940922e+02,1.684406772816105001e-03
1.037703501241907702e+02,2.670811526139581487e-03
1.038451665265874482e+02,3.599860305313660504e-03
1.039199829289841261e+02,2.400090302507392089e-03
1.039947993313808041e+02,2.455932733929064738e-03
1.040696157337774821e+02,2.092749988951487193e-03
1.041444321361741601e+02,1.289569058449890285e-03
1.042192485385708238e+02,2.039669912064507283e-03
1.042940649409675018e+02,1.696835009000881474e-03
1.043688813433641798e+02,1.967312657777315395e-03
1.044436977457608577e+02,2.111677339962685345e-03
1.045185141481575357e+02,3.831723946706180558e-04
1.045933305505542137e+02,2.400317175356646640e-03
1.046681469529508917e+02,1.975992799315888851e-03
1.047429633553475696e+02,1.749814902737807393e-03
1.048177797577442476e+02,9.927679960244160245e-04
1.048925961601409256e+02,9.032620459973534407e-04
1.049674125625376035e+02,5.243737778088249047e-04
1.050422289649342815e+02,1.026074412262288410e-03
1.051170453673309453e+02,1.209773676160871359e-03
1.051918617697276233e+02,1.664380504338131396e-03
1.052666781721243012e+02,1.273852634679499725e-03
1.053414945745209792e+02,8.792167389686634344e-04
1.054163109769176572e+02,6.933480943681839381e-04
1.054911273793143351e+02,1.475089959323217393e-03
1.055659437817110131e+02,1.256051032610954084e-03
1.056407601841076911e+02,6.871509275773636386e-04
1.057155765865043691e+02,1.938995101113295686e-03
1.057903929889010470e+02,2.002297643432583794e-03
1.058652093912977250e+02,1.724306837349515783e-03
1.059400257936944030e+02,8.370673412483526418e-04
1.060148421960910810e+02,2.560035417214995626e-03
1.060896585984877447e+02,3.646699072950954513e-03
1.061644750008844227e+02,2.292798635203395063e-03
1.062392914032811007e+02,2.795318663409066592e-03
1.063141078056777786e+02,4.021214713988436468e-03
1.063889242080744566e+02,3.442793310058215196e-03
1.064637406104711346e+02,1.903634075027313107e-03
1.065385570128678125e+02,1.428624836543317773e-03
1.066133734152644905e+02,1.461341800252626000e-03
1.066881898176611685e+02,2.716420119550512491e-03
1.067630062200578465e+02,2.435588866145556135e-03
1.068378226224545244e+02,1.171721721111698076e-04
1.069126390248512024e+02,1.324449873122700337e-03
1.069874554272478662e+02,1.125090706294118491e-03
1.070622718296445441e+02,9.137980737000210834e-04
1.071370882320412221e+02,1.503944275113530595e-03
1.072119046344379001e+02,1.473099829266943375e-03
1.072867210368345781e+02,2.224517770253404969e-03
1.073615374392312560e+02,1.982452121542319177e-03
1.074363538416279340e+02,7.857812328862239133e-04
1.075111702440246120e+02,1.752147352268532013e-04
1.075859866464212899e+02,5.573272051188786274e-04
1.076608030488179679e+02,1.326452041796824782e-03
1.077356194512146459e+02,5.368699477177443823e-04
1.078104358536113239e+02,1.805027479409796593e-04
1.078852522560080018e+02,1.833886256460839827e-03
1.079600686584046656e+02,2.696441234779206435e-03
1.080348850608013436e+02,2.376881754232963804e-03
1.081097014631980215e+02,1.515961040095900256e-03
1.081845178655946995e+02,1.408148492097832227e-03
1.082593342679913775e+02,1.454214428526367066e-03
1.083341506703880555e+02,1.268439611685326851e-03
1.084089670727847334e+02,1.885450431561454861e-03
1.084837834751814114e+02,2.297136982853847757e-03
1.085585998775780894e+02,8.406486309835544063e-04
1.086334162799747673e+02,8.269380606911811826e-04
1.087082326823714453e+02,2.080297941984912431e-03
1.087830490847681233e+02,2.676677099224329410e-03
1.088578654871647871e+02,1.795985568862108837e-03
1.089326818895614650e+02,4.658431848108487180e-04
1.090074982919581430e+02,4.183261405879157725e-04
1.090823146943548210e+02,6.923176650568276620e-04
1.091571310967514989e+02,1.822524451140058966e-03
1.092319474991481769e+02,1.713086191236497724e-03
1.093067639015448549e+02,8.956803454666022006e-04
1.093815803039415329e+02,3.051289129438168081e-03
1.094563967063382108e+02,1.421325958740822818e-03
1.095312131087348888e+02,7.046458069732312120e-05
1.096060295111315668e+02,5.678905026649262158e-04
1.096808459135282448e+02,1.829893899243156255e-03
1.097556623159249227e+02,2.169114890442507253e-03
1.098304787183215865e+02,6.579065143609713357e-04
1.099052951207182645e+02,1.070690875533538691e-03
1.099801115231149424e+02,1.526266141173895788e-03
1.100549279255116204e+02,2.179589091317646159e-03
1.101297443279082984e+02,3.157238410498727169e-03
1.102045607303049763e+02,1.335061308352922639e-03
1.102793771327016543e+02,1.215768270226867025e-03
1.103541935350983323e+02,6.513750064526486810e-04
1.104290099374950103e+02,1.341436182376334408e-03
1.105038263398916882e+02,2.433059181273574713e-03
1.105786427422883662e+02,3.440844059664984519e-03
1.106534591446850442e+02,2.227947450485213022e-03
1.107282755470817079e+02,2.976648253445389166e-04
1.108030919494783859e+02,3.822127513357945704e-04
1.108779083518750639e+02,1.190217162423733377e-04
1.109527247542717419e+02,6.900237495222758454e-04
1.110275411566684198e+02,1.348986660841914546e-03
1.111023575590650978e+02,2.253870058710581801e-03
1.111771739614617758e+02,3.094454058369731746e-03
1.112519903638584537e+02,1.933205631709005758e-03
1.113268067662551317e+02,4.912691720034462238e-04
1.114016231686518097e+02,3.512514267616480084e-04
1.114764395710484877e+02,9.515678332371867729e-04
1.115512559734451656e+02,1.167106820477623996e-03
1.116260723758418436e+02,1.269954002313161386e-03
1.117008887782385074e+02,1.805778725712756235e-03
1.117757051806351853e+02,1.962993059256191216e-03
1.118505215830318633e+02,1.215219828802663457e-03
1.119253379854285413e+02,1.021670585713251684e-03
1.120001543878252193e+02,1.092034488295432707e-03
1.120749707902218972e+02,2.682176990904702133e-03
1.121497871926185752e+02,3.176224025855903417e-03
1.122246035950152532e+02,2.825118933454266301e-03
1.122994199974119311e+02,1.289635316970564292e-03
1.123742363998086091e+02,2.036372121682989908e-03
1.124490528022052871e+02,4.139120726239371413e-04
1.125238692046019651e+02,1.810258622376917934e-03
1.125986856069986288e+02,1.767878476402391348e-03
1.126735020093953068e+02,7.634813559141929648e-04
1.127483184117919848e+02,2.407145527949212417e-03
1.128231348141886627e+02,3.173544319434831815e-03
1.128979512165853407e+02,2.034329475843746869e-03
1.129727676189820187e+02,1.180555354795422441e-03
1.130475840213786967e+02,1.167191377748798319e-03
1.131224004237753746e+02,1.967977241371609426e-03
1.131972168261720526e+02,2.989371290215107370e-03
1.132720332285687306e+02,3.438548730804765700e-03
1.133468496309654086e+02,1.901133880157137006e-03
1.134216660333620865e+02,7.196312849244619354e-04
1.134964824357587645e+02,1.706379958866168108e-04
1.135712988381554283e+02,2.058164530064179962e-03
1.136461152405521062e+02,2.193897614208102555e-03
1.137209316429487842e+02,6.979934713904894106e-04
1.137957480453454622e+02,9.988806057673305615e-04
1.138705644477421401e+02,6.020884165385620782e-04
1.139453808501388181e+02,1.140422815999353034e-03
1.140201972525354961e+02,2.133801818333154552e-03
1.140950136549321741e+02,1.415493537855385319e-03
1.141698300573288520e+02,1.499699076555946432e-03
1.142446464597255300e+02,1.714101413287195258e-03
1.143194628621222080e+02,1.186123892090650131e-03
1.143942792645188860e+02,2.381149544410370456e-03
1.144690956669155497e+02,1.258600983258995184e-03
1.145439120693122277e+02,1.839996382411657671e-03
1.146187284717089057e+02,1.305692839161663125e-03
1.146935448741055836e+02,1.773639604580511120e-03
1.147683612765022616e+02,2.026188604247662270e-03
1.148431776788989396e+02,1.009893900341417078e-03
1.149179940812956175e+02,8.252078982210545033e-04
1.149928104836922955e+02,5.116950192231795253e-04
1.150676268860889735e+02,6.491440778369462431e-04
1.151424432884856515e+02,7.615353495726924406e-04
1.152172596908823294e+02,7.267147521179081505e-04
1.152920760932790074e+02,3.307037199413144935e-03
1.153668924956756854e+02,4.149280905198443961e-03
1.154417088980723491e+02,2.229643244090378455e-03
1.155165253004690271e+02,2.685625518403701555e-03
1.155913417028657051e+02,2.290620682486311111e-03
1.156661581052623831e+02,9.225036349905271467e-04
1.157409745076590610e+02,7.086978145306319565e-04
1.158157909100557390e+02,1.282266385114175147e-03
1.158906073124524170e+02,1.993941797465776516e-03
1.159654237148490949e+02,1.524311749533968077e-03
1.160402401172457729e+02,1.703019424537177392e-03
1.161150565196424509e+02,1.742581175336758775e-03
1.161898729220391289e+02,1.204486315843822939e-03
1.162646893244358068e+02,1.015581189195976803e-03
1.163395057268324706e+02,1.623177209764147194e-03
1.164143221292291486e+02,1.789695227037739738e-03
1.164891385316258265e+02,7.584974660739674098e-04
1.165639549340225045e+02,2.354827906280169275e-03
1.166387713364191825e+02,2.361011724786573306e-03
1.167135877388158605e+02,3.811626136358711682e-04
1.167884041412125384e+02,1.308621648242775043e-03
1.168632205436092164e+02,7.994432593855253701e-04
1.169380369460058944e+02,8.307282502406006805e-04
1.170128533484025724e+02,1.275747769479876337e-03
1.170876697507992503e+02,1.359652397823743388e-03
1.171624861531959283e+02,1.855385474862783404e-03
1.172373025555926063e+02,1.570519404855729925e-03
1.173121189579892700e+02,1.437541622861682449e-03
1.173869353603859480e+02,1.152521060389487349e-03
1.174617517627826260e+02,1.802885647846337288e-03
1.175365681651793039e+02,2.584013185213030264e-03
1.176113845675759819e+02,1.121930879089827341e-03
1.176862009699726599e+02,1.134719616605550868e-03
1.177610173723693379e+02,1.720023220745050272e-03
1.178358337747660158e+02,1.795926841594808372e-03
1.179106501771626938e+02,2.110807143800177629e-03
1.179854665795593718e+02,1.803261688973022527e-03
1.180602829819560498e+02,8.365985049190076753e-04
1.181350993843527277e+02,1.355913622596712723e-03
1.182099157867493915e+02,2.162352575548166182e-03
1.182847321891460695e+02,1.367349324043198866e-03
1.183595485915427474e+02,1.867908706613432635e-03
1.184343649939394254e+02,1.442332720278535979e-03
1.185091813963361034e+02,2.077972669063491654e-03
1.185839977987327813e+02,2.037952538692558435e-03
1.186588142011294593e+02,2.085416933643706276e-03
1.187336306035261373e+02,2.198582107000843222e-03
1.188084470059228153e+02,1.612029133849848805e-03
1.188832634083194932e+02,1.617034056304772092e-03
1.189580798107161712e+02,2.379519792892622297e-03
1.190328962131128492e+02,1.891053128416412014e-03
1.191077126155095272e+02,1.232756206215223065e-03
1.191825290179061909e+02,1.836173486819278871e-03
1.192573454203028689e+02,1.472681347147556784e-03
1.193321618226995469e+02,9.136622393184606460e-04
1.194069782250962248e+02,1.800967806037337025e-03
1.194817946274929028e+02,2.304701912060172324e-03
1.195566110298895808e+02,1.023794438029164118e-03
1.196314274322862587e+02,1.946039783460269202e-03
1.197062438346829367e+02,1.304185244550644298e-03
1.197810602370796147e+02,2.008252589983520510e-04
1.198558766394762927e+02,9.441444973882159603e-04
1.199306930418729706e+02,9.491050267123681038e-04
1.200055094442696486e+02,1.003936618232772245e-03
1.200803258466663124e+02,1.499334362636105993e-03
1.201551422490629903e+02,1.248278370358110734e-03
1.202299586514596683e+02,8.108418816125770746e-04
1.203047750538563463e+02,6.000738659794984092e-04
1.203795914562530243e+02,1.025940924246946480e-03
1.204544078586497022e+02,7.183100314429859091e-04
1.205292242610463802e+02,4.815395917378225451e-04
1.206040406634430582e+02,5.678505819384702374e-04
1.206788570658397362e+02,8.604100903056877700e-04
1.207536734682364141e+02,4.440135184912317665e-04
1.208284898706330921e+02,1.539451178111666315e-03
1.209033062730297701e+02,1.082455473463435520e-03
1.209781226754264480e+02,1.473022304332418037e-03
1.210529390778231118e+02,1.458877358721699831e-03
1.211277554802197898e+02,1.834152406553949061e-03
1.212025718826164677e+02,1.998390844958106149e-03
1.212773882850131457e+02,3.012272337676731820e-04
1.213522046874098237e+02,2.212028703751206613e-03
1.214270210898065017e+02,1.472461121550745810e-03
1.215018374922031796e+02,6.908694547812545272e-04
1.215766538945998576e+02,1.355557278821902054e-03
1.216514702969965356e+02,2.966190426328545876e-03
1.217262866993932136e+02,3.836061486999248638e-03
1.218011031017898915e+02,2.995572934833523691e-03
1.218759195041865695e+02,2.654464988921592227e-03
1.219507359065832333e+02,3.062925877641193423e-03
1.220255523089799112e+02,2.754140789679153638e-03
1.221003687113765892e+02,1.357134556507541513e-03
1.221751851137732672e+02,3.492746004284277383e-04
1.222500015161699451e+02,8.371638036607569012e-04
1.223248179185666231e+02,1.413638604168102096e-03
1.223996343209633011e+02,1.411837391143047843e-03
1.224744507233599791e+02,4.009506012916412218e-04
1.225492671257566570e+02,5.362496484213003043e-04
1.226240835281533350e+02,8.583470692567999206e-04
1.226988999305500130e+02,1.270317473473076041e-03
1.227737163329466910e+02,1.562053210233011434e-03
1.228485327353433689e+02,1.771126447384540692e-03
1.229233491377400327e+02,7.945416683973792818e-04
1.229981655401367107e+02,7.156649266050105727e-04
1.230729819425333886e+02,1.002497751286009729e-03
1.231477983449300666e+02,8.619781308059970082e-04
1.232226147473267446e+02,4.194031947741065614e-04
1.232974311497234225e+02,4.739139231747325283e-04
1.233722475521201005e+02,9.759597101174694771e-04
1.234470639545167785e+02,9.915459587690020511e-04
1.235218803569134565e+02,1.694521058602565123e-03
1.235966967593101344e+02,2.322993139974923339e-03
1.236715131617068124e+02,1.455750837418058087e-03
1.237463295641034904e+02,8.832783901431935040e-04
1.238211459665001541e+02,1.110424418128184683e-03
1.238959623688968321e+02,1.257825260639038468e-04
1.239707787712935101e+02,5.540262585419679971e-04
1.240455951736901881e+02,1.272320665986757457e-03
1.241204115760868660e+02,2.303037442558986386e-03
1.241952279784835440e+02,3.554154227591903780e-04
1.242700443808802220e+02,6.882842582500305713e-04
1.243448607832769000e+02,5.789492945713408875e-04
1.244196771856735779e+02,1.083381983296806189e-03
1.244944935880702559e+02,6.331812628429621522e-04
1.245693099904669339e+02,3.011261912518830132e-04
1.246441263928636118e+02,7.360048121960221981e-04
1.247189427952602898e+02,4.761584128800568755e-04
1.247937591976569536e+02,2.485685226368728948e-03
1.248685756000536315e+02,1.358619811064965769e-03
1.249433920024503095e+02,3.397878537372910068e-03
1.250182084048469875e+02,4.154966921229959892e-03
1.250930248072436655e+02,1.515525820773840158e-03
1.251678412096403434e+02,5.513763890639711588e-04
1.252426576120370214e+02,2.053013376321186252e-04
1.253174740144336994e+02,2.426499243583731241e-03
1.253922904168303774e+02,2.161710264794540742e-03
1.254671068192270553e+02,8.235413569368259159e-04
1.255419232216237333e+02,1.971101283362224153e-03
1.256167396240204113e+02,2.731224967322643839e-03
1.256915560264170750e+02,1.133457361275489600e-03
1.257663724288137530e+02,5.709638162455850808e-04
1.258411888312104310e+02,1.897208349818780551e-03
1.259160052336071089e+02,9.165154908033417780e-04
1.259908216360037869e+02,1.020648825091497461e-04
1.260656380384004649e+02,8.597133389354186988e-04
1.261404544407971429e+02,2.093413154894607255e-03
1.262152708431938208e+02,2.833211828180179359e-03
1.262900872455904988e+02,1.647055037685198195e-03
1.263649036479871768e+02,8.883183379373816657e-04
1.264397200503838548e+02,1.179487064081899622e-03
1.265145364527805327e+02,5.082305583817253291e-04
1.265893528551772107e+02,1.618968265363037460e-03
1.266641692575738745e+02,9.683847780417294358e-04
1.267389856599705524e+02,2.451955903986784320e-03
1.268138020623672304e+02,3.750555682558450767e-03
1.268886184647639084e+02,2.410730220273335847e-03
1.269634348671605864e+02,7.297969013180363772e-04
1.270382512695572643e+02,1.201953249979899373e-03
1.271130676719539423e+02,1.922136800586870739e-03
1.271878840743506203e+02,1.433640767578314842e-03
1.272627004767472982e+02,1.134970008915661514e-03
1.273375168791439762e+02,1.814045275277768486e-03
1.274123332815406542e+02,1.540315661004939369e-03
1.274871496839373322e+02,5.211686986573317712e-04
1.275619660863339959e+02,9.767847009377237343e-04
1.276367824887306739e+02,4.825901071199596303e-04
1.277115988911273519e+02,1.688863774533944009e-03
1.277864152935240298e+02,1.917364396533187323e-03
1.278612316959207078e+02,2.506958210104505078e-03
1.279360480983173858e+02,1.120116493418285390e-03
1.280108645007140638e+02,2.415141635057912062e-03
1.280856809031107275e+02,1.186762638842694083e-03
1.281604973055074197e+02,5.108629617393011012e-04
1.282353137079040835e+02,5.915111381170416434e-04
1.283101301103007756e+02,1.626913983897054772e-03
1.283849465126974394e+02,2.328058930838092840e-03
1.284597629150941316e+02,2.287514146631774471e-03
1.285345793174907953e+02,8.918804533337100406e-04
1.286093957198874875e+02,1.567881748475099960e-03
1.286842121222841513e+02,1.712899232219286701e-03
1.287590285246808435e+02,9.038726203322612618e-04
1.288338449270775072e+02,1.262871060219664370e-03
1.289086613294741994e+02,2.567588519286265018e-03
1.289834777318708632e+02,1.584416968154321419e-03
1.290582941342675269e+02,1.777794118814015234e-04
1.291331105366642191e+02,1.470003992597704876e-03
1.292079269390608829e+02,2.654882311672354060e-03
1.292827433414575751e+02,2.160713930474804281e-03
1.293575597438542388e+02,9.179464703345949434e-04
1.294323761462509310e+02,2.970351637994620222e-04
1.295071925486475948e+02,7.991162906517456158e-04
1.295820089510442870e+02,8.096594156383646627e-04
1.296568253534409507e+02,9.237418798530653554e-04
1.297316417558376429e+02,6.662242156708074762e-04
1.298064581582343067e+02,7.562903814394621128e-04
1.298812745606309704e+02,1.158375805579709827e-03
1.299560909630276626e+02,8.416156659611231461e-04
1.300309073654243264e+02,6.282721316177986145e-04
1.301057237678210186e+02,1.029394590507714874e-03
1.301805401702176823e+02,1.694187266285601635e-03
1.302553565726143745e+02,1.243243473064144060e-03
1.303301729750110383e+02,7.028276546021511827e-04
1.304049893774077304e+02,4.475431910873503235e-04
1.304798057798043942e+02,7.295817625481448333e-04
1.305546221822010864e+02,7.329423934158533788e-04
1.306294385845977502e+02,3.661915411629837599e-04
1.307042549869944423e+02,7.086182409228304569e-04
1.307790713893911061e+02,9.658685777458224722e-04
1.308538877917877699e+02,8.415419801769877641e-04
1.309287041941844620e+02,2.724609213263313925e-03
1.310035205965811258e+02,3.389997200027537565e-03
1.310783369989778180e+02,1.859098098981561012e-03
1.311531534013744817e+02,1.292879819874606824e-03
1.312279698037711739e+02,1.538079174557014598e-03
1.313027862061678377e+02,1.034806040845585038e-03
1.313776026085645299e+02,2.033164262990013512e-03
1.314524190109611936e+02,1.933956755266230546e-03
1.315272354133578858e+02,5.352154026934162825e-04
1.316020518157545496e+02,1.262237351191821972e-03
1.316768682181512418e+02,1.169142967514305619e-03
1.317516846205479055e+02,4.172477583033593258e-04
1.318265010229445693e+02,5.107360822634575718e-04
1.319013174253412615e+02,4.014676054489086971e-04
1.319761338277379252e+02,4.977647790083716307e-04
1.320509502301346174e+02,5.560510936252637980e-04
1.321257666325312812e+02,1.143375994205467162e-03
1.322005830349279734e+02,9.844626354140618291e-04
1.322753994373246371e+02,8.293037394201034727e-04
1.323502158397213293e+02,5.723499872065103238e-04
1.324250322421179931e+02,1.192892210354751063e-03
1.324998486445146852e+02,1.551293654984465349e-03
1.325746650469113490e+02,1.459291312169813367e-03
1.326494814493080412e+02,1.290009471246671190e-03
1.327242978517047050e+02,1.061594121078742207e-03
1.327991142541013687e+02,3.528575109928379708e-03
1.328739306564980609e+02,1.530325307748403498e-03
1.329487470588947247e+02,7.650914020641426914e-04
1.330235634612914168e+02,8.472992441933660827e-04
1.330983798636880806e+02,1.157133827952665705e-03
1.331731962660847728e+02,2.160371553968489042e-03
1.332480126684814365e+02,7.958154602470855158e-04
1.333228290708781287e+02,7.166234225736306009e-04
1.333976454732747925e+02,4.799953776221564596e-04
1.334724618756714847e+02,8.620354537522240904e-04
1.335472782780681484e+02,7.080770998020302371e-04
1.336220946804648122e+02,1.390236196541654251e-03
1.336969110828615044e+02,1.451540874584358355e-03
1.337717274852581681e+02,1.339655289342275542e-03
1.338465438876548603e+02,1.320819639895580303e-03
1.339213602900515241e+02,1.113178492849697726e-03
1.339961766924482163e+02,5.706930564036585916e-04
1.340709930948448800e+02,3.901874079219901960e-04
1.341458094972415722e+02,8.860188960397903527e-04
1.342206258996382360e+02,5.771378808230126457e-04
1.342954423020349282e+02,1.164769656818603156e-03
1.343702587044315919e+02,1.429419793995024158e-03
1.344450751068282841e+02,9.883338476459563402e-04
1.345198915092249479e+02,6.864315444181562148e-04
1.345947079116216116e+02,1.313065450509909088e-03
1.346695243140183038e+02,1.416314087427408526e-03
1.347443407164149676e+02,8.256120239628792976e-04
1.348191571188116598e+02,4.901151046648032517e-04
1.348939735212083235e+02,4.052478968088048077e-04
1.349687899236050157e+02,6.117255694162696174e-05
1.350436063260016795e+02,5.378094620649560538e-04
1.351184227283983716e+02,2.943259828720693350e-04
1.351932391307950354e+02,1.013657670853652633e-03
1.352680555331917276e+02,6.772555922013394868e-04
1.353428719355883914e+02,3.027708190953928066e-04
1.354176883379850835e+02,4.471927971761662890e-04
1.354925047403817473e+02,1.274866294733921447e-03
1.355673211427784111e+02,1.951319714551950565e-03
1.356421375451751032e+02,2.380055350913643473e-03
1.357169539475717670e+02,1.114011948409135335e-03
1.357917703499684592e+02,5.640411255342606556e-04
1.358665867523651229e+02,7.640917538792607209e-04
1.359414031547618151e+02,8.958287488332197053e-04
1.360162195571584789e+02,6.857674607058316611e-04
1.360910359595551711e+02,3.401735339796426588e-04
1.361658523619518348e+02,7.952722874480991485e-04
1.362406687643485270e+02,1.159435244247687506e-03
1.363154851667451908e+02,1.155886183683204347e-03
1.363903015691418830e+02,3.482745054904154555e-04
1.364651179715385467e+02,7.348018531255017622e-04
1.365399343739352105e+02,1.067110253370252317e-03
1.366147507763319027e+02,1.211277834545731536e-03
1.366895671787285664e+02,1.628303286344448802e-03
1.367643835811252586e+02,1.795571870517756984e-03
1.368391999835219224e+02,8.039258344066653288e-04
1.369140163859186146e+02,1.644462720411957917e-03
1.369888327883152783e+02,2.327196264516129612e-03
1.370636491907119705e+02,1.487448794647598096e-03
1.371384655931086343e+02,2.140033747317422307e-03
1.372132819955053264e+02,2.288745036743268166e-03
1.372880983979019902e+02,2.553176636704115963e-03
1.373629148002986540e+02,2.221975172152545856e-03
1.374377312026953462e+02,6.294350622712165241e-04
1.375125476050920099e+02,5.528219140984531790e-04
1.375873640074887021e+02,8.319538048181302934e-04
1.376621804098853659e+02,1.198815115305823693e-03
1.377369968122820580e+02,4.951567538948466836e-04
1.378118132146787218e+02,1.243174602345470696e-03
1.378866296170754140e+02,1.754005123776259095e-03
1.379614460194720778e+02,1.132288022505894024e-03
1.380362624218687699e+02,3.462314795813580372e-04
1.381110788242654337e+02,7.043159435411871930e-04
1.381858952266621259e+02,1.706363914019954199e-04
1.382607116290587896e+02,1.224700690847018922e-03
1.383355280314554534e+02,1.160779943865114777e-03
1.384103444338521456e+02,2.923726520803561816e-04
1.384851608362488093e+02,5.438654453599488280e-04
1.385599772386455015e+02,3.638554766343141079e-04
1.386347936410421653e+02,4.299523959415971013e-04
1.387096100434388575e+02,9.061771107173473803e-04
1.387844264458355212e+02,1.875568609587213373e-03
1.388592428482322134e+02,1.072372321054862855e-03
1.389340592506288772e+02,2.635865127358281946e-04
1.390088756530255694e+02,3.635430281983656519e-04
1.390836920554222331e+02,6.090352486370854881e-04
1.391585084578189253e+02,1.333831583044313516e-03
1.392333248602155891e+02,2.434378719040425354e-03
1.393081412626122528e+02,1.551723000924398006e-03
1.393829576650089450e+02,1.091132786122071168e-03
1.394577740674056088e+02,1.631829631744571591e-03
1.395325904698023010e+02,9.144683387997714274e-04
1.396074068721989647e+02,8.644010410447423593e-04
1.396822232745956569e+02,1.088792822621331181e-03
1.397570396769923207e+02,7.678445228453913878e-04
1.398318560793890128e+02,7.477752398646764090e-04
1.399066724817856766e+02,8.920675096846659687e-04
1.399814888841823688e+02,1.075130784129754279e-03
1.400563052865790326e+02,2.960052494400110821e-04
1.401311216889757247e+02,3.721773093107324203e-04
1.402059380913723885e+02,3.756357908417041125e-04
1.402807544937690523e+02,8.129142255081443606e-04
1.403555708961657444e+02,2.677086060905285877e-04
1.404303872985624082e+02,1.666859391244940010e-03
1.405052037009591004e+02,3.946679375356118829e-04
1.405800201033557641e+02,6.014056610096904683e-03
1.406548365057524563e+02,6.183722367823043728e-03
1.407296529081491201e+02,1.030367724697185640e-03
1.408044693105458123e+02,8.612671526394602949e-04
1.408792857129424760e+02,1.103611755236469502e-03
1.409541021153391682e+02,2.098873014090392279e-03
1.410289185177358320e+02,1.468953311572507867e-03
1.411037349201324957e+02,9.773025327706934360e-04
1.411785513225291879e+02,1.771117436338296445e-03
1.412533677249258517e+02,1.335434559413565961e-03
1.413281841273225439e+02,7.860079297214159818e-04
1.414030005297192076e+02,1.860460297823673037e-03
1.414778169321158998e+02,2.326865043061960691e-03
1.415526333345125636e+02,8.554224112025665683e-04
1.416274497369092558e+02,1.091079947303622922e-03
1.417022661393059195e+02,1.340884179375599313e-03
1.417770825417026117e+02,1.042718976445006001e-03
1.418518989440992755e+02,4.700526299993567649e-04
1.419267153464959677e+02,3.300321772147581816e-04
1.420015317488926314e+02,1.280534415997149978e-03
1.420763481512892952e+02,2.070514941248686493e-03
1.421511645536859874e+02,1.481689992642210843e-03
1.422259809560826511e+02,1.869057237583036718e-03
1.423007973584793433e+02,1.511985083385658383e-03
1.423756137608760071e+02,1.062014323427138167e-03
1.424504301632726992e+02,2.008538734119828546e-03
1.425252465656693630e+02,1.617229341519339910e-03
1.426000629680660552e+02,1.357053994915532981e-03
1.426748793704627190e+02,1.758291055180095019e-03
1.427496957728594111e+02,1.588018894998409437e-03
1.428245121752560749e+02,1.071202644130311203e-03
1.428993285776527671e+02,3.833246402561229582e-04
1.429741449800494308e+02,1.190220805843088953e-03
1.430489613824460946e+02,1.498010035246675510e-03
1.431237777848427868e+02,1.373973988824990543e-03
1.431985941872394505e+02,3.541042585566316135e-04
1.432734105896361427e+02,1.389568042323814472e-03
1.433482269920328065e+02,1.867935874021372025e-03
1.434230433944294987e+02,1.772481916111936975e-03
1.434978597968261624e+02,1.485837034118115720e-03
1.435726761992228546e+02,3.537927952674463686e-04
1.436474926016195184e+02,1.105584872325250179e-03
1.437223090040162106e+02,2.472214909226608096e-04
1.437971254064128743e+02,4.337853427686857305e-04
1.438719418088095665e+02,3.393704363471573252e-04
1.439467582112062303e+02,7.404983048070898572e-04
1.440215746136028940e+02,1.881802483776879578e-03
1.440963910159995862e+02,9.990511683087277810e-04
1.441712074183962500e+02,1.584767951895283246e-04
1.442460238207929422e+02,1.305095291193356143e-03
1.443208402231896059e+02,9.749644288340169468e-04
1.443956566255862981e+02,5.801418565999940085e-04
1.444704730279829619e+02,1.473513186545433694e-03
1.445452894303796540e+02,1.781227502555760922e-03
1.446201058327763178e+02,8.257009476298508496e-04
1.446949222351730100e+02,1.146801306722540839e-03
1.447697386375696738e+02,1.229991009611574281e-03
1.448445550399663375e+02,9.383541564488788846e-04
1.449193714423630297e+02,1.200590284240027426e-03
1.449941878447596935e+02,1.504584170667858751e-03
1.450690042471563856e+02,1.165720141915766329e-03
1.451438206495530494e+02,1.654796286162244336e-03
1.452186370519497416e+02,1.647826375930199752e-03
1.452934534543464054e+02,1.734798497950309744e-03
1.453682698567430975e+02,1.283277011539254346e-03
1.454430862591397613e+02,2.931378233963476414e-04
1.455179026615364535e+02,1.238357745804756754e-03
1.455927190639331172e+02,9.337723222427342634e-04
1.456675354663298094e+02,9.426383457847339453e-04
1.457423518687264732e+02,1.984208298161283749e-03
1.458171682711231369e+02,8.447378034857769627e-04
1.458919846735198291e+02,1.018907527477052591e-03
1.459668010759164929e+02,1.554576032713668801e-03
1.460416174783131851e+02,1.070418572299055432e-03
1.461164338807098488e+02,9.165918390961870846e-04
1.461912502831065410e+02,7.013917592368559958e-04
1.462660666855032048e+02,1.241163103242253060e-03
1.463408830878998970e+02,5.386782366280622051e-04
1.464156994902965607e+02,8.616507689232289543e-04
1.464905158926932529e+02,2.275088660962045113e-04
1.465653322950899167e+02,1.907059956701318004e-03
1.466401486974866089e+02,2.896436334193680170e-03
1.467149650998832726e+02,7.080057689392468519e-04
1.467897815022799364e+02,1.062788464204372047e-03
1.468645979046766286e+02,4.942826853229276068e-04
1.469394143070732923e+02,1.900868591910413481e-03
1.470142307094699845e+02,2.028111826451791961e-03
1.470890471118666483e+02,1.380027355256091071e-03
1.471638635142633404e+02,6.983433863717047364e-04
1.472386799166600042e+02,8.825166491378751447e-04
1.473134963190566964e+02,6.993837347386183982e-04
1.473883127214533602e+02,3.731275222018764202e-04
1.474631291238500523e+02,6.121218910788638295e-05
1.475379455262467161e+02,2.491804492849560232e-04
1.476127619286434083e+02,5.320587091896858932e-04
1.476875783310400720e+02,7.220916430785687037e-04
1.477623947334367358e+02,4.832356249604113745e-04
1.478372111358334280e+02,1.167723381504425341e-03
1.479120275382300917e+02,1.695013909920415262e-03
1.479868439406267839e+02,5.712787417905250973e-04
1.480616603430234477e+02,6.671363879789561765e-04
1.481364767454201399e+02,1.416545432118859098e-03
1.482112931478168036e+02,1.532959076010446606e-03
1.482861095502134958e+02,1.389780041198813640e-03
1.483609259526101596e+02,1.134201668269741456e-03
1.484357423550068518e+02,1.251244610105857642e-03
1.485105587574035155e+02,1.712499770449224957e-03
1.485853751598001793e+02,2.195814934172440284e-03
1.486601915621968715e+02,2.031581339803743055e-03
1.487350079645935352e+02,1.170629287063973574e-03
1.488098243669902274e+02,2.073432183532460712e-04
1.488846407693868912e+02,1.161495904515500279e-03
1.489594571717835834e+02,1.936352646716217813e-03
1.490342735741802471e+02,1.257197824243103720e-03
1.491090899765769393e+02,1.086031894742933712e-03
1.491839063789736031e+02,8.394486679246386833e-04
1.492587227813702953e+02,1.514375251859815001e-03
1.493335391837669590e+02,1.033907031640009981e-03
1.494083555861636512e+02,7.347809274221155399e-04
1.494831719885603150e+02,6.628639506853854215e-04
1.495579883909569787e+02,8.970157926450419723e-04
1.496328047933536709e+02,1.737792139086312936e-03
1.497076211957503347e+02,1.213993482670146923e-03
1.497824375981470268e+02,1.664842116770590304e-03
1.498572540005436906e+02,1.138947034788549608e-03
1.499320704029403828e+02,8.688009544289982669e-04
1.500068868053370466e+02,7.671522278419497373e-04
1.500817032077337387e+02,8.540606824401178899e-04
1.501565196101304025e+02,5.910469112176041035e-04
1.502313360125270947e+02,1.490285708941845163e-03
1.503061524149237584e+02,1.090069217951577293e-03
1.503809688173204506e+02,1.414336991384807505e-04
1.504557852197171144e+02,8.887177232066770759e-04
1.505306016221137781e+02,3.307756788140656166e-04
1.506054180245104703e+02,6.166751547762055379e-04
1.506802344269071341e+02,8.450810737159343122e-04
1.507550508293038263e+02,1.163554271380763151e-03
1.508298672317004900e+02,7.272666729457009666e-04
1.509046836340971822e+02,1.651093610605520534e-03
1.509795000364938460e+02,1.211424363894487901e-03
1.510543164388905382e+02,9.897730964378310264e-04
1.511291328412872019e+02,1.067351768282083588e-03
1.512039492436838941e+02,1.063818826690688790e-03
1.512787656460805579e+02,1.630615430765049905e-03
1.513535820484772501e+02,5.659334064336219100e-04
1.514283984508739138e+02,7.841305421167800308e-04
1.515032148532705776e+02,1.472576152666162010e-03
1.515780312556672698e+02,1.512737088812539030e-03
1.516528476580639335e+02,8.819817042626853848e-04
1.517276640604606257e+02,7.994012454669418427e-04
1.518024804628572895e+02,1.342216051149239166e-03
1.518772968652539817e+02,1.443960585133126622e-03
1.519521132676506454e+02,5.765754991634826441e-04
1.520269296700473376e+02,2.030893102924169978e-04
1.521017460724440014e+02,3.394592998683614417e-04
1.521765624748406935e+02,7.228613030743064180e-04
1.522513788772373573e+02,1.104167358292686618e-03
1.523261952796340211e+02,1.192908874686765411e-03
1.524010116820307132e+02,2.580776308451954203e-04
1.524758280844273770e+02,9.942999934968613056e-04
1.525506444868240692e+02,1.388588284346212219e-03
1.526254608892207330e+02,6.582400963673123908e-04
1.527002772916174251e+02,1.481335883268881503e-03
1.527750936940140889e+02,1.715536702717501954e-03
1.528499100964107811e+02,1.507889473930352749e-03
1.529247264988074448e+02,1.725440422858113068e-03
1.529995429012041370e+02,5.495725033221799576e-04
1.530743593036008008e+02,1.364783502877134520e-03
1.531491757059974930e+02,1.258408759295113685e-03
1.532239921083941567e+02,1.127920613766531443e-03
1.532988085107908205e+02,7.065849541858235713e-04
1.533736249131875127e+02,2.672060095650610669e-04
1.534484413155841764e+02,9.986481204765857225e-04
1.535232577179808686e+02,1.583168039122181871e-03
1.535980741203775324e+02,1.495396157829423540e-03
1.536728905227742246e+02,1.475824653801078310e-03
1.537477069251708883e+02,2.222790327881659853e-03
1.538225233275675805e+02,1.452308679005748140e-03
1.538973397299642443e+02,2.423191053686372996e-04
1.539721561323609365e+02,1.344594378358101097e-03
1.540469725347576002e+02,1.636257179024604939e-03
1.541217889371542924e+02,1.144021548730817352e-03
1.541966053395509562e+02,1.060251794660206246e-03
1.542714217419476199e+02,9.666093578588740454e-04
1.543462381443443121e+02,8.226421306756298785e-04
1.544210545467409759e+02,9.179011846313972402e-04
1.544958709491376680e+02,6.245184049469259396e-04
1.545706873515343318e+02,8.775927649526413330e-04
1.546455037539310240e+02,5.867907428617662527e-04
1.547203201563276878e+02,5.645559513481637716e-04
1.547951365587243799e+02,4.433951324777752972e-04
1.548699529611210437e+02,1.566570643057688030e-03
1.549447693635177359e+02,7.466466120816218303e-04
1.550195857659143996e+02,1.265756345582641539e-03
1.550944021683110634e+02,1.908756505745679011e-03
1.551692185707077556e+02,1.619071555464004792e-03
1.552440349731044194e+02,1.918271824868977415e-03
1.553188513755011115e+02,1.783082846600170680e-03
1.553936677778977753e+02,1.094267009121338563e-03
1.554684841802944675e+02,3.282206903208033941e-04
1.555433005826911312e+02,1.183053390296729063e-03
1.556181169850878234e+02,1.010499946531221013e-03
1.556929333874844872e+02,5.229146665151815625e-04
1.557677497898811794e+02,9.471470251493776605e-04
1.558425661922778431e+02,1.367841462445243622e-03
1.559173825946745353e+02,7.257441693085568213e-04
1.559921989970711991e+02,1.113791037085574889e-03
1.560670153994678628e+02,2.137230622163291752e-03
1.561418318018645550e+02,4.202375883542825222e-03
1.562166482042612188e+02,1.596730097995244582e-02
1.562914646066579110e+02,1.250826305905719874e-02
1.563662810090545747e+02,2.497633739672045373e-03
1.564410974114512669e+02,3.412629105071825078e-04
1.565159138138479307e+02,1.062137534346884772e-03
1.565907302162446229e+02,1.900077616109146356e-03
1.566655466186412866e+02,9.687499847094555548e-04
1.567403630210379788e+02,9.834035495006560133e-04
1.568151794234346426e+02,1.123986247420417266e-03
1.568899958258313347e+02,2.893386223455397810e-04
1.569648122282279985e+02,3.830752893805619130e-04
1.570396286306246623e+02,8.051009762405642988e-04
1.571144450330213544e+02,1.533395142127908298e-03
1.571892614354180182e+02,1.564326197995367929e-03
1.572640778378147104e+02,1.365975919408421099e-03
1.573388942402113742e+02,1.385050224038074851e-03
1.574137106426080663e+02,1.431073293069539494e-03
1.574885270450047301e+02,1.313367894435974684e-03
1.575633434474014223e+02,9.707022110854104805e-04
1.576381598497980860e+02,3.723569302319634095e-04
1.577129762521947782e+02,9.759013169779904521e-04
1.577877926545914420e+02,1.074912147047856880e-03
1.578626090569881342e+02,5.172002786680966226e-04
1.579374254593847979e+02,9.196184042627077041e-04
1.580122418617814617e+02,4.133675279698205201e-04
1.580870582641781539e+02,6.959516141707933158e-04
1.581618746665748176e+02,1.357520370833237896e-03
1.582366910689715098e+02,1.610728693639814713e-03
1.583115074713681736e+02,1.134817881151921597e-03
1.583863238737648658e+02,8.339698670607172213e-04
1.584611402761615295e+02,3.821663942043965830e-04
1.585359566785582217e+02,1.013601388036930321e-03
1.586107730809548855e+02,1.532872194046630337e-03
1.586855894833515777e+02,5.597179535352007169e-04
1.587604058857482414e+02,1.422488601032278165e-03
1.588352222881449052e+02,1.119376451725121987e-03
1.589100386905415974e+02,1.331038839527526590e-03
1.589848550929382611e+02,8.933607356785802818e-04
1.590596714953349533e+02,7.712567926860626260e-04
1.591344878977316171e+02,9.808708357197497025e-04
1.592093043001283093e+02,7.188084265675962750e-04
1.592841207025249730e+02,9.779720652295504062e-04
1.593589371049216652e+02,3.867395664783985164e-04
1.594337535073183290e+02,5.120600382806845575e-04
1.595085699097150211e+02,9.040005197894809526e-04
1.595833863121116849e+02,2.104237459925108102e-03
1.596582027145083771e+02,1.833715817823778618e-03
1.597330191169050408e+02,8.994822446315737380e-04
1.598078355193017046e+02,1.016622584107060258e-03
1.598826519216983968e+02,1.072478096767995716e-03
1.599574683240950606e+02,9.827862193138002262e-04
1.600322847264917527e+02,1.066807678639158669e-03
1.601071011288884165e+02,1.137871471986996296e-03
1.601819175312851087e+02,5.604758037101043857e-04
1.602567339336817724e+02,8.709726549114184127e-04
1.603315503360784646e+02,1.592772336778263591e-03
1.604063667384751284e+02,1.463111842235343980e-03
1.604811831408718206e+02,8.004989585086712701e-04
1.605559995432684843e+02,9.601477869599294671e-04
1.606308159456651765e+02,1.876130701140413248e-03
1.607056323480618403e+02,1.850712961001034626e-03
1.607804487504585040e+02,1.570838263855301939e-03
1.608552651528551962e+02,2.216556036539131264e-03
1.609300815552518600e+02,1.808011578144973945e-03
1.610048979576485522e+02,7.129936912174048014e-04
1.610797143600452159e+02,1.104286639520985625e-04
1.611545307624419081e+02,1.348841729591673680e-03
1.612293471648385719e+02,1.347369745040805046e-03
1.613041635672352641e+02,8.278158651208867951e-04
1.613789799696319278e+02,5.967723488078222234e-04
1.614537963720286200e+02,3.589781292755099247e-04
1.615286127744252838e+02,6.398356007989398431e-04
1.616034291768219759e+02,9.820272892490336959e-04
1.616782455792186397e+02,1.305720841822650882e-03
1.617530619816153035e+02,1.340693809712146731e-03
1.618278783840119956e+02,3.805038583195774395e-04
1.619026947864086594e+02,7.753599467280995489e-04
1.619775111888053516e+02,7.179371376994589122e-04
1.620523275912020154e+02,8.016068090350059357e-04
1.621271439935987075e+02,1.336251273075094977e-03
1.622019603959953713e+02,1.472650519069111956e-03
1.622767767983920635e+02,1.879645853814071411e-03
1.623515932007887272e+02,4.816761402907933061e-04
1.624264096031854194e+02,1.160245562930788208e-03
1.625012260055820832e+02,8.743361185977071475e-04
1.625760424079787470e+02,2.078025756276431508e-03
1.626508588103754391e+02,1.811500660928106908e-03
1.627256752127721029e+02,1.033574855830789911e-03
1.628004916151687951e+02,2.407130102599851467e-04
1.628753080175654588e+02,5.090869583486854139e-04
1.629501244199621510e+02,6.839225834890459276e-04
1.630249408223588148e+02,2.164540985791117093e-04
1.630997572247555070e+02,5.741598340348998217e-04
1.631745736271521707e+02,9.566568748624992412e-04
1.632493900295488629e+02,5.136616946255428496e-04
1.633242064319455267e+02,1.152932307089871286e-03
1.633990228343422189e+02,1.040452694000620079e-03
1.634738392367388826e+02,1.834465617852596960e-03
1.635486556391355464e+02,2.135281840048914703e-03
1.636234720415322386e+02,5.956835902818278204e-04
1.636982884439289023e+02,4.791812540765438399e-04
1.637731048463255945e+02,5.355071860151561398e-04
1.638479212487222583e+02,1.006533670172726118e-03
1.639227376511189505e+02,1.341660277863851447e-03
1.639975540535156142e+02,3.112299217471531463e-03
1.640723704559123064e+02,4.030406092393859323e-03
1.641471868583089702e+02,2.322133905774588242e-03
1.642220032607056623e+02,1.857077768065571377e-03
1.642968196631023261e+02,9.525674974308249131e-04
1.643716360654990183e+02,1.517238415668339556e-03
1.644464524678956820e+02,1.501568402849667253e-03
1.645212688702923458e+02,1.045610011468926922e-03
1.645960852726890380e+02,1.611510563278050964e-03
1.646709016750857018e+02,1.684286009097913945e-03
1.647457180774823939e+02,2.401867557047239303e-03
1.648205344798790577e+02,1.897718887188899880e-03
1.648953508822757499e+02,1.871015635490541390e-04
1.649701672846724136e+02,6.165508209580856892e-04
1.650449836870691058e+02,1.180666715867452693e-03
1.651198000894657696e+02,1.067356294015684185e-03
1.651946164918624618e+02,1.426474937563784046e-03
1.652694328942591255e+02,1.267485725455926504e-03
1.653442492966558177e+02,1.421056140553072404e-03
1.654190656990524815e+02,2.283577595523363871e-03
1.654938821014491452e+02,1.695931019529834044e-03
1.655686985038458374e+02,1.015528251193475876e-03
1.656435149062425012e+02,8.196482899361370259e-04
1.657183313086391934e+02,7.609087824360431752e-04
1.657931477110358571e+02,1.934254679739898534e-04
1.658679641134325493e+02,4.369992743100022115e-04
1.659427805158292131e+02,6.467014630345249617e-04
1.660175969182259053e+02,1.414334762588376074e-03
1.660924133206225690e+02,1.719207621819352459e-03
1.661672297230192612e+02,3.992679448613344344e-04
1.662420461254159250e+02,1.433872355110561714e-03
1.663168625278125887e+02,1.376166178183298259e-03
1.663916789302092809e+02,9.250061449624034362e-04
1.664664953326059447e+02,4.713084641150680812e-04
1.665413117350026369e+02,7.482792408907043254e-04
1.666161281373993006e+02,8.000803736809864331e-04
1.666909445397959928e+02,1.257455568136237479e-03
1.667657609421926566e+02,1.980106473716525782e-03
1.668405773445893487e+02,1.873401360796722809e-03
1.669153937469860125e+02,1.787551602179754916e-03
1.669902101493827047e+02,7.724208218432492782e-04
1.670650265517793684e+02,2.355337621289988088e-04
1.671398429541760606e+02,1.616979701031994983e-03
1.672146593565727244e+02,1.864368641808220213e-03
1.672894757589693882e+02,7.739942382742339647e-04
1.673642921613660803e+02,8.671955501646942590e-04
1.674391085637627441e+02,1.875991808827188198e-03
1.675139249661594363e+02,1.923719012401613323e-03
1.675887413685561000e+02,1.494848417080911701e-03
1.676635577709527922e+02,1.110419725404336285e-03
1.677383741733494560e+02,3.644513580327363904e-04
1.678131905757461482e+02,1.147129849291511888e-03
1.678880069781428119e+02,2.565072904109268193e-03
1.679628233805395041e+02,2.537229159529153562e-03
1.680376397829361679e+02,1.282762183289860294e-03
1.681124561853328601e+02,8.414485774764996276e-04
1.681872725877295238e+02,5.143111605721223736e-04
1.682620889901261876e+02,1.897824977849047064e-04
1.683369053925228798e+02,2.512222519850025267e-04
1.684117217949195435e+02,3.417021003385322850e-04
1.684865381973162357e+02,8.249209306947871169e-04
1.685613545997128995e+02,1.740765320439757865e-03
1.686361710021095917e+02,3.794430459993970326e-04
1.687109874045062554e+02,1.239006428313479263e-03
1.687858038069029476e+02,8.551823438637665750e-04
1.688606202092996114e+02,1.250559496363676769e-03
1.689354366116963035e+02,6.193890936962399233e-04
1.690102530140929673e+02,1.756375080395459511e-03
1.690850694164896595e+02,1.103028405602133298e-03
1.691598858188863232e+02,5.247100692975700245e-04
1.692347022212829870e+02,7.562806516393341975e-04
1.693095186236796792e+02,1.925872157365998401e-03
1.693843350260763430e+02,3.271248514888470873e-03
1.694591514284730351e+02,2.024649323347246441e-03
1.695339678308696989e+02,6.870440214521919553e-04
1.696087842332663911e+02,1.979510839389771962e-03
1.696836006356630548e+02,1.955619705983957946e-03
1.697584170380597470e+02,1.627594099109412086e-03
1.698332334404564108e+02,2.508385384607128826e-03
1.699080498428531030e+02,1.871781355818513204e-03
1.699828662452497667e+02,2.349997884681806427e-04
1.700576826476464305e+02,9.301939598593153514e-04
1.701324990500431227e+02,1.336679945344646653e-03
1.702073154524397864e+02,1.067871630603751693e-03
1.702821318548364786e+02,7.637424130314320611e-04
1.703569482572331424e+02,3.843772416401003813e-04
1.704317646596298346e+02,4.477932268365159745e-04
1.705065810620264983e+02,1.059381218763118162e-03
1.705813974644231905e+02,3.729337253320049502e-04
1.706562138668198543e+02,1.482225117328429299e-03
1.707310302692165465e+02,2.610341982588287608e-03
1.708058466716132102e+02,2.450571380793964416e-03
1.708806630740099024e+02,2.182257486962268199e-03
1.709554794764065662e+02,2.227367405040034561e-03
1.710302958788032299e+02,1.549691873686267606e-03
1.711051122811999221e+02,4.557778960977118044e-04
1.711799286835965859e+02,4.116937077119302139e-04
1.712547450859932781e+02,4.345108129110472725e-04
1.713295614883899418e+02,9.012544427635486854e-04
1.714043778907866340e+02,1.117016812337532500e-03
1.714791942931832978e+02,1.899050140986673942e-03
1.715540106955799899e+02,8.567270533357857105e-04
1.716288270979766537e+02,2.764158744635771079e-03
1.717036435003733459e+02,2.137105159839630935e-03
1.717784599027700096e+02,7.356387327078780548e-03
1.718532763051667018e+02,1.823961696977685273e-02
1.719280927075633656e+02,1.124571397430123784e-02
1.720029091099600294e+02,2.167022363180883589e-03
1.720777255123567215e+02,1.142196695222312715e-03
1.721525419147533853e+02,2.338200720185024378e-03
1.722273583171500775e+02,2.250299311952726547e-03
1.723021747195467412e+02,8.338575841504900464e-04
1.723769911219434334e+02,1.686562141369511107e-04
1.724518075243400972e+02,1.059932998344217600e-03
1.725266239267367894e+02,7.920623496235660536e-04
1.726014403291334531e+02,1.455823350074109861e-03
1.726762567315301453e+02,2.269945912231400437e-03
1.727510731339268091e+02,3.208269342031969725e-03
1.728258895363235013e+02,1.422226298116547466e-03
1.729007059387201650e+02,3.970437892821100743e-04
1.729755223411168288e+02,4.897759479825950033e-04
1.730503387435135210e+02,6.634792659656512173e-04
1.731251551459101847e+02,6.485063516923931723e-04
1.731999715483068769e+02,1.215562754832343875e-03
1.732747879507035407e+02,1.017675349139405324e-03
1.733496043531002329e+02,1.430163798566210474e-03
1.734244207554968966e+02,9.839393798914957290e-04
1.734992371578935888e+02,1.768439290421476920e-03
1.735740535602902526e+02,1.213797688472406438e-03
1.736488699626869447e+02,1.960795530734738370e-04
1.737236863650836085e+02,1.382401145099952135e-03
1.737985027674802723e+02,2.362675957982338266e-03
1.738733191698769645e+02,1.316426507358314313e-03
1.739481355722736282e+02,1.449551067233882185e-03
1.740229519746703204e+02,1.853205163305240554e-03
1.740977683770669842e+02,1.541407315114037358e-03
1.741725847794636763e+02,2.132261065786582224e-03
1.742474011818603401e+02,2.314608921587548145e-03
1.743222175842570323e+02,1.551819529189336303e-03
1.743970339866536960e+02,5.829671337762549295e-04
1.744718503890503882e+02,1.219083394559469661e-03
1.745466667914470520e+02,8.099531432740942781e-04
1.746214831938437442e+02,2.990819518456348954e-04
1.746962995962404079e+02,1.282221930368118322e-03
1.747711159986370717e+02,1.792082513159291499e-03
1.748459324010337639e+02,3.639938190832875333e-04
1.749207488034304276e+02,1.729136962144071053e-03
1.749955652058271198e+02,9.407098826524070779e-04
1.750703816082237836e+02,6.361067028876183325e-04
1.751451980106204758e+02,1.568862073072943173e-03
1.752200144130171395e+02,2.532176337638377892e-03
1.752948308154138317e+02,1.942036646912380718e-03
1.753696472178104955e+02,1.240622660296119032e-03
1.754444636202071877e+02,4.952484725859145195e-04
1.755192800226038514e+02,4.648553984262729518e-04
1.755940964250005436e+02,1.066887249273557612e-03
1.756689128273972074e+02,4.977408597338485539e-04
1.757437292297938711e+02,2.629109205158153620e-04
1.758185456321905633e+02,5.462488812310441286e-04
1.758933620345872271e+02,4.212468224076986486e-04
1.759681784369839193e+02,8.563602256650538298e-04
1.760429948393805830e+02,1.326883612412115649e-03
1.761178112417772752e+02,1.487295467193025826e-03
1.761926276441739390e+02,1.955250156686719545e-03
1.762674440465706311e+02,1.725509420202709721e-03
1.763422604489672949e+02,1.501057918122568292e-03
1.764170768513639871e+02,2.010849824641792235e-03
1.764918932537606509e+02,1.684134967643515337e-03
1.765667096561573430e+02,1.356255504933982651e-04
1.766415260585540068e+02,1.780933782174079581e-03
1.767163424609506706e+02,1.213962553802865399e-03
1.767911588633473627e+02,1.202424795561901844e-03
1.768659752657440265e+02,2.119713531912118584e-03
1.769407916681407187e+02,1.125077545618902641e-03
1.770156080705373824e+02,1.720669441065006975e-03
1.770904244729340746e+02,1.475802701190190346e-03
1.771652408753307384e+02,3.052013090453113762e-04
1.772400572777274306e+02,4.970910947351941511e-04
1.773148736801240943e+02,9.187456016594763636e-04
1.773896900825207865e+02,1.074652113784357313e-03
1.774645064849174503e+02,6.579949293376516090e-04
1.775393228873141140e+02,1.328014693433948691e-04
1.776141392897108062e+02,1.569881758441385835e-03
1.776889556921074700e+02,1.557838567776870416e-03
1.777637720945041622e+02,8.709708897966130089e-04
1.778385884969008259e+02,4.609790807048028995e-04
1.779134048992975181e+02,8.309422023760901568e-04
1.779882213016941819e+02,9.196512148087205695e-04
1.780630377040908741e+02,6.552723719380832345e-04
1.781378541064875378e+02,7.826846027141374585e-04
1.782126705088842300e+02,1.457368975663666513e-03
1.782874869112808938e+02,5.311978233643865075e-04
1.783623033136775859e+02,3.333616200847838761e-04
1.784371197160742497e+02,3.888572014588805503e-04
1.785119361184709135e+02,4.829259698509249816e-04
1.785867525208676057e+02,1.501122675171680200e-03
1.786615689232642694e+02,7.133402209044484039e-04
1.787363853256609616e+02,1.543052306715873888e-03
1.788112017280576254e+02,2.508888039532681299e-03
1.788860181304543175e+02,1.290076394126806738e-03
1.789608345328509813e+02,1.818758426789033331e-03
1.790356509352476735e+02,2.140247687814049709e-03
1.791104673376443372e+02,1.311743227600993588e-03
1.791852837400410294e+02,7.689687586252312926e-04
1.792601001424376932e+02,6.861130174233819870e-04
1.793349165448343854e+02,5.630178076112813106e-04
1.794097329472310491e+02,3.527048264646016873e-04
1.794845493496277129e+02,8.009543141686534294e-04
1.795593657520244051e+02,8.959256346176073778e-04
1.796341821544210688e+02,1.450423543051526003e-03
1.797089985568177610e+02,1.268065304990754084e-03
1.797838149592144248e+02,6.545573700026154074e-04
1.798586313616111170e+02,1.274461871926028510e-03
1.799334477640077807e+02,1.451089606497193204e-03
1.800082641664044729e+02,1.315216085707530394e-03
1.800830805688011367e+02,9.953533679992183740e-04
1.801578969711978289e+02,7.653433240003778854e-04
1.802327133735944926e+02,1.811062529348134447e-04
1.803075297759911848e+02,2.440288461242551895e-04
1.803823461783878486e+02,2.181561358984519458e-03
1.804571625807845123e+02,2.139761556133105719e-03
1.805319789831812045e+02,1.185663611220429733e-03
1.806067953855778683e+02,1.172742478659502497e-03
1.806816117879745605e+02,7.488001283160754164e-04
1.807564281903712242e+02,8.026296402101100935e-04
1.808312445927679164e+02,8.428401618735231315e-04
1.809060609951645802e+02,1.486952144504212351e-03
1.809808773975612723e+02,1.909691592337293617e-03
1.810556937999579361e+02,1.603136796736232342e-03
1.811305102023546283e+02,9.743959338887483133e-04
1.812053266047512921e+02,4.013987631785868632e-04
1.812801430071479558e+02,7.779063939078433845e-04
1.813549594095446480e+02,1.181576263457075103e-03
1.814297758119413118e+02,1.693320268065827243e-03
1.815045922143380039e+02,2.689558929568349691e-03
1.815794086167346677e+02,1.123267749917784180e-03
1.816542250191313599e+02,1.317998107905241946e-03
1.817290414215280236e+02,1.394993463632373349e-03
1.818038578239247158e+02,9.218385734208698343e-04
1.818786742263213796e+02,9.063997302828359463e-04
1.819534906287180718e+02,1.004319928432632686e-03
1.820283070311147355e+02,3.833303764963785318e-06
1.821031234335114277e+02,1.480925995270842318e-04
1.821779398359080915e+02,1.640733324265953403e-03
1.822527562383047552e+02,1.096789758818202207e-03
1.823275726407014474e+02,1.265727805141613664e-03
1.824023890430981112e+02,2.106902482771678443e-03
1.824772054454948034e+02,2.346863169747471969e-03
1.825520218478914671e+02,2.419326132288582287e-03
1.826268382502881593e+02,8.548315525981364273e-04
1.827016546526848231e+02,3.139447345892279625e-04
1.827764710550815153e+02,9.938562454612981985e-04
1.828512874574781790e+02,9.993124371346013331e-04
1.829261038598748712e+02,4.038892516312979331e-04
1.830009202622715350e+02,1.463769115138792345e-03
1.830757366646682271e+02,1.759297900926210315e-03
1.831505530670648909e+02,2.101571372404413291e-03
1.832253694694615547e+02,2.132974943170105973e-03
1.833001858718582469e+02,1.659589290131792232e-03
1.833750022742549106e+02,3.939186234093840569e-04
1.834498186766516028e+02,1.062678780997996586e-03
1.835246350790482666e+02,2.402694934925534483e-03
1.835994514814449587e+02,3.085805934541494162e-03
1.836742678838416225e+02,1.993116735120585570e-03
1.837490842862383147e+02,1.764048660733492815e-04
1.838239006886349785e+02,5.004682490818917291e-04
1.838987170910316706e+02,1.599626855638963370e-03
1.839735334934283344e+02,1.782997336925904418e-03
1.840483498958250266e+02,6.030867500104971409e-04
1.841231662982216903e+02,5.362261034791623035e-04
1.841979827006183541e+02,1.186045734756970699e-03
1.842727991030150463e+02,1.022583900624749777e-03
1.843476155054117100e+02,1.447554820572327736e-03
1.844224319078084022e+02,1.028639606313592027e-03
1.844972483102050660e+02,1.268293438435702438e-03
1.845720647126017582e+02,3.218296622972469231e-04
1.846468811149984219e+02,4.106613610881147485e-04
1.847216975173951141e+02,1.107419023280397253e-03
1.847965139197917779e+02,3.299218560586044844e-04
1.848713303221884701e+02,1.118301747627741330e-03
1.849461467245851338e+02,1.501748631678258110e-03
1.850209631269817976e+02,2.857693687188233092e-03
1.850957795293784898e+02,1.712499087600244255e-03
1.851705959317751535e+02,1.374489164765211246e-03
1.852454123341718457e+02,1.423736225811489831e-03
1.853202287365685095e+02,1.273302274370981691e-03
1.853950451389652017e+02,1.741107913817382209e-03
1.854698615413618654e+02,2.056020337896154616e-03
1.855446779437585576e+02,5.670613800317106335e-04
1.856194943461552214e+02,2.158032086254379773e-03
1.856943107485519135e+02,2.409118383169422863e-03
1.857691271509485773e+02,1.806934063344208408e-03
1.858439435533452695e+02,8.850720268221464859e-04
1.859187599557419333e+02,1.183298793173996047e-03
1.859935763581385970e+02,1.025449658333282528e-03
1.860683927605352892e+02,8.527959601109784014e-04
1.861432091629319530e+02,4.346887218287430140e-04
1.862180255653286451e+02,9.508987113294335497e-04
1.862928419677253089e+02,1.634636087024697202e-03
1.863676583701220011e+02,2.730094961326510767e-03
1.864424747725186648e+02,2.390828961114380147e-03
1.865172911749153570e+02,1.719456638246009061e-03
1.865921075773120208e+02,1.131562648245414181e-03
1.866669239797087130e+02,7.567394004056319156e-04
1.867417403821053767e+02,1.268088006039110299e-03
1.868165567845020689e+02,5.248410302020602115e-04
1.868913731868987327e+02,1.846650399070336700e-03
1.869661895892953964e+02,1.307176458940032850e-03
1.870410059916920886e+02,2.884461842364512726e-04
1.871158223940887524e+02,6.636152990339678299e-04
1.871906387964854446e+02,7.090448535468103081e-04
1.872654551988821083e+02,2.233858062995641713e-03
1.873402716012788005e+02,7.496949126433901907e-04
1.874150880036754643e+02,5.464319783268416740e-03
1.874899044060721565e+02,9.824654370609781084e-03
1.875647208084688202e+02,4.308789021285766921e-03
1.876395372108655124e+02,2.047813020183801135e-03
1.877143536132621762e+02,2.405944342089610683e-03
1.877891700156588684e+02,2.264441085743180634e-03
1.878639864180555321e+02,9.293767369473403782e-04
1.879388028204521959e+02,5.135623628890910236e-04
1.880136192228488881e+02,1.020211177072862917e-03
1.880884356252455518e+02,8.793228698420319346e-04
1.881632520276422440e+02,1.161652291498046401e-03
1.882380684300389078e+02,1.950754437247043116e-03
1.883128848324355999e+02,2.005422994224947790e-03
1.883877012348322637e+02,2.488592413089249413e-03
1.884625176372289559e+02,1.748326332033146337e-03
1.885373340396256197e+02,1.283060536112430637e-03
1.886121504420223118e+02,1.169504285209615503e-03
1.886869668444189756e+02,2.076802525373134308e-03
1.887617832468156394e+02,1.084528940037543217e-03
1.888365996492123315e+02,2.207676384622335279e-03
1.889114160516089953e+02,2.535507122831741952e-03
1.889862324540056875e+02,1.877597521524530539e-03
1.890610488564023512e+02,1.575133293544186399e-03
1.891358652587990434e+02,1.768512738762711674e-03
1.892106816611957072e+02,1.630636591000326130e-03
1.892854980635923994e+02,1.979754995039613007e-03
1.893603144659890631e+02,2.220316694911177169e-03
1.894351308683857553e+02,1.663276456359165075e-03
1.895099472707824191e+02,1.320885051664451955e-03
1.895847636731791113e+02,1.346891871644763979e-03
1.896595800755757750e+02,1.699026014226826062e-03
1.897343964779724388e+02,2.200798481600489860e-03
1.898092128803691310e+02,2.044841974079828015e-03
1.898840292827657947e+02,2.350999555541377975e-03
1.899588456851624869e+02,2.441876448601978424e-03
1.900336620875591507e+02,5.549905362672191049e-04
1.901084784899558429e+02,4.866473542785850295e-04
1.901832948923525066e+02,4.052674943692312153e-04
1.902581112947491988e+02,5.805040575282660294e-04
1.903329276971458626e+02,4.838307893781699609e-04
1.904077440995425547e+02,7.675223365752124449e-04
1.904825605019392185e+02,6.681740202829391769e-04
1.905573769043359107e+02,1.102266821577460110e-03
1.906321933067325745e+02,1.293840578811086611e-03
1.907070097091292382e+02,5.844832102175510566e-04
1.907818261115259304e+02,1.246482693367596773e-03
1.908566425139225942e+02,1.848950028818854884e-03
1.909314589163192863e+02,2.356513249946646463e-03
1.910062753187159501e+02,1.552810893417688092e-03
1.910810917211126423e+02,1.010802252446172137e-03
1.911559081235093061e+02,1.015831397308056272e-03
1.912307245259059982e+02,6.133262950641431245e-04
1.913055409283026620e+02,3.370138613982102960e-04
1.913803573306993542e+02,3.776746340721120251e-04
1.914551737330960179e+02,1.459635336688367270e-04
1.915299901354927101e+02,1.094411855881686048e-03
1.916048065378893739e+02,6.651941898782855406e-04
1.916796229402860376e+02,1.101868030269586955e-03
1.917544393426827298e+02,9.936309533358025654e-04
1.918292557450793936e+02,1.612551546923378159e-03
1.919040721474760858e+02,4.055995221794775861e-04
1.919788885498727495e+02,1.852834040649827289e-03
1.920537049522694417e+02,2.584352473509530894e-03
1.921285213546661055e+02,1.666756204798127382e-03
1.922033377570627977e+02,1.745148000992607440e-03
1.922781541594594614e+02,2.153283882148206239e-03
1.923529705618561536e+02,1.606415473528103157e-03
1.924277869642528174e+02,9.856002140798795792e-04
1.925026033666494811e+02,1.553021914771095810e-03
1.925774197690461733e+02,6.724863877411171257e-04
1.926522361714428371e+02,2.491490812199651569e-03
1.927270525738395293e+02,1.592243574944453939e-03
1.928018689762361930e+02,1.891539146901429196e-04
1.928766853786328852e+02,4.026025825437753764e-04
1.929515017810295490e+02,9.744725849425389490e-04
1.930263181834262411e+02,1.034523938921506382e-03
1.931011345858229049e+02,1.261006292742993754e-03
1.931759509882195971e+02,1.064362748823030180e-03
1.932507673906162609e+02,1.171593814068378750e-03
1.933255837930129530e+02,8.581217460986920436e-04
1.934004001954096168e+02,8.448579492130309492e-04
1.934752165978062806e+02,1.476941371743789025e-03
1.935500330002029727e+02,6.725772661753304151e-04
1.936248494025996365e+02,1.726145930268682292e-03
1.936996658049963287e+02,1.091994099957006858e-03
1.937744822073929924e+02,6.763280953012330713e-04
1.938492986097896846e+02,9.814010244926444759e-04
1.939241150121863484e+02,1.175539858141662081e-03
1.939989314145830406e+02,1.361430063494750752e-03
1.940737478169797043e+02,1.250045798381501077e-03
1.941485642193763965e+02,7.385517005489250194e-04
1.942233806217730603e+02,8.993580764901148647e-04
1.942981970241697525e+02,9.811478032715919596e-04
1.943730134265664162e+02,2.388609870705339297e-03
1.944478298289630800e+02,2.399530436071467109e-03
1.945226462313597722e+02,9.523722201516330839e-04
1.945974626337564359e+02,1.155084225975338934e-03
1.946722790361531281e+02,1.942552902014851651e-03
1.947470954385497919e+02,1.232443810141404432e-03
1.948219118409464841e+02,4.426837269102772273e-04
1.948967282433431478e+02,8.757179501929262177e-04
1.949715446457398400e+02,9.613440889138115788e-04
1.950463610481365038e+02,2.480361509639516073e-04
1.951211774505331960e+02,3.125854837900669163e-04
1.951959938529298597e+02,1.262592541881282998e-03
1.952708102553265235e+02,4.051410651241803620e-03
1.953456266577232157e+02,3.826723930479788028e-03
1.954204430601198794e+02,1.632115594935698967e-03
1.954952594625165716e+02,1.056217023133799917e-03
1.955700758649132354e+02,1.720570862122917368e-03
1.956448922673099275e+02,2.549719069310443439e-03
1.957197086697065913e+02,1.608434752541139379e-03
1.957945250721032835e+02,3.615187544300268768e-04
1.958693414744999473e+02,1.595467567692598161e-03
1.959441578768966394e+02,1.011985207987189071e-03
1.960189742792933032e+02,1.555871797866076496e-03
1.960937906816899954e+02,1.142451809126479850e-03
1.961686070840866591e+02,1.419576550687316578e-03
1.962434234864833229e+02,9.680558535262833971e-04
1.963182398888800151e+02,6.884212976550520150e-04
1.963930562912766788e+02,1.846310717652982058e-03
1.964678726936733710e+02,2.799050699270973566e-03
1.965426890960700348e+02,3.210791971243793022e-03
1.966175054984667270e+02,1.941552817991983645e-03
1.966923219008633907e+02,8.201985279594292775e-04
1.967671383032600829e+02,8.617437860297210133e-04
1.968419547056567467e+02,9.014811708905155893e-04
1.969167711080534389e+02,8.301049421405830167e-04
1.969915875104501026e+02,1.016854846960438177e-03
1.970664039128467948e+02,3.376232493574703956e-03
1.971412203152434586e+02,4.024835786535225883e-03
1.972160367176401223e+02,1.365727812217062661e-03
1.972908531200368145e+02,1.002384695071695773e-03
1.973656695224334783e+02,8.232581796277619896e-04
1.974404859248301705e+02,1.289948200537691667e-03
1.975153023272268342e+02,6.687977367002460004e-04
1.975901187296235264e+02,5.424445919039916396e-04
1.976649351320201902e+02,1.771142114409207441e-03
1.977397515344168824e+02,6.127166534182391325e-04
1.978145679368135461e+02,2.152061308770326833e-03
1.978893843392102383e+02,1.997076825258320421e-03
1.979642007416069021e+02,8.022205501703348271e-04
1.980390171440035942e+02,1.298164439110098848e-03
1.981138335464002580e+02,1.449371396903524232e-03
1.981886499487969218e+02,1.884056407571740302e-03
1.982634663511936139e+02,3.527274309958957645e-04
1.983382827535902777e+02,1.827600694018760184e-03
1.984130991559869699e+02,7.524466621616541064e-04
1.984879155583836337e+02,4.756394851447577317e-04
1.985627319607803258e+02,1.125369581029055360e-03
1.986375483631769896e+02,1.792611388060635653e-03
1.987123647655736818e+02,1.998437407855687201e-03
1.987871811679703455e+02,2.425252250956735998e-03
1.988619975703670377e+02,2.314638605028298667e-03
1.989368139727637015e+02,2.405500068938584961e-03
1.990116303751603652e+02,1.490088325422882090e-03
1.990864467775570574e+02,1.042077211939397650e-03
1.991612631799537212e+02,2.402069162713313041e-03
1.992360795823504134e+02,3.269357483012349814e-03
1.993108959847470771e+02,1.680870185576570927e-03
1.993857123871437693e+02,6.317760485352211068e-04
1.994605287895404331e+02,1.497668801500928303e-03
1.995353451919371253e+02,2.187410774430038635e-03
1.996101615943337890e+02,1.973014350515821594e-03
1.996849779967304812e+02,5.551417936654677544e-04
1.997597943991271450e+02,9.446719502761223401e-04
1.998346108015238372e+02,4.871891914364140982e-04
1.999094272039205009e+02,1.468578606579762011e-03
1.999842436063171647e+02,1.376987255589478707e-03
2.000590600087138569e+02,1.725639344304279480e-03
2.001338764111105206e+02,1.720072168694334984e-03
2.002086928135072128e+02,7.740717454309325660e-04
2.002835092159038766e+02,1.848414483049223606e-04
2.003583256183005687e+02,1.304306468510348658e-03
2.004331420206972325e+02,5.031975456114251132e-04
2.005079584230939247e+02,1.019957775775128970e-03
2.005827748254905885e+02,9.399659907320687211e-04
2.006575912278872806e+02,1.020341026056309800e-03
2.007324076302839444e+02,1.668656713255936650e-03
2.008072240326806366e+02,1.415313053740193143e-03
2.008820404350773003e+02,8.114705807326910020e-04
2.009568568374739641e+02,1.122326717022735770e-03
2.010316732398706563e+02,1.475497371559337644e-03
2.011064896422673201e+02,8.984215133337933833e-04
2.011813060446640122e+02,1.098948338863517090e-03
2.012561224470606760e+02,3.530488514890158316e-03
2.013309388494573682e+02,3.449500473571054208e-03
2.014057552518540319e+02,2.256265780555898916e-03
2.014805716542507241e+02,1.011118513917486778e-03
2.015553880566473879e+02,1.412399771432597652e-03
2.016302044590440801e+02,1.366663110641865410e-03
2.017050208614407438e+02,8.874826754611727644e-04
2.017798372638374360e+02,4.190581002303746575e-04
2.018546536662340998e+02,1.885839652341253980e-03
2.019294700686307635e+02,2.948524276728444089e-03
2.020042864710274557e+02,2.952479356679567866e-03
2.020791028734241195e+02,1.678521497317792509e-03
2.021539192758208117e+02,8.536462659824071118e-04
2.022287356782174754e+02,1.037443263113928737e-03
2.023035520806141676e+02,6.242137399861904688e-04
2.023783684830108314e+02,1.081796330680106230e-03
2.024531848854075236e+02,6.049701583001987175e-04
2.025280012878041873e+02,2.022380584158793224e-03
2.026028176902008795e+02,1.367977124560137633e-03
2.026776340925975433e+02,1.133420064136861404e-03
2.027524504949942070e+02,2.197852110493546309e-03
2.028272668973908992e+02,1.623408286124683204e-03
2.029020832997875630e+02,7.746107887710397067e-04
2.029768997021842551e+02,2.256819558107536067e-04
2.030517161045809189e+02,1.041427262720234607e-03
2.031265325069776111e+02,2.151663506165609266e-03
2.032013489093742749e+02,8.152530298606623866e-04
2.032761653117709670e+02,1.883536148747696343e-03
2.033509817141676308e+02,1.618170559812119559e-03
2.034257981165643230e+02,1.418226571093766323e-03
2.035006145189609867e+02,1.934660006364505216e-03
2.035754309213576789e+02,7.671907499438118628e-04
2.036502473237543427e+02,1.495196559337468555e-03
2.037250637261510064e+02,1.635629404205421293e-03
2.037998801285476986e+02,1.540529245024799829e-03
2.038746965309443624e+02,8.857469086729351541e-04
2.039495129333410546e+02,3.581653360753817407e-04
2.040243293357377183e+02,1.858218807014033747e-03
2.040991457381344105e+02,2.474675962030824326e-03
2.041739621405310743e+02,1.309749589814265813e-03
2.042487785429277665e+02,1.515799923952155636e-03
2.043235949453244302e+02,1.858213216986644200e-03
2.043984113477211224e+02,1.175681497595503248e-03
2.044732277501177862e+02,2.052437098130448050e-03
2.045480441525144784e+02,2.247175849619007654e-03
2.046228605549111421e+02,1.117073323953248669e-03
2.046976769573078059e+02,2.132320344589509753e-03
2.047724933597044981e+02,1.290534238712732606e-03
2.048473097621011618e+02,1.492064733997791126e-03
2.049221261644978540e+02,1.706273723125568444e-03
2.049969425668945178e+02,1.657567816903160332e-03
2.050717589692912100e+02,1.627585115145950469e-03
2.051465753716878737e+02,1.030622137453527211e-03
2.052213917740845659e+02,5.542915677087737044e-04
2.052962081764812297e+02,1.004002619680877941e-03
2.053710245788779218e+02,1.262994245036857047e-03
2.054458409812745856e+02,5.153309868597367657e-04
2.055206573836712778e+02,1.467174105477353106e-03
2.055954737860679415e+02,1.338566804848564983e-03
2.056702901884646053e+02,5.525489486379208575e-04
2.057451065908612975e+02,1.353762803983178100e-03
2.058199229932579613e+02,1.251798238670548966e-03
2.058947393956546534e+02,1.058522138360677841e-03
2.059695557980513172e+02,2.857876143004367108e-04
2.060443722004480094e+02,8.617811280534061437e-04
2.061191886028446731e+02,9.107282534689902344e-04
2.061940050052413653e+02,1.107158410128457034e-03
2.062688214076380291e+02,1.061276603412011649e-03
2.063436378100347213e+02,1.600663953531365844e-03
2.064184542124313850e+02,1.434948211220375951e-03
2.064932706148280488e+02,1.665519484451802963e-03
2.065680870172247410e+02,2.639404840029015674e-03
2.066429034196214047e+02,1.227572383224166501e-03
2.067177198220180969e+02,6.747599224441687199e-04
2.067925362244147607e+02,4.941808306576270888e-04
2.068673526268114529e+02,9.680759496268283347e-04
2.069421690292081166e+02,3.410271233725424740e-04
2.070169854316048088e+02,5.012817229977136867e-04
2.070918018340014726e+02,6.558089124914368148e-04
2.071666182363981648e+02,1.096224687771823461e-03
2.072414346387948285e+02,7.074564188124920355e-04
2.073162510411915207e+02,1.465543124005229837e-03
2.073910674435881845e+02,5.364047072307634098e-04
2.074658838459848482e+02,1.616651237871778030e-03
2.075407002483815404e+02,1.284676791563947856e-03
2.076155166507782042e+02,1.765231824719022376e-03
2.076903330531748963e+02,1.741435971194261242e-03
2.077651494555715601e+02,1.230872257543554017e-03
2.078399658579682523e+02,1.920950705664192055e-03
2.079147822603649161e+02,1.737651240527591330e-03
2.079895986627616082e+02,1.180192041447287706e-03
2.080644150651582720e+02,3.384605080733181265e-04
2.081392314675549642e+02,8.744316213481154870e-04
2.082140478699516279e+02,9.676719428555018154e-04
2.082888642723483201e+02,1.685066112841874120e-03
2.083636806747449839e+02,8.898422768344333702e-04
2.084384970771416477e+02,7.730574190248445075e-04
2.085133134795383398e+02,1.159678398306052778e-03
2.085881298819350036e+02,1.385563430360923359e-03
2.086629462843316958e+02,9.536466897590556956e-04
2.087377626867283595e+02,9.950454740429140379e-04
2.088125790891250517e+02,8.707896877194548028e-04
2.088873954915217155e+02,4.430592110416760386e-04
2.089622118939184077e+02,5.825126441146484275e-04
2.090370282963150714e+02,1.579784729984057669e-03
2.091118446987117636e+02,2.093721535821342801e-03
2.091866611011084274e+02,1.293978163234408944e-03
2.092614775035051196e+02,1.594852918029264271e-03
2.093362939059017833e+02,1.369007237093906350e-03
2.094111103082984471e+02,6.801524890870120493e-04
2.094859267106951393e+02,1.807262133511657693e-03
2.095607431130918030e+02,2.196917395146627278e-03
2.096355595154884952e+02,1.606815901174467234e-03
2.097103759178851590e+02,1.908419672027331527e-03
2.097851923202818512e+02,1.495457434143476327e-03
2.098600087226785149e+02,1.081079140929269754e-03
2.099348251250752071e+02,2.046926912868525256e-03
2.100096415274718709e+02,2.488611814272724283e-03
2.100844579298685630e+02,1.023675821299295432e-03
2.101592743322652268e+02,1.114974798060420396e-03
2.102340907346618906e+02,1.130506204398396951e-03
2.103089071370585827e+02,1.348806008941579385e-03
2.103837235394552465e+02,1.725508953986609056e-03
2.104585399418519387e+02,6.328093304480451398e-04
2.105333563442486025e+02,1.348148531006379460e-03
2.106081727466452946e+02,1.437934798705655954e-03
2.106829891490419584e+02,1.342786567455488958e-03
2.107578055514386506e+02,1.741263653687720112e-03
2.108326219538353143e+02,1.091123065545624316e-03
2.109074383562320065e+02,4.248565493917748868e-03
2.109822547586286703e+02,3.665843041504958117e-03
2.110570711610253625e+02,1.079331838491900042e-03
2.111318875634220262e+02,3.083421229328237208e-04
2.112067039658186900e+02,1.373074920414103393e-03
2.112815203682153822e+02,2.650230229994564573e-03
2.113563367706120459e+02,1.826306724289906893e-03
2.114311531730087381e+02,7.853567808039337364e-04
2.115059695754054019e+02,2.310961076519015781e-03
2.115807859778020941e+02,1.417162749931921055e-03
2.116556023801987578e+02,8.956992064164410322e-04
2.117304187825954500e+02,2.769581518298490407e-04
2.118052351849921138e+02,1.170801810617440970e-03
2.118800515873888060e+02,7.064649506252729076e-04
2.119548679897854697e+02,8.415835318120823503e-04
2.120296843921821619e+02,2.160742863764205345e-03
2.121045007945788257e+02,2.923611226636283096e-03
2.121793171969754894e+02,2.713388330706455014e-03
2.122541335993721816e+02,1.358790931028025853e-03
2.123289500017688454e+02,3.443483896493989725e-04
2.124037664041655376e+02,1.499335358510412840e-03
2.124785828065622013e+02,1.542760448190571903e-03
2.125533992089588935e+02,4.564458840505967096e-04
2.126282156113555573e+02,1.200317671232336864e-03
2.127030320137522494e+02,3.375598228557491129e-03
2.127778484161489132e+02,3.620355629437485220e-03
2.128526648185456054e+02,2.275135421153868468e-03
2.129274812209422691e+02,3.459391332304897603e-04
2.130022976233389613e+02,1.593254652733574550e-03
2.130771140257356251e+02,1.621834901579562475e-03
2.131519304281322889e+02,9.354462313876548470e-04
2.132267468305289810e+02,1.175423376368749410e-03
2.133015632329256448e+02,2.133846269580054467e-03
2.133763796353223370e+02,1.604737508692722671e-03
2.134511960377190007e+02,8.788460250523976239e-04
2.135260124401156929e+02,1.747041061436965500e-03
2.136008288425123567e+02,3.347441117863158731e-04
2.136756452449090489e+02,7.161901448109246572e-04
2.137504616473057126e+02,1.010743835222676756e-03
2.138252780497024048e+02,1.020850819784379498e-03
2.139000944520990686e+02,1.521805387205716915e-03
2.139749108544957323e+02,2.505564570849937254e-03
2.140497272568924245e+02,1.100338890326362949e-03
2.141245436592890883e+02,1.106748393845433543e-03
2.141993600616857805e+02,4.268187486655844747e-04
2.142741764640824442e+02,9.686164464700039228e-04
2.143489928664791364e+02,1.418780855766583809e-03
2.144238092688758002e+02,1.600703473191777406e-03
2.144986256712724924e+02,1.894579673986849806e-03
2.145734420736691561e+02,2.072784926514698121e-03
2.146482584760658483e+02,1.201309247496571211e-03
2.147230748784625121e+02,5.116960130303558349e-04
2.147978912808592042e+02,2.563377718196663962e-03
2.148727076832558680e+02,3.003493122184905297e-03
2.149475240856525318e+02,1.227441220885939653e-03
2.150223404880492239e+02,1.100316774001795003e-03
2.150971568904458877e+02,1.777582219336584692e-03
2.151719732928425799e+02,2.682085837547360310e-03
2.152467896952392437e+02,2.370053326502607506e-03
2.153216060976359358e+02,1.010237702046291744e-03
2.153964225000325996e+02,2.048494090689294278e-03
2.154712389024292918e+02,1.811466452641972589e-03
2.155460553048259555e+02,1.081966401138487188e-03
2.156208717072226477e+02,3.124440165788282004e-04
2.156956881096193115e+02,1.872313981482155981e-03
2.157705045120160037e+02,9.700624984248606801e-04
2.158453209144126674e+02,1.007594084452482445e-03
2.159201373168093312e+02,9.072393819672870154e-04
2.159949537192060234e+02,1.458943288707870200e-03
2.160697701216026871e+02,8.460647438009844500e-04
2.161445865239993793e+02,9.947534544896871177e-04
2.162194029263960431e+02,1.678390575594714993e-03
2.162942193287927353e+02,3.653742085645386478e-04
2.163690357311893990e+02,9.052585263577435631e-04
2.164438521335860912e+02,5.015185825209237010e-04
2.165186685359827550e+02,4.604717610391534659e-04
2.165934849383794472e+02,1.368440436456868107e-03
2.166683013407761109e+02,1.251943430158138863e-03
2.167431177431728031e+02,1.419208415848701539e-03
2.168179341455694669e+02,1.104697639513621717e-03
2.168927505479661306e+02,3.201608653871831564e-03
2.169675669503628228e+02,3.397037418632823606e-03
2.170423833527594866e+02,1.563255632454279209e-03
2.171171997551561788e+02,1.028602667396656158e-03
2.171920161575528425e+02,7.205271717691873017e-04
2.172668325599495347e+02,9.908081611047587969e-04
2.173416489623461985e+02,1.236426849713859058e-03
2.174164653647428906e+02,1.279736951554516673e-03
2.174912817671395544e+02,2.538029775252189941e-03
2.175660981695362466e+02,2.885086088963063292e-03
2.176409145719329103e+02,1.823551690755539868e-03
2.177157309743295741e+02,8.565267147639399076e-04
2.177905473767262663e+02,6.878696217550997949e-04
2.178653637791229301e+02,1.619239911684918929e-03
2.179401801815196222e+02,2.981056125644668221e-04
2.180149965839162860e+02,1.360716766331441976e-03
2.180898129863129782e+02,3.403093753442640898e-04
2.181646293887096419e+02,1.424118691903405705e-03
2.182394457911063341e+02,1.100243386688251829e-03
2.183142621935029979e+02,1.044745671611279963e-03
2.183890785958996901e+02,2.185587374462531415e-03
2.184638949982963538e+02,1.851154419023040478e-03
2.185387114006930460e+02,1.184975243024442371e-03
2.186135278030897098e+02,7.113055981235797114e-04
2.186883442054863735e+02,2.203313682916172543e-03
2.187631606078830657e+02,3.733077403807280158e-03
2.188379770102797295e+02,1.863528012977401851e-03
2.189127934126764217e+02,3.648297816192840526e-04
2.189876098150730854e+02,4.418241286636607839e-04
2.190624262174697776e+02,1.361781182332330717e-03
2.191372426198664414e+02,1.237325782978799691e-03
2.192120590222631336e+02,5.422935672517922032e-04
2.192868754246597973e+02,9.590715059135492600e-04
2.193616918270564895e+02,1.951230720386226128e-03
2.194365082294531533e+02,1.470396169078053107e-03
2.195113246318498454e+02,4.037078277214382134e-04
2.195861410342465092e+02,1.783151525342149303e-03
2.196609574366431730e+02,2.221428036394876380e-03
2.197357738390398652e+02,1.201864294403226811e-03
2.198105902414365289e+02,6.294037038529398578e-04
2.198854066438332211e+02,8.975405889240523766e-04
2.199602230462298849e+02,9.283089786851564384e-04
2.200350394486265770e+02,7.512729599923265037e-04
2.201098558510232408e+02,1.241364440742297702e-03
2.201846722534199330e+02,1.409960580913749211e-03
2.202594886558165967e+02,6.305850304176386983e-04
2.203343050582132889e+02,9.950252217587271259e-04
2.204091214606099527e+02,8.899725402476243562e-04
2.204839378630066449e+02,1.481384723281717591e-03
2.205587542654033086e+02,1.384741698441044463e-03
2.206335706677999724e+02,1.424190806397935931e-03
2.207083870701966646e+02,1.181392270076692423e-03
2.207832034725933283e+02,1.135884647538133122e-03
2.208580198749900205e+02,7.740296216908355018e-04
2.209328362773866843e+02,1.284547534583303655e-03
2.210076526797833765e+02,6.020193845370129873e-04
2.210824690821800402e+02,7.894983546491926314e-04
2.211572854845767324e+02,5.220978356466402220e-04
2.212321018869733962e+02,5.036318410745073935e-04
2.213069182893700884e+02,1.377536681635450292e-03
2.213817346917667521e+02,2.653374670825760402e-03
2.214565510941634159e+02,1.624162918737834249e-03
2.215313674965601081e+02,6.866281215142019121e-04
2.216061838989567718e+02,4.962993597108196833e-04
2.216810003013534640e+02,9.246140326242401498e-04
2.217558167037501278e+02,1.097042438386464829e-03
2.218306331061468200e+02,1.192460720022287457e-03
2.219054495085434837e+02,1.092630769305297884e-03
2.219802659109401759e+02,2.088864197561073575e-03
2.220550823133368397e+02,1.635330023066696933e-03
2.221298987157335318e+02,3.440161824105322569e-04
2.222047151181301956e+02,1.102388321678971807e-03
2.222795315205268878e+02,8.778741045135619262e-04
2.223543479229235516e+02,1.028810728196297977e-03
2.224291643253202153e+02,5.420715564297208565e-04
2.225039807277169075e+02,1.257770670642126536e-03
2.225787971301135713e+02,1.217229381854699428e-04
2.226536135325102634e+02,6.005587934075294057e-04
2.227284299349069272e+02,8.061716546230961308e-04
2.228032463373036194e+02,2.030115786078181910e-04
2.228780627397002831e+02,7.538068331634522777e-04
2.229528791420969753e+02,9.727936365203939100e-04
2.230276955444936391e+02,1.519646008297659799e-03
2.231025119468903313e+02,1.736402873890641012e-03
2.231773283492869950e+02,1.614503158884282889e-03
2.232521447516836872e+02,1.681581229066258718e-03
2.233269611540803510e+02,4.024481447588225164e-04
2.234017775564770147e+02,7.212539432651183993e-04
2.234765939588737069e+02,1.155158521548944103e-03
2.235514103612703707e+02,6.006670443739985489e-04
2.236262267636670629e+02,3.987970847022828907e-04
2.237010431660637266e+02,3.112272137611616783e-04
2.237758595684604188e+02,8.012861795873742806e-04
2.238506759708570826e+02,3.007317646981991764e-04
2.239254923732537748e+02,2.169022945901048511e-04
2.240003087756504385e+02,3.501686595405565402e-04
2.240751251780471307e+02,1.270830652757716289e-03
2.241499415804437945e+02,2.099222137532366986e-03
2.242247579828404866e+02,1.976702942752438935e-03
2.242995743852371504e+02,1.323870827614604230e-03
2.243743907876338142e+02,2.339357332945240630e-03
2.244492071900305064e+02,1.290796551981583358e-03
2.245240235924271701e+02,3.428875560605743750e-04
2.245988399948238623e+02,1.010989998194463399e-03
2.246736563972205261e+02,1.469699107713139498e-03
2.247484727996172182e+02,1.661441979316918621e-03
2.248232892020138820e+02,1.521455906998938311e-03
2.248981056044105742e+02,9.795889145616002661e-04
2.249729220068072379e+02,8.930371830934020474e-04
2.250477384092039301e+02,1.552119667842046446e-03
2.251225548116005939e+02,1.856742622215541661e-03
2.251973712139972577e+02,2.317299681365062557e-03
2.252721876163939498e+02,1.242797489528853347e-03
2.253470040187906136e+02,2.137825169516954175e-03
2.254218204211873058e+02,1.306705705018619676e-03
2.254966368235839695e+02,1.853230009798454130e-03
2.255714532259806617e+02,2.023900423504849597e-03
2.256462696283773255e+02,1.877252755610061110e-03
2.257210860307740177e+02,1.391821422530892987e-03
2.257959024331706814e+02,1.977019743884902894e-03
2.258707188355673736e+02,1.643517046679081762e-03
2.259455352379640374e+02,2.581515785996746034e-04
2.260203516403607296e+02,2.006366489594522788e-03
2.260951680427573933e+02,1.219520345995181703e-03
2.261699844451540571e+02,5.930059307862223673e-04
2.262448008475507493e+02,1.353501228708624098e-03
2.263196172499474130e+02,2.059683550451806618e-03
2.263944336523441052e+02,2.162117774168752400e-03
2.264692500547407690e+02,3.500538051725514150e-03
2.265440664571374612e+02,6.680293396238138129e-03
2.266188828595341249e+02,3.997649010730185658e-03
2.266936992619308171e+02,8.122993669527807121e-04
2.267685156643274809e+02,1.642966511803432145e-03
2.268433320667241730e+02,1.298022413577206574e-03
2.269181484691208368e+02,7.799341937977194124e-05
2.269929648715175290e+02,7.934696595615992271e-04
2.270677812739141928e+02,1.488662806036409030e-04
2.271425976763108565e+02,1.714879569610686192e-03
2.272174140787075487e+02,1.182884274845718599e-03
2.272922304811042125e+02,4.845041364720894020e-04
2.273670468835009046e+02,4.453113632256160267e-04
2.274418632858975684e+02,1.002745828827377806e-03
2.275166796882942606e+02,1.195161236996814024e-03
2.275914960906909243e+02,1.631654699828250865e-03
2.276663124930876165e+02,2.563817540113605235e-03
2.277411288954842803e+02,2.243343809813095127e-03
2.278159452978809725e+02,1.452320353526345784e-03
2.278907617002776362e+02,4.024921631290017971e-04
2.279655781026743284e+02,6.055837509809948709e-04
2.280403945050709922e+02,1.498132698184800014e-03
2.281152109074676559e+02,1.084424096902811361e-03
2.281900273098643481e+02,4.575857348521306339e-04
2.282648437122610119e+02,1.128221788346604358e-03
2.283396601146577041e+02,2.823693810823929649e-03
2.284144765170543678e+02,2.768137498617681807e-03
2.284892929194510600e+02,6.608742510523648661e-04
2.285641093218477238e+02,1.760814394588382670e-03
2.286389257242444160e+02,1.903034942125737296e-03
2.287137421266410797e+02,1.541826721291145348e-03
2.287885585290377719e+02,1.446100418393390539e-03
2.288633749314344357e+02,7.576454969720651045e-04
2.289381913338310994e+02,1.778642885701901778e-03
2.290130077362277916e+02,2.708900580870210635e-03
2.290878241386244554e+02,1.585614175628265567e-03
2.291626405410211476e+02,1.248633235249924436e-03
2.292374569434178113e+02,7.162973403043188664e-04
2.293122733458145035e+02,6.924687005453951426e-04
2.293870897482111673e+02,3.815103171976696040e-04
2.294619061506078594e+02,4.574417943534252141e-04
2.295367225530045232e+02,1.297251229043475725e-03
2.296115389554012154e+02,1.372092884238121412e-03
2.296863553577978792e+02,9.617089558718479574e-04
2.297611717601945713e+02,1.194873739253339258e-03
2.298359881625912351e+02,1.045884276228924679e-03
2.299108045649878989e+02,1.125390319880032169e-03
2.299856209673845910e+02,5.608244195165931452e-04
2.300604373697812548e+02,9.859334629739428552e-04
2.301352537721779470e+02,8.672607693453320303e-04
2.302100701745746107e+02,1.476847242441527890e-03
2.302848865769713029e+02,6.498519631438437688e-04
2.303597029793679667e+02,1.000822272777452272e-03
2.304345193817646589e+02,2.891776837232799130e-03
2.305093357841613226e+02,2.739858532922741490e-03
2.305841521865580148e+02,1.029723487473648870e-03
2.306589685889546786e+02,3.648325640192623853e-04
2.307337849913513708e+02,1.204908130315235359e-03
2.308086013937480345e+02,1.977891021805877267e-03
2.308834177961446983e+02,2.163475120659563277e-03
2.309582341985413905e+02,1.990816351610078579e-03
2.310330506009380542e+02,2.187123620140527924e-03
2.311078670033347464e+02,1.240776209893190577e-03
2.311826834057314102e+02,6.546843664656478616e-04
2.312574998081281024e+02,9.190280544077332123e-04
2.313323162105247661e+02,2.414868098916338852e-04
2.314071326129214583e+02,5.438251063040827832e-04
2.314819490153181221e+02,7.360585349575055319e-04
2.315567654177148142e+02,2.002993352305077260e-03
2.316315818201114780e+02,2.093628129451196446e-03
2.317063982225081418e+02,1.242923191289149396e-03
2.317812146249048340e+02,6.209969695863611387e-04
2.318560310273014977e+02,1.305002945194141690e-03
2.319308474296981899e+02,6.512866555370015785e-04
2.320056638320948537e+02,1.804738191033541592e-04
2.320804802344915458e+02,6.918341834894101931e-04
2.321552966368882096e+02,1.023601026715627608e-03
2.322301130392849018e+02,1.033303114429711105e-03
2.323049294416815655e+02,1.356911683456327265e-03
2.323797458440782577e+02,1.174839039060627350e-03
2.324545622464749215e+02,5.244714889219759171e-04
2.325293786488716137e+02,2.457432069707830933e-03
2.326041950512682774e+02,2.366232421633299252e-03
2.326790114536649412e+02,1.223501371335378998e-03
2.327538278560616334e+02,1.181050179138355086e-03
2.328286442584582971e+02,1.241511798345500866e-03
2.329034606608549893e+02,1.678415795279824792e-03
2.329782770632516531e+02,1.850660504760302198e-03
2.330530934656483453e+02,1.669591660043727574e-03
2.331279098680450090e+02,1.773454089782391637e-03
2.332027262704417012e+02,1.377143344353148587e-03
2.332775426728383650e+02,5.352072702738057235e-04
2.333523590752350572e+02,7.881076865121038055e-04
2.334271754776317209e+02,5.068059030679301523e-04
2.335019918800284131e+02,1.479106992420679053e-03
2.335768082824250769e+02,1.634069847612176990e-03
2.336516246848217406e+02,2.216645148543139321e-03
2.337264410872184328e+02,1.114410160014073963e-03
2.338012574896150966e+02,3.706733076977450705e-04
2.338760738920117888e+02,1.087854425056680903e-04
2.339508902944084525e+02,1.067706809084628802e-03
2.340257066968051447e+02,1.554182385858849953e-03
2.341005230992018085e+02,1.274085880965480574e-03
2.341753395015985006e+02,9.932931528131298989e-04
2.342501559039951644e+02,8.260609689926881605e-04
2.343249723063918566e+02,1.277428897739393832e-03
2.343997887087885204e+02,1.080356384785186984e-03
2.344746051111852125e+02,8.659203553095102786e-04
2.345494215135818763e+02,1.047685685522425957e-03
2.346242379159785401e+02,4.872996174766660010e-04
2.346990543183752322e+02,7.701546130602955620e-04
2.347738707207718960e+02,6.020593592069449539e-04
2.348486871231685882e+02,6.944741248909089672e-04
2.349235035255652519e+02,1.256222544677995179e-03
2.349983199279619441e+02,2.004111718590327693e-03
2.350731363303586079e+02,1.861232757899429621e-03
2.351479527327553001e+02,8.585241956915369175e-04
2.352227691351519638e+02,1.983687298785572276e-03
2.352975855375486560e+02,1.926807999025285673e-03
2.353724019399453198e+02,2.655526959287171141e-04
2.354472183423419835e+02,1.305231250962449402e-03
2.355220347447386757e+02,5.636625160436207430e-04
2.355968511471353395e+02,5.459155955054832568e-04
2.356716675495320317e+02,4.953880992659060768e-04
2.357464839519286954e+02,7.112441690925499485e-04
2.358213003543253876e+02,2.776466958811549908e-04
2.358961167567220514e+02,1.422564065286997890e-03
2.359709331591187436e+02,9.804378850449275550e-04
2.360457495615154073e+02,6.692751350881292593e-04
2.361205659639120995e+02,1.047643183403070086e-03
2.361953823663087633e+02,2.952749732809755541e-04
2.362701987687054554e+02,4.574532044214574896e-04
2.363450151711021192e+02,1.814347838755223270e-03
2.364198315734987830e+02,1.653219201316486310e-03
2.364946479758954752e+02,1.051990012429777520e-03
2.365694643782921389e+02,9.191459870138289677e-04
2.366442807806888311e+02,4.737024102831889866e-04
2.367190971830854949e+02,6.594255211424145374e-04
2.367939135854821870e+02,8.987332464286697633e-04
2.368687299878788508e+02,5.975844745843917130e-04
2.369435463902755430e+02,1.242467558778566523e-03
2.370183627926722068e+02,2.112840471753067110e-03
2.370931791950688989e+02,1.331179761328947627e-03
2.371679955974655627e+02,1.389999254736939494e-03
2.372428119998622549e+02,8.949266603294293637e-04
2.373176284022589186e+02,9.345417688994572293e-04
2.373924448046555824e+02,7.783218256200239576e-04
2.374672612070522746e+02,1.154198125193293798e-04
2.375420776094489383e+02,9.353542671234979121e-04
2.376168940118456305e+02,2.273787242994654116e-03
2.376917104142422943e+02,1.933809763762902841e-03
2.377665268166389865e+02,1.466532378619496858e-03
2.378413432190356502e+02,1.486214683304864321e-03
2.379161596214323424e+02,1.736110005030062648e-03
2.379909760238290062e+02,1.372225715817902052e-03
2.380657924262256984e+02,3.018213984851405240e-04
2.381406088286223621e+02,5.117676313707037600e-04
2.382154252310190543e+02,6.841162716846787900e-04
2.382902416334157181e+02,7.821823687846645628e-04
2.383650580358123818e+02,2.293178511883935187e-04
2.384398744382090740e+02,8.946479218576828965e-04
2.385146908406057378e+02,8.761601334489068325e-04
2.385895072430024300e+02,4.779988730830776094e-04
2.386643236453990937e+02,1.475623551010547862e-03
2.387391400477957859e+02,1.691287511134540377e-03
2.388139564501924497e+02,2.169766701112789409e-03
2.388887728525891418e+02,2.037544231386551920e-03
2.389635892549858056e+02,3.330930657276911025e-04
2.390384056573824978e+02,8.947485582614008717e-04
2.391132220597791616e+02,1.253143984635847648e-03
2.391880384621758253e+02,1.262156203575529653e-03
2.392628548645725175e+02,1.006629987147671969e-03
2.393376712669691813e+02,1.909965434041515633e-03
2.394124876693658734e+02,9.754406599131575919e-04
2.394873040717625372e+02,2.267662798851010882e-04
2.395621204741592294e+02,3.788861736991330840e-04
2.396369368765558931e+02,8.358814315753399339e-04
2.397117532789525853e+02,8.123963003892909754e-04
2.397865696813492491e+02,2.241975169316511984e-03
2.398613860837459413e+02,1.927861326765281397e-03
2.399362024861426050e+02,1.316644211515595030e-03
2.400110188885392972e+02,1.439941839439773255e-03
2.400858352909359610e+02,8.169174192408355274e-04
2.401606516933326247e+02,9.318173761200366318e-04
2.402354680957293169e+02,1.629935157284291601e-03
2.403102844981259807e+02,1.474342916386356785e-03
2.403851009005226729e+02,1.419819770295410039e-03
2.404599173029193366e+02,9.754019993941096586e-04
2.405347337053160288e+02,5.610817578722889637e-04
2.406095501077126926e+02,1.242838709831028607e-03
2.406843665101093848e+02,1.487744467634117889e-03
2.407591829125060485e+02,1.525705262049757574e-03
2.408339993149027407e+02,2.414693163218817676e-03
2.409088157172994045e+02,9.995203161247739800e-04
2.409836321196960967e+02,1.160024335547247491e-03
2.410584485220927604e+02,3.393357157499833870e-04
2.411332649244894242e+02,1.025919012238917915e-03
2.412080813268861164e+02,1.154298382645503390e-03
2.412828977292827801e+02,2.806762130833445178e-03
2.413577141316794723e+02,2.150516380477783714e-03
2.414325305340761361e+02,1.291012203617142263e-03
2.415073469364728282e+02,1.397163203031771177e-03
2.415821633388694920e+02,7.954320678465945501e-04
2.416569797412661842e+02,7.926155643809723898e-04
2.417317961436628480e+02,4.010278237826967146e-04
2.418066125460595401e+02,1.701845538479211748e-03
2.418814289484562039e+02,1.747680888082326581e-03
2.419562453508528961e+02,1.228895662966993400e-03
2.420310617532495598e+02,2.449555910344771749e-03
2.421058781556462236e+02,1.107642185262316947e-02
2.421806945580429158e+02,1.845103029157674560e-02
2.422555109604395795e+02,1.004669585015295803e-02
2.423303273628362717e+02,1.991096187640592225e-03
2.424051437652329355e+02,2.102381091839814354e-03
2.424799601676296277e+02,2.097606281988495611e-03
2.425547765700262914e+02,2.246869291941714589e-03
2.426295929724229836e+02,7.988815396107103737e-04
2.427044093748196474e+02,6.448064217690721881e-04
2.427792257772163396e+02,1.659888485384069948e-03
2.428540421796130033e+02,9.385770304252155248e-04
2.429288585820096671e+02,7.843635490387412812e-04
2.430036749844063593e+02,1.359762559880629742e-03
2.430784913868030230e+02,1.370457790872905849e-03
2.431533077891997152e+02,1.206844190615714721e-03
2.432281241915963790e+02,1.997171057262766419e-03
2.433029405939930712e+02,3.056587966996641981e-03
2.433777569963897349e+02,2.337256877354006949e-03
2.434525733987864271e+02,3.934623159413254238e-04
2.435273898011830909e+02,8.259001865392479871e-04
2.436022062035797831e+02,5.341424605721335284e-04
2.436770226059764468e+02,6.925040956287642751e-04
2.437518390083731390e+02,3.818702905340433038e-04
2.438266554107698028e+02,4.894850766602000048e-04
2.439014718131664665e+02,1.117711302559813323e-03
2.439762882155631587e+02,1.615516952378031907e-03
2.440511046179598225e+02,5.704575813993866592e-04
2.441259210203565146e+02,1.334788893004376338e-03
2.442007374227531784e+02,2.125892247402237905e-03
2.442755538251498706e+02,1.962831469385295340e-03
2.443503702275465344e+02,1.832754101193838922e-03
2.444251866299432265e+02,1.821737740981457104e-03
2.445000030323398903e+02,1.068864702572382749e-03
2.445748194347365825e+02,1.994203641727349159e-03
2.446496358371332462e+02,2.562684709545787545e-03
2.447244522395299384e+02,2.226007382764073374e-03
2.447992686419266022e+02,1.133013098370238376e-03
2.448740850443232659e+02,8.893077537110574216e-04
2.449489014467199581e+02,4.899435365034342975e-04
2.450237178491166219e+02,3.902573845194424649e-04
2.450985342515133141e+02,3.939555580296230848e-04
2.451733506539099778e+02,1.000517754380697479e-03
2.452481670563066700e+02,1.136362310619129295e-03
2.453229834587033338e+02,8.495607531553811239e-04
2.453977998611000260e+02,2.100481991576851678e-04
2.454726162634966897e+02,1.243078048509904318e-03
2.455474326658933819e+02,1.473928283699352639e-03
2.456222490682900457e+02,4.047471855369532659e-04
2.456970654706867379e+02,6.600006670690876810e-04
2.457718818730834016e+02,3.058444253436736339e-04
2.458466982754800654e+02,3.715688733688822239e-04
2.459215146778767576e+02,9.037661306957452080e-04
2.459963310802734213e+02,1.338305560504872904e-03
2.460711474826701135e+02,2.442390337873129660e-03
2.461459638850667773e+02,2.403525183086537356e-03
2.462207802874634694e+02,1.144389867113791140e-03
2.462955966898601332e+02,2.161763114850045900e-04
2.463704130922568254e+02,7.651907714553538194e-04
2.464452294946534892e+02,1.508850940928999811e-03
2.465200458970501813e+02,1.718519773224753706e-03
2.465948622994468451e+02,1.350437838375233507e-03
2.466696787018435089e+02,1.095656803246433100e-03
2.467444951042402010e+02,7.680144209316193361e-04
2.468193115066368648e+02,1.689860687468886348e-03
2.468941279090335570e+02,1.775414077774321170e-03
2.469689443114302208e+02,9.975928087229014168e-04
2.470437607138269129e+02,4.303541451008386048e-04
2.471185771162235767e+02,1.194478553647233430e-03
2.471933935186202689e+02,2.472960896344128436e-03
2.472682099210169326e+02,2.042815739543501433e-03
2.473430263234136248e+02,5.254887202794974576e-04
2.474178427258102886e+02,1.171412557670355788e-03
2.474926591282069808e+02,4.184324992957543128e-04
2.475674755306036445e+02,7.624476039664490916e-04
2.476422919330003083e+02,3.074415100603797692e-04
2.477171083353970005e+02,1.031807683938819678e-03
2.477919247377936642e+02,1.513213258151773193e-03
2.478667411401903564e+02,6.550949157526025999e-04
2.479415575425870202e+02,1.325214360887151449e-03
2.480163739449837124e+02,8.484072971731486347e-04
2.480911903473803761e+02,2.833277270897824720e-04
2.481660067497770683e+02,2.260512986077457701e-04
2.482408231521737321e+02,6.877391415338981366e-05
2.483156395545704243e+02,5.343349143601178099e-04
2.483904559569670880e+02,1.115046904742889727e-03
2.484652723593637802e+02,8.952973032299524087e-04
2.485400887617604440e+02,1.142033274303696057e-03
2.486149051641571077e+02,1.440103763697556886e-03
2.486897215665537999e+02,1.148949105768100462e-03
2.487645379689504637e+02,8.148231669736383676e-04
2.488393543713471558e+02,6.497043293493488716e-04
2.489141707737438196e+02,1.072502688941808034e-03
2.489889871761405118e+02,1.200867989967708714e-03
2.490638035785371756e+02,5.290876178946953955e-04
2.491386199809338677e+02,6.514109038435635232e-04
2.492134363833305315e+02,1.562181346093288736e-03
2.492882527857272237e+02,2.298588025137297472e-03
2.493630691881238874e+02,2.093911412057961486e-03
2.494378855905205796e+02,1.233554039071109399e-03
2.495127019929172434e+02,5.424028228935986280e-04
2.495875183953139071e+02,1.291645745672481997e-03
2.496623347977105993e+02,1.105010823995492301e-03
2.497371512001072631e+02,7.403314794194481479e-04
2.498119676025039553e+02,1.394942186164931488e-03
2.498867840049006190e+02,5.511733474656008505e-04
2.499616004072973112e+02,1.966552865133234466e-03
2.500364168096939750e+02,1.920383892861676203e-03
2.501112332120906672e+02,8.573377996711010465e-04
2.501860496144873309e+02,1.178322173987525218e-03
2.502608660168840231e+02,8.841856815394712405e-04
2.503356824192806869e+02,5.912617338524728651e-04
2.504104988216773506e+02,9.585686912165073455e-04
2.504853152240740428e+02,1.359644141470095968e-03
2.505601316264707066e+02,2.267751128096387805e-03
2.506349480288673988e+02,2.093811946027235825e-03
2.507097644312640625e+02,2.195828787882643605e-03
2.507845808336607547e+02,1.184216477188583874e-03
2.508593972360574185e+02,1.296770309580815668e-03
2.509342136384541107e+02,8.919734807486738408e-04
2.510090300408507744e+02,8.297649234292978505e-04
2.510838464432474666e+02,1.411658267112992846e-03
2.511586628456441304e+02,5.264554397515784677e-04
2.512334792480408225e+02,2.770094421456001247e-04
2.513082956504374863e+02,4.378347201044278112e-04
2.513831120528341501e+02,7.614933920026776279e-04
2.514579284552308422e+02,1.884371815670264324e-03
2.515327448576275060e+02,1.545146201941467517e-03
2.516075612600241982e+02,1.376672273964262960e-03
2.516823776624208620e+02,6.485330603863073565e-04
2.517571940648175541e+02,1.230852786679687266e-03
2.518320104672142179e+02,1.536307770391241679e-03
2.519068268696109101e+02,1.444184551458435823e-03
2.519816432720075738e+02,1.194764162630005018e-03
2.520564596744042660e+02,8.991882561078111576e-04
2.521312760768009298e+02,5.481129577715080584e-04
2.522060924791976220e+02,5.128343450238692734e-04
2.522809088815942857e+02,7.625315692201696917e-04
2.523557252839909495e+02,6.854977848641109588e-04
2.524305416863876417e+02,1.046521163719315141e-03
2.525053580887843054e+02,8.892185262347360132e-04
2.525801744911809976e+02,5.356423275021889073e-04
2.526549908935776614e+02,2.064833631254246488e-04
2.527298072959743536e+02,2.121453004492747623e-04
2.528046236983710173e+02,4.379709103797159312e-04
2.528794401007677095e+02,9.274174931260762561e-04
2.529542565031643733e+02,4.903863645973307239e-04
2.530290729055610655e+02,5.710941685999949315e-04
2.531038893079577292e+02,1.467220092059718988e-03
2.531787057103544214e+02,1.729967775931946740e-03
2.532535221127510852e+02,1.670003668922080253e-03
2.533283385151477489e+02,1.679623399684835672e-03
2.534031549175444411e+02,1.239064588745384266e-03
2.534779713199411049e+02,6.789794098048338583e-04
2.535527877223377970e+02,1.177647842984285223e-03
2.536276041247344608e+02,9.580168426440002685e-04
2.537024205271311530e+02,1.127454204821498260e-03
2.537772369295278168e+02,1.259132381520294570e-03
2.538520533319245089e+02,7.209540685436758309e-04
2.539268697343211727e+02,3.269352802978529480e-04
2.540016861367178649e+02,6.855224344065466912e-04
2.540765025391145286e+02,1.003132630799074545e-03
2.541513189415111924e+02,4.147671828976110323e-04
2.542261353439078846e+02,5.714408160628280890e-04
2.543009517463045484e+02,1.000953355192031775e-03
2.543757681487012405e+02,1.134285254011582018e-03
2.544505845510979043e+02,1.685289696821408488e-03
2.545254009534945965e+02,1.412803812442752632e-03
2.546002173558912602e+02,3.000691974741312613e-04
2.546750337582879524e+02,2.294184180945060153e-04
2.547498501606846162e+02,1.291206642047611512e-03
2.548246665630813084e+02,1.248733680235178650e-03
2.548994829654779721e+02,8.015501107335280817e-04
2.549742993678746643e+02,1.037296799265418007e-03
2.550491157702713281e+02,2.992358928286470779e-04
2.551239321726679918e+02,9.160944035115988100e-04
2.551987485750646840e+02,1.025324169182984880e-03
2.552735649774613478e+02,4.910953396306235244e-04
2.553483813798580400e+02,1.053006209496351034e-03
2.554231977822547037e+02,1.588186031847118370e-03
2.554980141846513959e+02,1.341842187483101951e-03
2.555728305870480597e+02,1.183661311806602154e-03
2.556476469894447519e+02,7.363464514162170425e-04
2.557224633918414156e+02,4.822867805103536244e-04
2.557972797942381078e+02,6.338986964664164751e-04
2.558720961966347716e+02,1.086866530331559834e-03
2.559469125990314637e+02,4.763667212352798723e-04
2.560217290014281275e+02,6.908510958103370706e-05
2.560965454038247913e+02,2.222150152383581820e-04
2.561713618062214550e+02,1.082702646134467168e-03
2.562461782086181756e+02,5.878205064274376031e-04
2.563209946110148394e+02,6.480112750740646410e-04
2.563958110134115032e+02,6.237662711934792307e-04
2.564706274158081669e+02,9.722806543379278708e-04
2.565454438182048875e+02,9.008229095846228066e-04
2.566202602206015513e+02,2.082914101067842409e-03
2.566950766229982150e+02,2.146723775460197044e-03
2.567698930253948788e+02,1.601475119154819465e-03
2.568447094277915994e+02,1.382369032988483735e-03
2.569195258301882632e+02,1.170412090549812672e-03
2.569943422325849269e+02,6.666953057730890583e-04
2.570691586349815907e+02,3.010988749735154851e-04
2.571439750373782545e+02,4.517956128078394733e-04
2.572187914397749751e+02,9.950197821476224752e-04
2.572936078421716388e+02,7.022482179156775165e-04
2.573684242445683026e+02,2.860449921241975759e-04
2.574432406469649663e+02,4.780879012543417508e-04
2.575180570493616869e+02,8.680601325635700725e-04
2.575928734517583507e+02,1.185657006287223897e-03
2.576676898541550145e+02,1.339687277157183051e-03
2.577425062565516782e+02,6.372383678845696363e-03
2.578173226589483988e+02,9.158165540597753423e-03
2.578921390613450626e+02,4.926636360506718090e-03
2.579669554637417264e+02,1.481753046562185898e-03
2.580417718661383901e+02,1.394558594308030041e-03
2.581165882685350539e+02,9.075542961383164294e-04
2.581914046709317745e+02,8.483291284462583922e-04
2.582662210733284383e+02,7.885338644405870444e-04
2.583410374757251020e+02,4.416156952321604354e-04
2.584158538781217658e+02,1.209060323904099723e-04
2.584906702805184864e+02,4.977820694811032698e-04
2.585654866829151501e+02,1.878313559301478068e-04
2.586403030853118139e+02,1.262249231064418043e-03
2.587151194877084777e+02,1.517200571089886768e-03
2.587899358901051983e+02,8.402738837784732521e-04
2.588647522925018620e+02,1.168764785967424261e-03
2.589395686948985258e+02,1.840044037399336981e-03
2.590143850972951896e+02,1.383182856818594968e-03
2.590892014996918533e+02,1.007756054815491615e-03
2.591640179020885739e+02,1.929299667929839463e-03
2.592388343044852377e+02,1.264284462625983162e-03
2.593136507068819014e+02,9.197163357757444499e-04
2.593884671092785652e+02,6.684500035235563502e-04
2.594632835116752858e+02,2.322661955801724612e-04
2.595380999140719496e+02,6.067994330536832879e-04
2.596129163164686133e+02,6.007106690016830036e-04
2.596877327188652771e+02,5.536889604509320989e-04
2.597625491212619409e+02,1.249890034328009865e-03
2.598373655236586615e+02,1.234750605113254379e-03
2.599121819260553252e+02,1.252417727903294741e-03
2.599869983284519890e+02,1.881279710129484320e-03
2.600618147308486527e+02,1.842516313230556282e-03
2.601366311332453733e+02,1.264598482531756113e-03
2.602114475356420371e+02,1.598181611389387635e-03
2.602862639380387009e+02,1.737811155511671595e-03
2.603610803404353646e+02,1.282837336697208305e-03
2.604358967428320852e+02,7.665342979440495624e-04
2.605107131452287490e+02,7.064277507935936683e-04
2.605855295476254128e+02,9.472315645381015805e-04
2.606603459500220765e+02,9.804035347921685826e-04
2.607351623524187403e+02,4.107479317221997620e-04
2.608099787548154609e+02,9.951870447627532076e-04
2.608847951572121246e+02,1.429779972911852373e-03
2.609596115596087884e+02,5.258043654413017270e-04
2.610344279620054522e+02,4.685949007232349502e-04
2.611092443644021728e+02,1.296281892392812680e-03
2.611840607667988365e+02,1.698941517500718529e-03
2.612588771691955003e+02,1.081950518666660544e-03
2.613336935715921641e+02,5.352828397707467449e-04
2.614085099739888847e+02,3.570519962910930216e-04
2.614833263763855484e+02,7.205776174478909077e-04
2.615581427787822122e+02,1.071101140745276195e-03
2.616329591811788760e+02,4.443233171309143512e-04
2.617077755835755397e+02,1.021721152306476199e-03
2.617825919859722603e+02,1.188351738173305501e-03
2.618574083883689241e+02,8.716792151834601215e-04
2.619322247907655878e+02,3.958353856215762094e-04
2.620070411931622516e+02,5.498783540861875178e-04
2.620818575955589722e+02,7.523927458088061539e-04
2.621566739979556360e+02,2.644612134739063726e-04
2.622314904003522997e+02,8.018125856330543663e-04
2.623063068027489635e+02,1.001647753806762711e-03
2.623811232051456841e+02,8.730414512811993316e-04
2.624559396075423479e+02,1.138941336014087083e-03
2.625307560099390116e+02,1.074508667038974030e-03
2.626055724123356754e+02,7.287647359781492104e-04
2.626803888147323391e+02,6.363407396819831946e-04
2.627552052171290597e+02,9.491626596423341673e-04
2.628300216195257235e+02,9.950150790865241405e-04
2.629048380219223873e+02,3.817662628093041214e-04
2.629796544243190510e+02,6.728591561920810142e-04
2.630544708267157716e+02,1.181515517468330941e-03
2.631292872291124354e+02,7.424684441948750354e-04
2.632041036315090992e+02,6.689653035060447216e-04
2.632789200339057629e+02,1.257493381921891400e-03
2.633537364363024835e+02,6.391121170937195430e-04
2.634285528386991473e+02,3.895271533581439187e-04
2.635033692410958110e+02,4.584051309465316123e-04
2.635781856434924748e+02,6.047393648326528830e-04
2.636530020458891386e+02,7.104129157358788369e-04
2.637278184482858592e+02,7.358995006531309684e-04
2.638026348506825229e+02,9.766649646921010761e-04
2.638774512530791867e+02,4.665314875902552361e-04
2.639522676554758505e+02,9.938283931606058368e-04
2.640270840578725711e+02,9.671300514882226126e-04
2.641019004602692348e+02,9.826402480293894640e-04
2.641767168626658986e+02,1.311989366015798133e-03
2.642515332650625624e+02,1.007257826869222515e-03
2.643263496674592830e+02,2.282116540754566662e-04
2.644011660698559467e+02,6.352315534038571266e-04
2.644759824722526105e+02,1.285369818487738488e-03
2.645507988746492742e+02,1.057901132064687725e-03
2.646256152770459380e+02,3.513512739608304933e-04
2.647004316794426586e+02,7.040782595919566718e-04
2.647752480818393224e+02,9.540093017785155000e-04
2.648500644842359861e+02,3.665748363836441909e-04
2.649248808866326499e+02,1.551646032375409703e-03
2.649996972890293705e+02,1.601152948235684851e-03
2.650745136914260343e+02,9.591878804763356295e-04
2.651493300938226980e+02,2.648573386480965598e-04
2.652241464962193618e+02,3.732738572413904238e-04
2.652989628986160824e+02,1.498181999706545045e-04
2.653737793010127461e+02,1.036966525261108323e-03
2.654485957034094099e+02,1.560548773574498005e-03
2.655234121058060737e+02,1.566151595640011924e-03
2.655982285082027374e+02,1.271386142243333649e-03
2.656730449105994580e+02,9.791495392683208752e-04
2.657478613129961218e+02,9.553837832253869690e-04
2.658226777153927856e+02,8.661495385542526031e-04
2.658974941177894493e+02,7.681386946624176731e-04
2.659723105201861699e+02,3.800568022462441349e-04
2.660471269225828337e+02,5.332395684747607764e-04
2.661219433249794974e+02,9.719718636741635134e-04
2.661967597273761612e+02,1.504679234778885655e-03
2.662715761297728818e+02,4.220878423860190392e-04
2.663463925321695456e+02,1.613158217046731235e-03
2.664212089345662093e+02,9.433233588179926058e-04
2.664960253369628731e+02,7.739895502245446295e-04
2.665708417393595369e+02,2.931265121604524745e-05
2.666456581417562575e+02,5.481753407166693715e-05
2.667204745441529212e+02,8.757496122842897777e-04
2.667952909465495850e+02,1.090545613982579027e-03
2.668701073489462487e+02,9.122441969077020466e-04
2.669449237513429694e+02,9.414443255103206775e-04
2.670197401537396331e+02,8.980202160120595014e-04
2.670945565561362969e+02,1.217654510378386344e-03
2.671693729585329606e+02,6.010377578167880666e-04
2.672441893609296244e+02,4.651354889758753451e-04
2.673190057633263450e+02,4.607631137799938830e-04
2.673938221657230088e+02,1.655405269785661026e-03
2.674686385681196725e+02,1.581507247041932275e-03
2.675434549705163363e+02,3.582016247867630108e-04
2.676182713729130569e+02,6.326432137286020982e-04
2.676930877753097207e+02,6.898668397077563699e-04
2.677679041777063844e+02,1.266835649934247056e-03
2.678427205801030482e+02,5.101419665968379234e-04
2.679175369824997688e+02,2.385640322660410504e-04
2.679923533848964325e+02,8.578122151293070610e-04
2.680671697872930963e+02,9.072843220055160649e-04
2.681419861896897601e+02,1.233979097027475096e-03
2.682168025920864238e+02,7.883188057445916904e-04
2.682916189944831444e+02,5.403685623392554026e-04
2.683664353968798082e+02,5.373083093176023606e-04
2.684412517992764720e+02,3.506411679496963113e-04
2.685160682016731357e+02,6.270836785490376637e-04
2.685908846040698563e+02,6.336248234407598637e-04
2.686657010064665201e+02,5.096968977527694972e-04
2.687405174088631838e+02,1.533416408818930867e-03
2.688153338112598476e+02,1.418508931174026523e-03
2.688901502136565682e+02,6.899771522641324388e-04
2.689649666160532320e+02,5.037612747429917343e-04
2.690397830184498957e+02,1.752461625322972410e-04
2.691145994208465595e+02,4.330575028519639911e-04
2.691894158232432233e+02,1.045974608818828547e-03
2.692642322256399439e+02,1.008807115827503641e-03
2.693390486280366076e+02,1.074689061167037997e-03
2.694138650304332714e+02,7.903986428876067470e-04
2.694886814328299351e+02,5.779962869145163426e-04
2.695634978352266558e+02,5.699058463344170442e-04
2.696383142376233195e+02,8.623036326002787204e-04
2.697131306400199833e+02,4.381710652314936582e-04
2.697879470424166470e+02,8.190256303068001609e-04
2.698627634448133676e+02,8.486581977813382549e-04
2.699375798472100314e+02,1.028603627134842867e-03
2.700123962496066952e+02,8.800463202241024397e-04
2.700872126520033589e+02,8.045764409820447063e-04
2.701620290544000227e+02,5.986713894049760934e-04
2.702368454567967433e+02,7.761537376658948599e-04
2.703116618591934071e+02,7.180490290903551341e-04
2.703864782615900708e+02,1.297910543732222867e-03
2.704612946639867346e+02,1.075806287781042384e-03
2.705361110663834552e+02,5.443692019845790785e-04
2.706109274687801189e+02,6.269933735923128530e-04
2.706857438711767827e+02,9.230823519542316917e-04
2.707605602735734465e+02,6.905501598906169753e-04
2.708353766759701671e+02,5.089744619407619375e-04
2.709101930783668308e+02,5.577863896326413660e-04
2.709850094807634946e+02,5.251085282079313203e-04
2.710598258831601584e+02,2.746135058687891269e-04
2.711346422855568221e+02,3.008292357517870319e-04
2.712094586879535427e+02,3.003444837725523144e-04
2.712842750903502065e+02,6.858933442285678785e-04
2.713590914927468702e+02,3.074813729294774661e-04
2.714339078951435340e+02,4.931081853883506356e-04
2.715087242975402546e+02,3.617444323672860148e-04
2.715835406999369184e+02,6.233364404502951019e-04
2.716583571023335821e+02,8.728003491527176619e-04
2.717331735047302459e+02,3.061842809622963781e-04
2.718079899071269665e+02,1.013207413523908168e-03
2.718828063095236303e+02,1.100113911712714658e-03
2.719576227119202940e+02,1.205089887584202000e-03
2.720324391143169578e+02,6.928106432780363911e-04
2.721072555167136215e+02,3.546905121493504971e-04
2.721820719191103422e+02,5.422561322818955816e-04
2.722568883215070059e+02,1.286248117757855585e-03
2.723317047239036697e+02,1.841641511348390044e-03
2.724065211263003334e+02,1.779235572272335961e-03
2.724813375286970540e+02,1.260044199373577638e-03
2.725561539310937178e+02,5.896945283164154459e-04
2.726309703334903816e+02,1.268612351198408804e-03
2.727057867358870453e+02,8.487250819225928850e-04
2.727806031382837659e+02,4.091360504226117722e-04
2.728554195406804297e+02,1.381842504730906363e-04
2.729302359430770935e+02,6.704836307301713632e-04
2.730050523454737572e+02,9.409119782123672327e-04
2.730798687478704210e+02,1.449236059533102420e-03
2.731546851502671416e+02,7.155695910017028641e-04
2.732295015526638053e+02,1.375460860297355930e-03
2.733043179550604691e+02,3.389019515840691510e-04
2.733791343574571329e+02,2.903068151882379471e-03
2.734539507598538535e+02,3.332424238288889118e-03
2.735287671622505172e+02,1.996268406945632835e-03
2.736035835646471810e+02,1.560920687513808617e-03
2.736783999670438448e+02,1.272930707913905038e-03
2.737532163694405085e+02,6.883988251465410517e-04
2.738280327718372291e+02,8.153053893416965792e-05
2.739028491742338929e+02,8.539786628517466644e-05
2.739776655766305566e+02,5.800010438438084857e-04
2.740524819790272204e+02,7.799785845604686801e-04
2.741272983814239410e+02,1.210207604117596262e-03
2.742021147838206048e+02,8.060889253030959151e-04
2.742769311862172685e+02,1.391607294619060919e-03
2.743517475886139323e+02,1.875886151592772409e-03
2.744265639910106529e+02,7.424071214605646373e-04
2.745013803934073167e+02,5.560042277980475943e-04
2.745761967958039804e+02,1.172505731343512344e-03
2.746510131982006442e+02,1.081847901012023385e-03
2.747258296005973079e+02,1.050824934702223505e-03
2.748006460029940285e+02,2.235846162613959291e-03
2.748754624053906923e+02,1.986802738278646736e-03
2.749502788077873561e+02,8.470759532726502465e-04
2.750250952101840198e+02,6.733679055375997851e-04
2.750999116125807404e+02,4.114622523001353993e-04
2.751747280149774042e+02,3.684020014563820942e-04
2.752495444173740680e+02,4.874887924652421961e-04
2.753243608197707317e+02,6.510537810507901948e-04
2.753991772221674523e+02,7.336077574686459104e-04
2.754739936245641161e+02,7.314305733826219087e-04
2.755488100269607799e+02,6.231411025411230696e-04
2.756236264293574436e+02,1.098539556819761245e-03
2.756984428317541074e+02,1.314538275005536000e-03
2.757732592341508280e+02,5.067788229604640359e-04
2.758480756365474917e+02,1.004853899221931721e-03
2.759228920389441555e+02,1.015202422275515758e-03
2.759977084413408193e+02,5.209374627327149551e-04
2.760725248437375399e+02,7.222138502089123658e-04
2.761473412461342036e+02,1.359507723435158383e-03
2.762221576485308674e+02,1.171309423132011135e-03
2.762969740509275312e+02,8.700768052559068860e-04
2.763717904533242518e+02,3.245136567135773050e-04
2.764466068557209155e+02,4.959684372049047180e-04
2.765214232581175793e+02,2.023679574900898008e-04
2.765962396605142430e+02,7.754350896746420524e-04
2.766710560629109068e+02,1.087342101612563889e-03
2.767458724653076274e+02,1.417998875238447431e-03
2.768206888677042912e+02,2.019904540219606779e-03
2.768955052701009549e+02,1.524562980233563295e-03
2.769703216724976187e+02,9.015444703417168542e-04
2.770451380748943393e+02,1.022278326384383875e-03
2.771199544772910031e+02,1.052527753071899261e-03
2.771947708796876668e+02,5.588202571322970283e-04
2.772695872820843306e+02,2.825160919338881452e-04
2.773444036844810512e+02,7.632143235001147318e-04
2.774192200868777149e+02,3.286250872372420938e-04
2.774940364892743787e+02,5.609997821503226586e-04
2.775688528916710425e+02,4.504209558734344285e-04
2.776436692940677062e+02,3.768971318934857232e-04
2.777184856964644268e+02,2.366800879213289805e-04
2.777933020988610906e+02,8.704447433384152923e-04
2.778681185012577544e+02,9.979068300445320325e-04
2.779429349036544181e+02,1.120847025951973112e-03
2.780177513060511387e+02,5.556224955006679221e-04
2.780925677084478025e+02,3.350641486151407990e-04
2.781673841108444662e+02,8.198427291261381434e-04
2.782422005132411300e+02,1.319627567643986152e-03
2.783170169156378506e+02,1.347510878052542030e-03
2.783918333180345144e+02,1.414469934509041561e-03
2.784666497204311781e+02,1.287933675556006755e-03
2.785414661228278419e+02,9.125141191604624607e-05
2.786162825252245057e+02,9.958974765811932743e-04
2.786910989276212263e+02,6.158669224588767151e-04
2.787659153300178900e+02,2.440712791788471965e-04
2.788407317324145538e+02,1.003741797999251799e-03
2.789155481348112176e+02,8.469566282537712180e-04
2.789903645372079382e+02,2.218660171381672754e-04
2.790651809396046019e+02,2.444245853956939721e-04
2.791399973420012657e+02,3.926015772289559490e-04
2.792148137443979294e+02,2.394564026984141985e-04
2.792896301467946500e+02,4.512553442435964261e-04
2.793644465491913138e+02,9.217838951565082923e-04
2.794392629515879776e+02,8.454368974695940578e-04
2.795140793539846413e+02,4.488393983593093285e-04
2.795888957563813051e+02,7.405126904853641173e-04
2.796637121587780257e+02,6.325819409112528897e-04
2.797385285611746895e+02,6.454689805580068147e-04
2.798133449635713532e+02,7.997551727883367824e-04
2.798881613659680170e+02,6.819639381851117952e-04
2.799629777683647376e+02,5.225195206455912449e-04
2.800377941707614013e+02,6.130747773213502099e-04
2.801126105731580651e+02,2.681112493080551793e-04
2.801874269755547289e+02,4.945099702943347520e-04
2.802622433779514495e+02,8.654526487977952810e-04
2.803370597803481132e+02,1.312218146701731470e-03
2.804118761827447770e+02,1.178251689475799538e-03
2.804866925851414408e+02,7.399793184164883643e-04
2.805615089875381045e+02,5.887664778912996737e-04
2.806363253899348251e+02,9.394019254219895549e-04
2.807111417923314889e+02,9.896498690074363204e-04
2.807859581947281526e+02,3.058124211018462425e-04
2.808607745971248164e+02,5.174693944886845590e-04
2.809355909995215370e+02,4.141208773947303010e-04
2.810104074019182008e+02,3.529175799478636135e-04
2.810852238043148645e+02,6.987700282963508645e-04
2.811600402067115283e+02,2.385211201284550154e-03
2.812348566091081921e+02,4.202274061141361705e-03
2.813096730115049127e+02,2.480362949249378599e-03
2.813844894139015764e+02,7.380088317434159613e-04
2.814593058162982402e+02,5.611671597635753102e-04
2.815341222186949039e+02,1.205829347776198306e-03
2.816089386210916246e+02,1.614413952968150011e-03
2.816837550234882883e+02,6.434617931113294437e-04
2.817585714258849521e+02,5.430291511460164870e-04
2.818333878282816158e+02,9.167305304412442461e-04
2.819082042306783364e+02,5.899038920996325756e-04
2.819830206330750002e+02,1.324996217394551739e-03
2.820578370354716640e+02,2.571387483477682108e-04
2.821326534378683277e+02,9.207946203493549541e-04
2.822074698402649915e+02,1.724771421684370796e-04
2.822822862426617121e+02,6.522334289332423329e-04
2.823571026450583759e+02,1.732106510381772619e-03
2.824319190474550396e+02,1.934031492941926762e-03
2.825067354498517034e+02,1.422070601881669826e-03
2.825815518522484240e+02,1.032424070620684749e-03
2.826563682546450877e+02,5.787738669993419856e-04
2.827311846570417515e+02,8.311617836154462603e-04
2.828060010594384153e+02,8.614653234519393382e-04
2.828808174618351359e+02,6.371206380067990019e-04
2.829556338642317996e+02,7.885833052382460644e-04
2.830304502666284634e+02,1.629712000227407894e-03
2.831052666690251272e+02,1.116553931877689977e-03
2.831800830714217909e+02,7.749702967673730881e-04
2.832548994738185115e+02,7.720891712443044355e-04
2.833297158762151753e+02,1.206302745446828206e-03
2.834045322786118390e+02,1.079411466189335138e-03
2.834793486810085028e+02,3.226684169141343138e-04
2.835541650834052234e+02,6.347072267760465970e-04
2.836289814858018872e+02,1.046465242078950097e-03
2.837037978881985509e+02,5.045941661998063323e-04
2.837786142905952147e+02,1.338672442433800052e-03
2.838534306929919353e+02,9.779497791030664425e-04
2.839282470953885991e+02,3.537318076331928858e-04
2.840030634977852628e+02,6.697881023621399688e-04
2.840778799001819266e+02,1.690808133335999059e-04
2.841526963025785903e+02,3.738870648608185322e-04
2.842275127049753110e+02,6.595276420735353201e-04
2.843023291073719747e+02,1.188332496220813198e-03
2.843771455097686385e+02,2.109969277634062446e-04
2.844519619121653022e+02,3.357094367708141850e-04
2.845267783145620228e+02,6.691749157917123480e-04
2.846015947169586866e+02,6.614476465610416968e-04
2.846764111193553504e+02,3.212170213965124350e-04
2.847512275217520141e+02,9.000908610774452237e-04
2.848260439241487347e+02,1.957716229854977036e-03
2.849008603265453985e+02,1.782636678089424874e-03
2.849756767289420623e+02,1.176921095601225547e-03
2.850504931313387260e+02,1.742203635094788611e-04
2.851253095337353898e+02,9.658512246963313038e-04
2.852001259361321104e+02,1.093550372266997167e-03
2.852749423385287741e+02,5.255809617257048167e-04
2.853497587409254379e+02,8.715628848931027909e-04
2.854245751433221017e+02,1.380413333203590626e-03
2.854993915457188223e+02,1.389055572734354234e-03
2.855742079481154860e+02,7.877172392253685256e-04
2.856490243505121498e+02,1.137444086754419445e-03
2.857238407529088136e+02,1.287428470452485095e-03
2.857986571553055342e+02,5.643655500985749222e-04
2.858734735577021979e+02,4.553564505331340970e-04
2.859482899600988617e+02,8.607033257626671560e-04
2.860231063624955254e+02,1.999303834062288003e-03
2.860979227648921892e+02,1.127360763106227291e-03
2.861727391672889098e+02,2.448741091353174963e-04
2.862475555696855736e+02,9.990484332492444164e-04
2.863223719720822373e+02,9.270597250118321883e-04
2.863971883744789011e+02,4.150414250087714483e-04
2.864720047768756217e+02,6.881733144785463253e-04
2.865468211792722855e+02,1.085382847787705459e-03
2.866216375816689492e+02,1.721970115494632001e-04
2.866964539840656130e+02,9.155584503351216425e-04
2.867712703864623336e+02,4.180560334046760354e-04
2.868460867888589974e+02,4.956996068390762209e-04
2.869209031912556611e+02,7.912312500366547796e-04
2.869957195936523249e+02,6.781517443667250435e-04
2.870705359960489886e+02,3.553849305260032405e-04
2.871453523984457092e+02,4.448105119244999341e-04
2.872201688008423730e+02,1.290280465554162048e-03
2.872949852032390368e+02,1.143955257450186705e-03
2.873698016056357005e+02,1.070618396931024820e-04
2.874446180080324211e+02,8.791574588457260484e-04
2.875194344104290849e+02,1.036529047422019012e-03
2.875942508128257487e+02,1.002986242350693748e-03
2.876690672152224124e+02,8.001059784687340531e-04
2.877438836176191330e+02,1.177520349463335699e-03
2.878187000200157968e+02,1.911441356610284322e-03
2.878935164224124605e+02,2.356857450157526235e-03
2.879683328248091243e+02,1.832490377008703973e-03
2.880431492272057881e+02,6.151354772390600634e-04
2.881179656296025087e+02,5.000850806243775561e-04
2.881927820319991724e+02,9.299055017087949192e-04
2.882675984343958362e+02,9.321334903736085012e-04
2.883424148367925000e+02,5.463141013917683546e-04
2.884172312391892206e+02,4.999916488872696314e-04
2.884920476415858843e+02,7.471180060611014480e-04
2.885668640439825481e+02,3.745983895518541196e-04
2.886416804463792118e+02,1.266285047349548568e-03
2.887164968487758756e+02,2.310322071492099203e-03
2.887913132511725962e+02,1.020071591993395709e-03
2.888661296535692600e+02,5.039206542154208096e-04
2.889409460559659237e+02,3.383660215890275415e-04
2.890157624583625875e+02,2.643976006897889516e-03
2.890905788607593081e+02,2.932474227859494745e-03
2.891653952631559719e+02,3.252008283085747685e-04
2.892402116655526356e+02,1.496176682308046971e-03
2.893150280679492994e+02,8.293987457214416995e-04
2.893898444703460200e+02,2.954896908779401058e-04
2.894646608727426838e+02,5.430214077463503325e-04
2.895394772751393475e+02,7.931899057287126499e-04
2.896142936775360113e+02,1.295531259949177791e-03
2.896891100799326750e+02,1.167649895165725820e-03
2.897639264823293956e+02,6.535131944455264009e-04
2.898387428847260594e+02,7.972407119663473722e-04
2.899135592871227232e+02,7.147602047453866002e-04
2.899883756895193869e+02,1.748648718776900195e-03
2.900631920919161075e+02,9.472443112980692172e-04
2.901380084943127713e+02,4.331245636032629727e-04
2.902128248967094351e+02,1.111960890916389435e-03
2.902876412991060988e+02,1.062238097843195206e-03
2.903624577015028194e+02,1.337500014393345170e-03
2.904372741038994832e+02,2.157940783077878701e-03
2.905120905062961469e+02,1.719695842802593374e-03
2.905869069086928107e+02,6.447312721889475462e-04
2.906617233110894745e+02,3.725246168742918818e-04
2.907365397134861951e+02,4.888868193724415405e-04
2.908113561158828588e+02,8.345854646769996707e-04
2.908861725182795226e+02,8.494797523736133784e-04
2.909609889206761864e+02,1.054597933462050495e-03
2.910358053230729070e+02,4.618741095013994603e-04
2.911106217254695707e+02,1.778135578323014013e-04
2.911854381278662345e+02,5.981084511021764194e-04
2.912602545302628982e+02,5.217284898804771696e-04
2.913350709326596188e+02,2.945130737866059932e-04
2.914098873350562826e+02,3.639641422124214047e-04
2.914847037374529464e+02,5.222542829287119166e-04
2.915595201398496101e+02,1.958674631426654273e-04
2.916343365422462739e+02,4.236138160879297484e-04
2.917091529446429945e+02,6.867593658457348937e-04
2.917839693470396583e+02,4.809456761563409163e-04
2.918587857494363220e+02,7.327500428135195511e-04
2.919336021518329858e+02,7.291626930070680681e-04
2.920084185542297064e+02,1.369903990243523037e-03
2.920832349566263701e+02,1.235968475921697934e-03
2.921580513590230339e+02,1.397456187745368126e-03
2.922328677614196977e+02,1.345230123391210220e-03
2.923076841638164183e+02,1.414436676548614475e-03
2.923825005662130820e+02,1.590865955551870603e-03
2.924573169686097458e+02,1.652733934017889270e-03
2.925321333710064096e+02,9.830144465169190788e-04
2.926069497734030733e+02,4.663686465758318201e-04
2.926817661757997939e+02,1.190955952162630694e-03
2.927565825781964577e+02,9.706384593542739239e-04
2.928313989805931215e+02,4.741303873038355031e-04
2.929062153829897852e+02,7.229603866688489883e-04
2.929810317853865058e+02,9.399636009388100382e-04
2.930558481877831696e+02,2.958252601228165100e-04
2.931306645901798333e+02,6.814550598876252139e-04
2.932054809925764971e+02,8.121381873108846940e-04
2.932802973949732177e+02,6.649845471131456695e-04
2.933551137973698815e+02,5.814631732158658580e-04
2.934299301997665452e+02,9.279286646246568066e-04
2.935047466021632090e+02,1.200239297705483175e-03
2.935795630045598728e+02,1.263441661976893353e-03
2.936543794069565934e+02,6.913917394010516380e-04
2.937291958093532571e+02,7.343445836392607827e-04
2.938040122117499209e+02,6.218491381265250310e-04
2.938788286141465846e+02,6.454220626698724261e-04
2.939536450165433052e+02,1.102506006557121441e-03
2.940284614189399690e+02,6.305034783857658195e-04
2.941032778213366328e+02,7.297229743070276662e-04
2.941780942237332965e+02,5.672585388463900974e-04
2.942529106261300171e+02,4.539011020580605601e-04
2.943277270285266809e+02,2.924592277965529555e-04
2.944025434309233447e+02,7.934331895068610137e-04
2.944773598333200084e+02,9.763382966950188025e-04
2.945521762357166722e+02,5.225348703220712016e-04
2.946269926381133928e+02,9.070563787199310097e-04
2.947018090405100565e+02,6.825861967696644729e-04
2.947766254429067203e+02,3.130566073426301597e-04
2.948514418453033841e+02,3.165235129712975245e-04
2.949262582477001047e+02,7.893084293649383102e-04
2.950010746500967684e+02,9.502990225183661219e-04
2.950758910524934322e+02,4.197635188562134456e-04
2.951507074548900960e+02,1.207115539193663817e-03
2.952255238572868166e+02,7.909704765100981959e-04
2.953003402596834803e+02,5.423513973515903773e-04
2.953751566620801441e+02,1.243446013757896779e-03
2.954499730644768078e+02,1.722761555884647511e-03
2.955247894668734716e+02,2.087286739510382447e-03
2.955996058692701922e+02,1.473126249808541424e-03
2.956744222716668560e+02,1.832363616722656064e-03
2.957492386740635197e+02,1.089911566920826087e-03
2.958240550764601835e+02,1.310586082175775602e-03
2.958988714788569041e+02,1.597870473675572873e-03
2.959736878812535679e+02,1.590605549083420368e-03
2.960485042836502316e+02,2.369869445758699246e-05
2.961233206860468954e+02,1.055494676001865299e-03
2.961981370884435592e+02,1.057723588365550070e-03
2.962729534908402798e+02,1.221363617420519925e-03
2.963477698932369435e+02,1.225855312690801724e-03
2.964225862956336073e+02,1.936619077394109289e-04
2.964974026980302710e+02,7.219939038682807696e-04
2.965722191004269916e+02,9.174057018451266558e-04
2.966470355028236554e+02,1.271230583023311850e-03
2.967218519052203192e+02,9.798944535982490565e-04
2.967966683076169829e+02,1.371232129190815387e-03
2.968714847100137035e+02,2.921101814921302480e-03
2.969463011124103673e+02,1.727835274966756009e-03
2.970211175148070311e+02,5.071860799464798482e-04
2.970959339172036948e+02,4.171203269312324566e-04
2.971707503196003586e+02,8.133585604084226034e-04
2.972455667219970792e+02,1.719980839507362358e-03
2.973203831243937429e+02,6.165178212397270669e-04
2.973951995267904067e+02,6.505231255141529639e-04
2.974700159291870705e+02,7.442189291163794776e-04
2.975448323315837911e+02,1.836019118470792950e-04
2.976196487339804548e+02,1.112262144772851622e-03
2.976944651363771186e+02,9.869900227675750242e-04
2.977692815387737824e+02,2.291983936516524636e-04
2.978440979411705030e+02,4.348844792568416968e-04
2.979189143435671667e+02,1.010516041443940008e-03
2.979937307459638305e+02,1.742035623999280483e-03
2.980685471483604942e+02,1.729747871493993302e-03
2.981433635507571580e+02,1.364828778417054994e-03
2.982181799531538786e+02,1.008817506623038186e-03
2.982929963555505424e+02,4.217702243228993626e-04
2.983678127579472061e+02,9.572345049421136787e-04
2.984426291603438699e+02,1.331367742911658807e-03
2.985174455627405905e+02,8.374415471042800322e-04
2.985922619651372543e+02,8.590357522133997134e-04
2.986670783675339180e+02,1.346689346199368741e-03
2.987418947699305818e+02,1.359196939763377809e-03
2.988167111723273024e+02,7.538878607935926152e-04
2.988915275747239662e+02,5.129847276248480350e-04
2.989663439771206299e+02,7.408252053635086109e-04
2.990411603795172937e+02,5.294080128532220510e-04
2.991159767819139574e+02,7.984806962551399805e-04
2.991907931843106780e+02,6.325598058595963786e-04
2.992656095867073418e+02,9.391205949127824420e-04
2.993404259891040056e+02,5.547998057754830381e-04
2.994152423915006693e+02,9.700275261405154207e-04
2.994900587938973899e+02,7.529504015197296344e-04
2.995648751962940537e+02,8.108006170107890081e-04
2.996396915986907175e+02,8.214527929778660644e-04
2.997145080010873812e+02,6.701982932464981522e-04
2.997893244034841018e+02,3.479228862574828955e-04
2.998641408058807656e+02,1.513865047579158150e-03
2.999389572082774293e+02,1.847989398530511078e-03
3.000137736106740931e+02,1.018823945034542239e-03
3.000885900130707569e+02,8.995659075327094205e-04
3.001634064154674775e+02,7.718629556294382158e-04
3.002382228178641412e+02,3.468175791384517912e-04
3.003130392202608050e+02,6.583469762772749256e-04
3.003878556226574688e+02,1.218519449484754911e-03
3.004626720250541894e+02,2.055587528211065378e-03
3.005374884274508531e+02,1.171873882491027011e-03
3.006123048298475169e+02,4.648775456040223986e-04
3.006871212322441806e+02,7.422644472722989169e-04
3.007619376346409013e+02,1.237621355383487992e-03
3.008367540370375650e+02,1.172963963498097235e-03
3.009115704394342288e+02,9.254065874207089001e-04
3.009863868418308925e+02,1.576894544356440692e-03
3.010612032442275563e+02,1.348045056521234714e-03
3.011360196466242769e+02,1.677906234797362818e-03
3.012108360490209407e+02,1.010887114990573080e-03
3.012856524514176044e+02,1.029494875162527238e-03
3.013604688538142682e+02,1.228908856192044256e-03
3.014352852562109888e+02,4.364786754734256919e-04
3.015101016586076526e+02,8.877582698235496729e-04
3.015849180610043163e+02,3.145151005321495741e-04
3.016597344634009801e+02,1.031734818877409320e-03
3.017345508657977007e+02,4.713024977182580957e-04
3.018093672681943644e+02,3.483560317017318666e-04
3.018841836705910282e+02,1.374065964594970140e-03
3.019590000729876920e+02,9.321663472688278490e-04
3.020338164753843557e+02,2.792899550320837999e-04
3.021086328777810763e+02,7.704890150485480893e-04
3.021834492801777401e+02,5.936204987169843746e-04
3.022582656825744039e+02,8.796476553774378688e-04
3.023330820849710676e+02,1.108283704868351675e-03
3.024078984873677882e+02,4.074927243083846127e-04
3.024827148897644520e+02,8.624353122233569154e-04
3.025575312921611157e+02,9.952319793727570051e-04
3.026323476945577795e+02,1.047108301954130473e-03
3.027071640969545001e+02,3.651663830704858071e-04
3.027819804993511639e+02,8.702629425200627666e-04
3.028567969017478276e+02,1.570074919550724273e-03
3.029316133041444914e+02,1.465014486113593332e-03
3.030064297065411552e+02,6.499329165216039287e-04
3.030812461089378758e+02,5.510399082117647127e-04
3.031560625113345395e+02,4.195485538648308457e-04
3.032308789137312033e+02,6.274857404804302279e-04
3.033056953161278670e+02,7.549160455431232078e-04
3.033805117185245876e+02,1.346575840176678475e-03
3.034553281209212514e+02,2.319520331592611270e-03
3.035301445233179152e+02,2.450396258132671139e-03
3.036049609257145789e+02,1.334056904384079908e-03
3.036797773281112427e+02,4.118538425661210961e-04
3.037545937305079633e+02,7.414599715011463248e-04
3.038294101329046271e+02,9.378212050500774272e-04
3.039042265353012908e+02,9.696068322715729751e-04
3.039790429376979546e+02,1.474940627408944348e-03
3.040538593400946752e+02,4.444660535965473219e-05
3.041286757424913390e+02,1.302833282953786472e-03
3.042034921448880027e+02,6.939236973382886114e-04
3.042783085472846665e+02,5.255439777002973017e-04
3.043531249496813871e+02,1.031851769071219331e-03
3.044279413520780508e+02,6.781221281389321603e-04
3.045027577544747146e+02,3.434017411528502610e-04
3.045775741568713784e+02,9.704609398079036206e-04
3.046523905592680421e+02,3.191835197314191533e-03
3.047272069616647627e+02,3.243331784493073272e-03
3.048020233640614265e+02,1.132106170508568981e-03
3.048768397664580903e+02,8.992596448180181171e-04
3.049516561688547540e+02,4.923098923242401250e-04
3.050264725712514746e+02,6.144637496137377974e-05
3.051012889736481384e+02,3.334865184005372037e-04
3.051761053760448021e+02,6.981467137586353866e-04
3.052509217784414659e+02,1.400584224511582576e-03
3.053257381808381865e+02,1.732310288890354707e-03
3.054005545832348503e+02,8.379902581563528942e-04
3.054753709856315140e+02,5.009132361008898898e-04
3.055501873880281778e+02,1.545841607497317263e-03
3.056250037904248416e+02,1.769056171485569205e-03
3.056998201928215622e+02,4.553433103595533045e-04
3.057746365952182259e+02,5.156377722195849313e-04
3.058494529976148897e+02,7.149373829146947598e-04
3.059242694000115534e+02,8.806221268357649398e-04
3.059990858024082740e+02,1.018018145481804429e-03
3.060739022048049378e+02,1.124526968287128037e-03
3.061487186072016016e+02,8.127820996427687116e-04
3.062235350095982653e+02,9.474970701084869940e-04
3.062983514119949859e+02,2.697656380759805511e-04
3.063731678143916497e+02,3.869412645950783447e-04
3.064479842167883135e+02,7.089883958738683227e-04
3.065228006191849772e+02,7.398137871518553881e-04
3.065976170215816410e+02,1.152719660332298356e-03
3.066724334239783616e+02,1.194192679147403633e-03
3.067472498263750253e+02,5.740130320740587490e-04
3.068220662287716891e+02,9.837471075057786785e-04
3.068968826311683529e+02,8.116338361097184340e-04
3.069716990335650735e+02,5.783408676705533488e-04
3.070465154359617372e+02,1.150149225849789441e-03
3.071213318383584010e+02,9.541879377860474970e-04
3.071961482407550648e+02,1.097531608602447524e-04
3.072709646431517854e+02,1.101393192455408588e-03
3.073457810455484491e+02,1.302762814437944446e-03
3.074205974479451129e+02,6.593029167348399061e-04
3.074954138503417767e+02,1.502195487651909528e-03
3.075702302527384404e+02,1.081878579564370764e-03
3.076450466551351610e+02,1.602761307383365362e-03
3.077198630575318248e+02,1.564120243499632790e-03
3.077946794599284885e+02,1.336646256787974059e-03
3.078694958623251523e+02,7.362550573421618389e-04
3.079443122647218729e+02,1.843329860423327310e-03
3.080191286671185367e+02,1.567785473016609530e-03
3.080939450695152004e+02,7.836598268322219653e-04
3.081687614719118642e+02,3.376099021041265870e-04
3.082435778743085848e+02,8.263827436120933052e-04
3.083183942767052486e+02,7.685227037047544056e-04
3.083932106791019123e+02,8.943306782023582435e-04
3.084680270814985761e+02,3.694766367687418317e-04
3.085428434838952398e+02,6.706632746029623842e-04
3.086176598862919604e+02,2.976867056766339037e-04
3.086924762886886242e+02,5.030419019912359038e-04
3.087672926910852880e+02,4.945626530876461773e-04
3.088421090934819517e+02,1.626017368403152277e-04
3.089169254958786723e+02,2.921926000910211288e-04
3.089917418982753361e+02,6.652345670145136912e-04
3.090665583006719999e+02,9.457350760617063692e-04
3.091413747030686636e+02,1.507124374127871572e-03
3.092161911054653842e+02,1.133429746726242072e-03
3.092910075078620480e+02,4.946896595812520087e-04
3.093658239102587117e+02,9.192305091221057408e-04
3.094406403126553755e+02,9.512620697326254092e-04
3.095154567150520393e+02,2.981143687578316015e-04
3.095902731174487599e+02,7.224960650222037560e-04
3.096650895198454236e+02,1.088340014526517933e-03
3.097399059222420874e+02,1.098889490923371645e-03
3.098147223246387512e+02,9.315720204489524045e-04
3.098895387270354718e+02,4.043909596711624927e-04
3.099643551294321355e+02,8.293577644065692599e-04
3.100391715318287993e+02,1.438865928090126995e-03
3.101139879342254631e+02,1.616548053456430241e-03
3.101888043366221268e+02,1.159571181238107287e-03
3.102636207390188474e+02,1.895302473352327571e-03
3.103384371414155112e+02,1.585006459290845505e-03
3.104132535438121749e+02,7.649111588889371182e-04
3.104880699462088387e+02,1.043191186321130353e-03
3.105628863486055593e+02,1.132525856432575794e-03
3.106377027510022231e+02,3.005651829655427609e-04
3.107125191533988868e+02,7.654630515263698403e-04
3.107873355557955506e+02,1.013776457347186034e-03
3.108621519581922712e+02,9.477896247050690212e-04
3.109369683605889350e+02,1.041669396398547075e-03
3.110117847629855987e+02,1.473417512498405345e-03
3.110866011653822625e+02,2.102859366355099794e-03
3.111614175677789262e+02,2.493813375213134540e-03
3.112362339701756468e+02,8.530940860452381966e-04
3.113110503725723106e+02,1.259153326642295512e-03
3.113858667749689744e+02,3.178896588722780986e-04
3.114606831773656381e+02,1.025819536909090401e-03
3.115354995797623587e+02,7.651889991129329910e-04
3.116103159821590225e+02,1.820604311299313339e-03
3.116851323845556863e+02,1.732312217877699997e-03
3.117599487869523500e+02,1.334598859892449120e-03
3.118347651893490706e+02,7.543736191016944120e-04
3.119095815917457344e+02,8.503366497504530244e-04
3.119843979941423981e+02,1.070230977574773441e-03
3.120592143965390619e+02,2.957862678234417860e-04
3.121340307989357257e+02,6.477934849643418201e-04
3.122088472013324463e+02,1.688788825086352417e-03
3.122836636037291100e+02,1.880150283912055027e-03
3.123584800061257738e+02,1.662022420102015436e-03
3.124332964085224376e+02,2.865105197923252609e-03
3.125081128109191582e+02,3.174481999633058452e-03
3.125829292133158219e+02,1.157959120065190717e-03
3.126577456157124857e+02,1.142252899981826978e-03
3.127325620181091494e+02,9.739206263635610339e-04
3.128073784205058701e+02,3.938425055060974182e-04
3.128821948229025338e+02,9.865398243483660800e-04
3.129570112252991976e+02,5.387694937660692960e-04
3.130318276276958613e+02,1.421896942389977653e-03
3.131066440300925251e+02,1.435665108733656659e-03
3.131814604324892457e+02,2.183743262884699503e-04
3.132562768348859095e+02,1.064728022037847270e-03
3.133310932372825732e+02,8.494356945005457783e-04
3.134059096396792370e+02,2.148478826754603632e-04
3.134807260420759576e+02,1.089902797347070329e-03
3.135555424444726214e+02,1.903373314529018586e-03
3.136303588468692851e+02,2.303712071597969601e-03
3.137051752492659489e+02,1.677928270638391227e-03
3.137799916516626695e+02,8.065591600681091449e-04
3.138548080540593332e+02,4.976782097197892654e-04
3.139296244564559970e+02,3.444054884533582117e-04
3.140044408588526608e+02,1.105234771677857976e-03
3.140792572612493245e+02,8.770456369932518904e-04
3.141540736636460451e+02,3.201963632891723132e-04
3.142288900660427089e+02,9.836066785030878491e-04
3.143037064684393727e+02,1.260859919835173549e-03
3.143785228708360364e+02,6.399419792034017306e-04
3.144533392732327570e+02,2.703847537089658771e-04
3.145281556756294208e+02,8.825526571298279721e-04
3.146029720780260845e+02,9.392130450869425832e-04
3.146777884804227483e+02,9.607171216381355829e-04
3.147526048828194689e+02,7.450240634744934032e-04
3.148274212852161327e+02,8.619489218378162268e-04
3.149022376876127964e+02,1.371430623583089333e-03
3.149770540900094602e+02,1.363657817203693277e-03
3.150518704924061240e+02,8.947029680717906311e-04
3.151266868948028446e+02,7.999511424413647187e-04
3.152015032971995083e+02,1.645775019430241850e-03
3.152763196995961721e+02,9.446962760120132356e-04
3.153511361019928358e+02,5.512384053578099369e-04
3.154259525043895565e+02,7.645473132656834371e-04
3.155007689067862202e+02,1.364413546981542392e-03
3.155755853091828840e+02,1.061612681312111084e-03
3.156504017115795477e+02,7.535283205659336608e-04
3.157252181139762683e+02,4.625705082978548541e-04
3.158000345163729321e+02,9.752892145731773205e-04
3.158748509187695959e+02,6.565455611084761124e-04
3.159496673211662596e+02,1.083496143151627903e-03
3.160244837235629234e+02,1.115606000156263997e-03
3.160993001259596440e+02,1.036193282389604028e-03
3.161741165283563078e+02,4.713853621826229775e-04
3.162489329307529715e+02,2.377458739583494915e-04
3.163237493331496353e+02,1.048625495417585939e-03
3.163985657355463559e+02,1.554950672126289559e-03
3.164733821379430196e+02,1.634677142916782103e-03
3.165481985403396834e+02,1.249470791465845908e-03
3.166230149427363472e+02,1.229613316891830111e-03
3.166978313451330678e+02,1.448047050595404868e-03
3.167726477475297315e+02,1.501050217241567267e-03
3.168474641499263953e+02,5.564781355189816776e-04
3.169222805523230591e+02,6.237648560934955320e-04
3.169970969547197228e+02,2.361490248521493150e-04
3.170719133571164434e+02,1.095912493034854147e-03
3.171467297595131072e+02,1.818934365556426841e-03
3.172215461619097709e+02,9.609883647188196751e-04
3.172963625643064347e+02,5.784669951693330493e-05
3.173711789667031553e+02,5.900156274819270356e-04
3.174459953690998191e+02,3.693323495290675210e-04
3.175208117714964828e+02,1.796311842672809007e-03
3.175956281738931466e+02,1.126909976910360272e-03
3.176704445762898104e+02,1.247614429835661772e-04
3.177452609786865310e+02,7.699379869197346812e-04
3.178200773810831947e+02,2.937989923917891963e-04
3.178948937834798585e+02,4.141162626840278133e-04
3.179697101858765222e+02,2.502977899881711444e-04
3.180445265882732429e+02,9.565274470329311650e-04
3.181193429906699066e+02,1.365567851117384943e-03
3.181941593930665704e+02,1.092198482440744208e-03
3.182689757954632341e+02,1.052692061780575918e-03
3.183437921978599547e+02,4.155123542318751579e-04
3.184186086002566185e+02,7.058416113540807698e-04
3.184934250026532823e+02,1.091262023763192113e-03
3.185682414050499460e+02,8.462194355258747473e-04
3.186430578074466098e+02,3.490559260107604467e-04
3.187178742098433304e+02,5.525355075064298334e-04
3.187926906122399942e+02,7.876553044815543967e-04
3.188675070146366579e+02,1.126312263086712111e-03
3.189423234170333217e+02,8.967771777883216857e-04
3.190171398194300423e+02,1.065270556327085416e-03
3.190919562218267060e+02,1.257793429216920791e-03
3.191667726242233698e+02,6.603606135395924219e-04
3.192415890266200336e+02,7.279032558245022749e-05
3.193164054290167542e+02,5.950913006946422119e-04
3.193912218314134179e+02,8.562900009153733569e-04
3.194660382338100817e+02,1.416868766631074542e-03
3.195408546362067455e+02,2.005768192078843937e-03
3.196156710386034092e+02,2.179586334078188574e-03
3.196904874410001298e+02,6.655197912830788237e-04
3.197653038433967936e+02,1.163917579464756333e-03
3.198401202457934573e+02,7.618775974694158440e-04
3.199149366481901211e+02,8.716039336981147925e-04
3.199897530505868417e+02,4.600706353501476877e-04
3.200645694529835055e+02,7.523518713952694796e-04
3.201393858553801692e+02,5.586249959228852544e-04
3.202142022577768330e+02,8.768204183642213561e-04
3.202890186601735536e+02,1.137534523406698566e-03
3.203638350625702174e+02,1.115218961348301164e-03
3.204386514649668811e+02,1.249027626219677235e-03
3.205134678673635449e+02,9.694277506106714105e-04
3.205882842697602086e+02,3.690294583855348179e-04
3.206631006721569292e+02,5.055288933355598117e-04
3.207379170745535930e+02,3.120887683853477783e-04
3.208127334769502568e+02,7.847167831858949073e-04
3.208875498793469205e+02,1.614599161824191616e-03
3.209623662817436411e+02,2.514374326072073632e-03
3.210371826841403049e+02,1.883313202125377591e-03
3.211119990865369687e+02,4.611937233366411137e-04
3.211868154889336324e+02,1.139651117978088008e-03
3.212616318913303530e+02,6.123385579845137686e-04
3.213364482937270168e+02,8.851649192006589726e-04
3.214112646961236806e+02,1.439767665189815990e-03
3.214860810985203443e+02,1.206486797527831422e-03
3.215608975009170081e+02,6.570803886630585417e-04
3.216357139033137287e+02,6.687873288578708450e-04
3.217105303057103924e+02,9.530099403177765471e-04
3.217853467081070562e+02,1.879391838645463842e-03
3.218601631105037200e+02,1.321884545347210916e-03
3.219349795129004406e+02,1.067075050120776681e-03
3.220097959152971043e+02,3.952972016296181870e-04
3.220846123176937681e+02,9.084176643779726806e-04
3.221594287200904319e+02,7.860474881474710171e-04
3.222342451224871525e+02,1.193785672765694441e-03
3.223090615248838162e+02,1.302535949066478682e-03
3.223838779272804800e+02,8.411680398229361751e-04
3.224586943296771437e+02,3.731279631935150256e-04
3.225335107320738075e+02,6.008624016367624440e-04
3.226083271344705281e+02,8.908456823760805806e-04
3.226831435368671919e+02,1.025986892028491870e-03
3.227579599392638556e+02,1.102606986499500910e-03
3.228327763416605194e+02,4.289566120182256265e-04
3.229075927440572400e+02,1.168707247630619952e-03
3.229824091464539038e+02,1.045526247200240710e-03
3.230572255488505675e+02,9.153509366441949261e-04
3.231320419512472313e+02,1.156483257135219184e-03
3.232068583536439519e+02,6.872576955771554814e-04
3.232816747560406156e+02,8.232278367248116674e-04
3.233564911584372794e+02,1.043008978644102171e-03
3.234313075608339432e+02,1.034400821367961265e-03
3.235061239632306069e+02,1.114976433349640838e-03
3.235809403656273275e+02,1.690160078080534672e-03
3.236557567680239913e+02,1.238220701237330084e-03
3.237305731704206551e+02,4.854457995379031000e-04
3.238053895728173188e+02,9.069178290569421610e-04
3.238802059752140394e+02,1.644173982560921373e-03
3.239550223776107032e+02,7.831286566806313276e-04
3.240298387800073669e+02,5.031483006787837659e-04
3.241046551824040307e+02,1.125109415988716135e-03
3.241794715848007513e+02,1.131361639117149176e-03
3.242542879871974151e+02,8.390402004176418906e-04
3.243291043895940788e+02,6.873556265424689022e-04
3.244039207919907426e+02,5.033512063569869173e-04
3.244787371943874064e+02,2.132664220619802961e-04
3.245535535967841270e+02,2.121223714527067006e-04
3.246283699991807907e+02,2.147806596654896593e-04
3.247031864015774545e+02,7.520326161674953077e-04
3.247780028039741183e+02,1.718092745800395022e-03
3.248528192063708389e+02,1.100750108625891000e-03
3.249276356087675026e+02,3.285196172176061704e-04
3.250024520111641664e+02,8.948990982455705314e-04
3.250772684135608301e+02,1.552329386998980033e-03
3.251520848159574939e+02,7.480930154848687260e-04
3.252269012183542145e+02,9.912564972984802113e-04
3.253017176207508783e+02,1.264680504693740156e-03
3.253765340231475420e+02,7.951412875508378185e-04
3.254513504255442058e+02,6.631616125773951700e-04
3.255261668279409264e+02,4.326492289789979372e-04
3.256009832303375902e+02,1.000293357421543072e-03
3.256757996327342539e+02,2.052682305673685266e-03
3.257506160351309177e+02,2.255385127295491364e-03
3.258254324375276383e+02,1.995469885406226350e-03
3.259002488399243020e+02,2.162314186676213366e-03
3.259750652423209658e+02,1.358786795353053231e-03
3.260498816447176296e+02,7.228645302609629968e-04
3.261246980471142933e+02,1.152747110337588865e-03
3.261995144495110139e+02,1.188221502828025467e-03
3.262743308519076777e+02,4.814946088009155046e-04
3.263491472543043415e+02,3.060614652655036915e-04
3.264239636567010052e+02,2.487115703049305434e-04
3.264987800590977258e+02,8.567137232804183542e-04
3.265735964614943896e+02,1.065045822722939396e-03
3.266484128638910533e+02,6.990059497906919977e-04
3.267232292662877171e+02,1.458786234246911692e-03
3.267980456686844377e+02,1.447943635918783707e-03
3.268728620710811015e+02,7.441424857115577166e-04
3.269476784734777652e+02,1.631685134369617336e-03
3.270224948758744290e+02,1.317143601191322856e-03
3.270973112782710928e+02,7.719107873679124064e-04
3.271721276806678134e+02,1.084108191098875082e-03
3.272469440830644771e+02,1.615536236428246220e-03
3.273217604854611409e+02,1.047896324604528570e-03
3.273965768878578046e+02,5.419882429116415143e-04
3.274713932902545253e+02,2.646335178168702324e-04
3.275462096926511890e+02,4.325725680035383464e-04
3.276210260950478528e+02,1.198846707428462131e-04
3.276958424974445165e+02,5.063131356570932948e-04
3.277706588998412371e+02,1.101936377803302506e-03
3.278454753022379009e+02,1.726788623279274047e-03
3.279202917046345647e+02,1.345220650071302397e-03
3.279951081070312284e+02,1.806958880597588990e-03
3.280699245094278922e+02,6.439533481698424093e-03
3.281447409118246128e+02,7.232780582786963938e-03
3.282195573142212766e+02,2.733412163898936258e-03
3.282943737166179403e+02,1.610971629719308270e-03
3.283691901190146041e+02,1.198403000441387607e-03
3.284440065214113247e+02,6.726761629538403984e-04
3.285188229238079884e+02,4.282427419418818036e-04
3.285936393262046522e+02,7.230454216350666640e-04
3.286684557286013160e+02,1.203465345079322455e-03
3.287432721309980366e+02,1.126392062643906053e-03
3.288180885333947003e+02,4.162784296398930133e-04
3.288929049357913641e+02,3.663346536617687076e-04
3.289677213381880279e+02,6.078645802581749032e-04
3.290425377405846916e+02,1.091911846422154034e-03
3.291173541429814122e+02,1.382442738584673675e-03
3.291921705453780760e+02,2.230288179845925454e-03
3.292669869477747397e+02,2.738164663046297083e-03
3.293418033501714035e+02,1.804319491221883240e-03
3.294166197525681241e+02,6.831039784071603121e-04
3.294914361549647879e+02,7.748636830598712357e-04
3.295662525573614516e+02,4.744087903910854283e-04
3.296410689597581154e+02,6.594243893456396390e-04
3.297158853621548360e+02,5.854874229842645713e-04
3.297907017645514998e+02,4.194051766203920587e-04
3.298655181669481635e+02,9.113212349392283210e-04
3.299403345693448273e+02,6.018072707719216959e-04
3.300151509717414910e+02,7.584103801632219180e-04
3.300899673741382117e+02,9.258971269420924327e-04
3.301647837765348754e+02,1.224509593790338658e-03
3.302396001789315392e+02,1.248625180126037085e-03
3.303144165813282029e+02,1.481655726161340602e-03
3.303892329837249235e+02,1.453620931497997745e-03
3.304640493861215873e+02,2.087112510187304638e-03
3.305388657885182511e+02,2.039388541541153985e-03
3.306136821909149148e+02,1.911230740724362363e-03
3.306884985933116354e+02,1.159979471114853510e-03
3.307633149957082992e+02,7.165783306349990302e-04
3.308381313981049630e+02,8.495393941399354909e-04
3.309129478005016267e+02,3.430316753233505068e-04
3.309877642028982905e+02,7.104380232938345028e-04
3.310625806052950111e+02,1.545260186415220189e-04
3.311373970076916748e+02,1.371982390560864788e-03
3.312122134100883386e+02,1.139856604891842417e-03
3.312870298124850024e+02,1.831757345243106177e-04
3.313618462148817230e+02,7.284854913275631231e-04
3.314366626172783867e+02,1.391354741887471406e-03
3.315114790196750505e+02,1.284055481300956213e-03
3.315862954220717143e+02,6.425778877924059667e-04
3.316611118244684349e+02,4.144958004426998284e-04
3.317359282268650986e+02,1.473975558854347275e-04
3.318107446292617624e+02,4.772336678798138210e-04
3.318855610316584261e+02,7.642563270282262721e-04
3.319603774340550899e+02,8.292756790193882201e-04
3.320351938364518105e+02,1.915807565484550952e-03
3.321100102388484743e+02,2.029296190728870509e-03
3.321848266412451380e+02,1.292190565425542894e-03
3.322596430436418018e+02,8.705783043613146872e-04
3.323344594460385224e+02,1.247415788151219835e-03
3.324092758484351862e+02,1.231439642918392974e-03
3.324840922508318499e+02,4.319026798285655928e-05
3.325589086532285137e+02,9.903942780596401100e-04
3.326337250556251774e+02,1.125986080486399490e-03
3.327085414580218981e+02,1.646434468384542311e-03
3.327833578604185618e+02,1.779809354439605305e-03
3.328581742628152256e+02,1.499110329462905421e-03
3.329329906652118893e+02,9.312164577735891190e-04
3.330078070676086099e+02,4.051728967128803032e-04
3.330826234700052737e+02,1.306954933426703806e-04
3.331574398724019375e+02,1.019019811657364280e-03
3.332322562747986012e+02,7.262973916481305818e-04
3.333070726771953218e+02,3.812902707759028968e-04
3.333818890795919856e+02,8.979150929697598182e-04
3.334567054819886494e+02,3.286080808918541234e-04
3.335315218843853131e+02,5.775206440466134445e-04
3.336063382867819769e+02,7.972408306224199699e-04
3.336811546891786975e+02,1.093968137163024278e-03
3.337559710915753612e+02,8.397436844345161156e-04
3.338307874939720250e+02,4.741162823569718002e-04
3.339056038963686888e+02,9.736623580986806213e-04
3.339804202987654094e+02,9.521217387918602627e-04
3.340552367011620731e+02,6.989752542035741062e-04
3.341300531035587369e+02,7.567681429508016974e-04
3.342048695059554007e+02,6.789000616531014288e-04
3.342796859083521213e+02,7.528844929528462912e-04
3.343545023107487850e+02,1.105065235713416794e-03
3.344293187131454488e+02,1.435745789463297025e-03
3.345041351155421125e+02,1.452238219265541931e-03
3.345789515179387763e+02,6.568399878176793159e-04
3.346537679203354969e+02,5.274917820852603181e-04
3.347285843227321607e+02,9.363758556437215986e-04
3.348034007251288244e+02,1.215209162552209621e-03
3.348782171275254882e+02,1.092026261700656435e-03
3.349530335299222088e+02,8.562201271496744544e-04
3.350278499323188726e+02,5.445647746110955211e-04
3.351026663347155363e+02,3.521833751466503428e-04
3.351774827371122001e+02,1.690831443639145663e-03
3.352522991395089207e+02,2.467223291633835729e-03
3.353271155419055845e+02,1.765018684881177954e-03
3.354019319443022482e+02,7.567643556919536945e-04
3.354767483466989120e+02,5.533240573332430827e-04
3.355515647490955757e+02,8.187429679782562680e-04
3.356263811514922963e+02,2.275143308373157717e-04
3.357011975538889601e+02,8.575249041857560236e-04
3.357760139562856239e+02,1.173252270088673494e-03
3.358508303586822876e+02,5.305258259372293153e-04
3.359256467610790082e+02,4.686646121571016858e-04
3.360004631634756720e+02,1.232752346168653574e-03
3.360752795658723358e+02,1.156668364959500140e-03
3.361500959682689995e+02,6.987414882659460230e-04
3.362249123706657201e+02,3.477834485521816179e-04
3.362997287730623839e+02,8.863313708376187186e-04
3.363745451754590476e+02,4.319614878982499248e-04
3.364493615778557114e+02,1.397088555062648077e-03
3.365241779802523752e+02,1.432740269483865616e-03
3.365989943826490958e+02,2.169129951172717955e-03
3.366738107850457595e+02,2.212403909049897796e-03
3.367486271874424233e+02,9.660318373970732406e-04
3.368234435898390871e+02,8.467674003854272925e-04
3.368982599922358077e+02,6.068336114946981750e-04
3.369730763946324714e+02,9.944353618451821832e-04
3.370478927970291352e+02,8.574555529699203101e-04
3.371227091994257989e+02,6.871237045933514245e-04
3.371975256018225195e+02,8.694827492350186253e-04
3.372723420042191833e+02,5.351329140834630137e-04
3.373471584066158471e+02,1.062414165112778291e-03
3.374219748090125108e+02,1.557433337333886947e-03
3.374967912114091746e+02,1.284844987163650783e-03
3.375716076138058952e+02,1.454114057019073982e-03
3.376464240162025590e+02,4.479003088612137223e-04
3.377212404185992227e+02,1.132753486568982386e-03
3.377960568209958865e+02,9.860112776391087141e-04
3.378708732233926071e+02,6.554715993299065849e-04
3.379456896257892708e+02,1.263259550992473735e-03
3.380205060281859346e+02,4.087603921165094923e-04
3.380953224305825984e+02,7.618715287599264795e-04
3.381701388329793190e+02,9.490504386952487497e-04
3.382449552353759827e+02,7.355410056263609600e-04
3.383197716377726465e+02,5.128929902527676245e-04
3.383945880401693103e+02,7.088535125530766529e-04
3.384694044425659740e+02,5.766430188782608809e-04
3.385442208449626946e+02,4.694674247504178311e-04
3.386190372473593584e+02,5.062115529374005196e-04
3.386938536497560222e+02,7.511987286087478928e-04
3.387686700521526859e+02,3.328847505342389583e-04
3.388434864545494065e+02,5.680236907954676687e-04
3.389183028569460703e+02,7.211521508339946776e-04
3.389931192593427340e+02,1.337628851097043964e-03
3.390679356617393978e+02,1.918064598890518698e-03
3.391427520641361184e+02,1.808134911800136566e-03
3.392175684665327822e+02,1.418980807392429631e-03
3.392923848689294459e+02,9.137551430870399739e-04
3.393672012713261097e+02,4.750829529326159976e-04
3.394420176737227735e+02,8.385666247500434814e-04
3.395168340761194941e+02,1.566141466756497229e-03
3.395916504785161578e+02,9.953514348176120425e-04
3.396664668809128216e+02,1.021040293526391312e-03
3.397412832833094853e+02,1.447490762539200247e-03
3.398160996857062059e+02,1.455071348454891516e-03
3.398909160881028697e+02,7.470913630368302728e-04
3.399657324904995335e+02,2.982103698519593675e-04
3.400405488928961972e+02,3.474179933242193033e-04
3.401153652952928610e+02,3.282823001116214252e-04
3.401901816976895816e+02,6.463788226661188992e-04
3.402649981000862454e+02,9.622829358415818136e-04
3.403398145024829091e+02,1.109150058560070791e-03
3.404146309048795729e+02,1.299486116514822617e-03
3.404894473072762935e+02,8.310947539517359994e-04
3.405642637096729572e+02,1.220894661529205746e-04
3.406390801120696210e+02,5.375050629406044134e-04
3.407138965144662848e+02,1.471499773148749260e-03
3.407887129168630054e+02,6.012325357918350995e-04
3.408635293192596691e+02,6.436090937002519408e-04
3.409383457216563329e+02,5.140276667512410410e-04
3.410131621240529967e+02,6.275888916675982599e-04
3.410879785264496604e+02,1.136274858469612289e-03
3.411627949288463810e+02,5.778074427241455986e-04
3.412376113312430448e+02,1.091815328906729863e-03
3.413124277336397085e+02,1.805529346001253418e-03
3.413872441360363723e+02,1.903268139118039198e-03
3.414620605384330929e+02,1.708234769672606563e-03
3.415368769408297567e+02,8.372216078182205317e-04
3.416116933432264204e+02,4.627555243193360191e-04
3.416865097456230842e+02,7.258596879523152631e-04
3.417613261480198048e+02,8.405934105666345571e-04
3.418361425504164686e+02,8.026366416070791158e-04
3.419109589528131323e+02,3.410960735224478294e-04
3.419857753552097961e+02,5.490423140772720222e-04
3.420605917576064599e+02,7.533295448969709249e-04
3.421354081600031805e+02,9.603820709258533740e-04
3.422102245623998442e+02,3.616715791788459289e-04
3.422850409647965080e+02,6.809212613997573304e-04
3.423598573671931717e+02,4.872482193108784525e-04
3.424346737695898923e+02,5.024484417910827323e-04
3.425094901719865561e+02,1.398799905821967180e-03
3.425843065743832199e+02,2.176606828429163143e-03
3.426591229767798836e+02,2.080316871981570306e-03
3.427339393791766042e+02,1.657151881216869594e-03
3.428087557815732680e+02,1.023400049464176075e-03
3.428835721839699318e+02,5.181669550983117713e-04
3.429583885863665955e+02,5.258307236351428271e-04
3.430332049887632593e+02,2.923375679825638033e-04
3.431080213911599799e+02,5.262404302399816382e-04
3.431828377935566436e+02,1.193141932843152760e-03
3.432576541959533074e+02,8.331075283828404425e-04
3.433324705983499712e+02,5.687349249055507951e-04
3.434072870007466918e+02,4.182793429543778664e-04
3.434821034031433555e+02,1.174357972786275800e-03
3.435569198055400193e+02,1.672460133865212497e-03
3.436317362079366831e+02,1.789641625685079937e-03
3.437065526103334037e+02,5.648503946687677066e-03
3.437813690127300674e+02,5.648725939778062068e-03
3.438561854151267312e+02,2.675197116085234559e-03
3.439310018175233949e+02,1.857806343693871581e-03
3.440058182199200587e+02,1.532346495825113791e-03
3.440806346223167793e+02,1.126205094384890226e-03
3.441554510247134431e+02,5.190458810813848144e-04
3.442302674271101068e+02,3.158433186091888414e-04
3.443050838295067706e+02,3.538309702514644771e-04
3.443799002319034912e+02,2.023618341449615141e-04
3.444547166343001550e+02,2.429919188615534598e-04
3.445295330366968187e+02,5.407714016609599210e-04
3.446043494390934825e+02,1.277535750806618915e-03
3.446791658414902031e+02,1.323114710962959746e-03
3.447539822438868669e+02,3.532767773236069274e-04
3.448287986462835306e+02,1.147276321128797840e-03
3.449036150486801944e+02,1.648224355211134595e-03
3.449784314510768581e+02,1.002490181415861478e-03
3.450532478534735787e+02,1.274533763709893939e-03
3.451280642558702425e+02,1.920204072786746040e-03
3.452028806582669063e+02,1.195349370650430117e-03
3.452776970606635700e+02,8.729355063182024557e-04
3.453525134630602906e+02,1.179791120603760832e-03
3.454273298654569544e+02,5.960210736472374695e-04
3.455021462678536182e+02,8.758740823091856547e-05
3.455769626702502819e+02,2.344593488323856246e-04
3.456517790726470025e+02,7.645032776244257630e-04
3.457265954750436663e+02,1.067821233870259144e-03
3.458014118774403300e+02,8.721595492464088344e-04
3.458762282798369938e+02,1.020979070605923219e-03
3.459510446822336576e+02,2.000270334950552276e-03
3.460258610846303782e+02,1.828082039842257069e-03
3.461006774870270419e+02,1.506491452795747504e-03
3.461754938894237057e+02,1.803147649047112449e-03
3.462503102918203695e+02,1.595427525410290318e-03
3.463251266942170901e+02,7.862993365631939418e-04
3.463999430966137538e+02,7.227562933473032254e-04
3.464747594990104176e+02,9.080159005506891140e-04
3.465495759014070813e+02,1.183483998455428510e-03
3.466243923038037451e+02,1.111434154589454422e-03
3.466992087062004657e+02,6.449961769216414021e-04
3.467740251085971295e+02,1.901679735750482327e-03
3.468488415109937932e+02,1.225200265396334323e-03
3.469236579133904570e+02,5.801764823297601804e-04
3.469984743157871776e+02,8.915026333020684103e-04
3.470732907181838414e+02,1.573514406228983210e-03
3.471481071205805051e+02,1.408559021401603563e-03
3.472229235229771689e+02,3.596522388520098038e-04
3.472977399253738895e+02,3.991937590237503710e-04
3.473725563277705533e+02,4.686277657806314496e-04
3.474473727301672170e+02,2.739183724042701298e-04
3.475221891325638808e+02,3.758355522476778537e-04
3.475970055349605445e+02,5.698617330179131437e-04
3.476718219373572651e+02,9.411065954632794181e-04
3.477466383397539289e+02,6.841742994466544969e-04
3.478214547421505927e+02,5.039179411360098296e-04
3.478962711445472564e+02,1.978770249012773864e-04
3.479710875469439770e+02,8.897738589092123694e-04
3.480459039493406408e+02,8.775296013256521886e-04
3.481207203517373046e+02,2.222302082081877158e-04
3.481955367541339683e+02,1.297907094316787507e-03
3.482703531565306889e+02,1.501819335523700560e-03
3.483451695589273527e+02,8.522290012119218680e-04
3.484199859613240164e+02,6.315984747683177922e-04
3.484948023637206802e+02,1.271746791848558109e-03
3.485696187661173440e+02,1.276126162964344966e-03
3.486444351685140646e+02,6.422843005039323037e-04
3.487192515709107283e+02,8.928146000170406309e-04
3.487940679733073921e+02,1.128288255936292636e-03
3.488688843757040559e+02,6.782338577968873234e-04
3.489437007781007765e+02,9.421803980565169288e-04
3.490185171804974402e+02,1.050782877715478094e-03
3.490933335828941040e+02,4.883360292999354381e-04
3.491681499852907677e+02,1.160191723302703842e-03
3.492429663876874883e+02,8.578584204079655728e-04
3.493177827900841521e+02,3.730555710848753649e-04
3.493925991924808159e+02,4.624021836660152261e-04
3.494674155948774796e+02,9.079879615389626745e-04
3.495422319972741434e+02,1.078222195924727605e-03
3.496170483996708640e+02,7.043790397928866368e-04
3.496918648020675278e+02,6.284721164795374236e-04
3.497666812044641915e+02,8.670568702771309054e-04
3.498414976068608553e+02,5.184323345013742713e-05
3.499163140092575759e+02,9.446770178374500450e-04
3.499911304116542397e+02,7.313789252685783115e-04
3.500659468140509034e+02,1.167087885888706388e-03
3.501407632164475672e+02,1.044309932528915625e-03
3.502155796188442878e+02,7.191631735731305718e-04
3.502903960212409515e+02,5.576953414669957171e-04
3.503652124236376153e+02,6.038727379960408866e-04
3.504400288260342791e+02,9.979785753996301290e-04
3.505148452284309428e+02,5.491971997511570962e-04
3.505896616308276634e+02,7.279531710487320778e-04
3.506644780332243272e+02,1.352610294091019082e-03
3.507392944356209910e+02,9.341198288271539011e-04
3.508141108380176547e+02,5.494988974392486097e-04
3.508889272404143753e+02,1.850396821076065023e-03
3.509637436428110391e+02,1.889717809703569344e-03
3.510385600452077028e+02,8.261447937914232278e-04
3.511133764476043666e+02,4.539630836494564382e-04
3.511881928500010872e+02,2.538373485127375247e-04
3.512630092523977510e+02,3.791407656641259923e-04
3.513378256547944147e+02,1.108836946252459181e-03
3.514126420571910785e+02,1.602228072393066614e-03
3.514874584595877423e+02,1.771878788968651646e-03
3.515622748619844629e+02,1.890239862269458247e-03
3.516370912643811266e+02,1.530699885121986938e-03
3.517119076667777904e+02,7.770352947349828693e-04
3.517867240691744541e+02,2.792777658703832016e-04
3.518615404715711747e+02,3.205304496606142675e-04
3.519363568739678385e+02,2.483414199892498256e-04
3.520111732763645023e+02,1.123496267726468767e-04
3.520859896787611660e+02,1.276178640614019505e-03
3.521608060811578866e+02,8.476256062640425120e-04
3.522356224835545504e+02,1.292541151192468617e-03
3.523104388859512142e+02,1.857881996106013458e-03
3.523852552883478779e+02,9.425353553728163395e-04
3.524600716907445417e+02,8.160643283460594600e-04
3.525348880931412623e+02,2.852869530035908566e-04
3.526097044955379261e+02,2.089231212124555647e-04
3.526845208979345898e+02,1.267310231126622406e-03
3.527593373003312536e+02,1.620615724862701492e-03
3.528341537027279742e+02,1.134930544556441746e-03
3.529089701051246379e+02,7.078010589463104877e-04
3.529837865075213017e+02,8.499195290117551697e-04
3.530586029099179655e+02,8.396949306883903829e-04
3.531334193123146861e+02,2.180596334515604593e-04
3.532082357147113498e+02,2.856263561298685210e-04
3.532830521171080136e+02,4.924627110148264856e-04
3.533578685195046774e+02,1.366402799147984400e-03
3.534326849219013411e+02,8.577732288432159038e-04
3.535075013242980617e+02,3.695303212878515422e-04
3.535823177266947255e+02,6.882661501847699885e-04
3.536571341290913892e+02,1.228461217145717993e-03
3.537319505314880530e+02,1.059215675471169085e-03
3.538067669338847736e+02,7.808271565102645976e-04
3.538815833362814374e+02,2.967199086772482220e-04
3.539563997386781011e+02,8.368699010050813757e-04
3.540312161410747649e+02,3.084093680412763232e-04
3.541060325434714287e+02,8.276990541616903148e-04
3.541808489458681493e+02,6.268596812057873179e-04
3.542556653482648130e+02,5.598370780831165650e-04
3.543304817506614768e+02,1.040046878592463088e-03
3.544052981530581405e+02,6.498494624262998124e-04
3.544801145554548611e+02,6.710463359880942382e-04
3.545549309578515249e+02,6.325832404630880651e-04
3.546297473602481887e+02,7.357225066029021666e-04
3.547045637626448524e+02,1.644814607689392381e-03
3.547793801650415730e+02,1.187634375409580938e-03
3.548541965674382368e+02,4.841508305902015208e-04
3.549290129698349006e+02,4.562091973847363859e-04
3.550038293722315643e+02,6.072552954470199433e-04
3.550786457746282281e+02,6.911043236637470647e-04
3.551534621770249487e+02,1.249618065938151723e-03
3.552282785794216124e+02,1.288928132206964075e-03
3.553030949818182762e+02,1.287321636938371528e-03
3.553779113842149400e+02,1.006993068182005478e-03
3.554527277866116606e+02,1.039868246132209231e-03
3.555275441890083243e+02,4.509162301333184252e-04
3.556023605914049881e+02,6.187701045670573104e-04
3.556771769938016519e+02,4.046382670416878865e-04
3.557519933961983725e+02,8.367779762965078588e-04
3.558268097985950362e+02,9.976132507731798413e-04
3.559016262009917000e+02,1.060834518889503062e-03
3.559764426033883638e+02,1.010868792097140752e-03
3.560512590057850275e+02,4.709740136612868716e-04
3.561260754081817481e+02,5.967965832975086248e-04
3.562008918105784119e+02,4.926626248417695191e-04
3.562757082129750756e+02,1.103648013940791272e-03
3.563505246153717394e+02,1.703917729386402726e-03
3.564253410177684600e+02,9.501490101672783279e-04
3.565001574201651238e+02,2.812395515257094022e-04
3.565749738225617875e+02,1.581309716783180263e-03
3.566497902249584513e+02,1.029624438917779326e-03
3.567246066273551719e+02,1.144089670553822147e-03
3.567994230297518357e+02,4.958988666381664370e-04
3.568742394321484994e+02,1.007854916182319548e-03
3.569490558345451632e+02,7.368026448183257393e-04
3.570238722369418269e+02,5.854264887705376086e-04
3.570986886393385475e+02,1.652541683669526637e-04
3.571735050417352113e+02,4.944053364670078542e-04
3.572483214441318751e+02,1.813507276572458088e-04
3.573231378465285388e+02,4.833202362497618604e-04
3.573979542489252594e+02,9.860410429175561742e-05
3.574727706513219232e+02,4.261147956264043930e-04
3.575475870537185870e+02,3.016377738718369994e-04
3.576224034561152507e+02,8.304118571856635702e-04
3.576972198585119713e+02,7.911771992776025619e-04
3.577720362609086351e+02,9.556871187295534103e-04
3.578468526633052988e+02,1.104025623589398233e-03
3.579216690657019626e+02,9.346162748701346669e-04
3.579964854680986264e+02,1.175490062281017836e-04
3.580713018704953470e+02,5.807495182147923455e-04
3.581461182728920107e+02,7.726799022900279236e-04
3.582209346752886745e+02,1.410285786647578294e-03
3.582957510776853383e+02,1.510730742481015531e-03
3.583705674800820589e+02,1.075903477524317630e-03
3.584453838824787226e+02,5.032405605990250596e-04
3.585202002848753864e+02,9.842164456739818743e-04
3.585950166872720501e+02,1.222402060700688003e-03
3.586698330896687708e+02,4.712032702588011862e-04
3.587446494920654345e+02,3.755897277770363471e-04
3.588194658944620983e+02,9.618166565165107464e-04
3.588942822968587620e+02,5.632751501493719025e-04
3.589690986992554258e+02,1.446878648461986765e-03
3.590439151016521464e+02,1.132522772176472242e-03
3.591187315040488102e+02,4.796998417162804860e-04
3.591935479064454739e+02,9.050438443361217590e-04
3.592683643088421377e+02,1.400649770622308112e-04
3.593431807112388583e+02,6.855118786778138622e-04
3.594179971136355221e+02,1.041060669135792901e-03
3.594928135160321858e+02,1.405324589108620939e-03
3.595676299184288496e+02,1.435533893355646958e-03
3.596424463208255702e+02,1.334366075704106419e-03
3.597172627232222339e+02,8.095936040838871322e-04
3.597920791256188977e+02,2.888452031771454945e-04
3.598668955280155615e+02,3.508719411912428849e-04
3.599417119304122252e+02,1.193290180719336043e-03
3.600165283328089458e+02,9.843695261713191012e-04
3.600913447352056096e+02,1.059443968466293896e-03
3.601661611376022734e+02,1.073806153879915603e-03
3.602409775399989371e+02,1.434787115796602860e-03
3.603157939423956577e+02,1.332619967650436723e-03
3.603906103447923215e+02,8.610798191254889549e-04
3.604654267471889852e+02,4.500737267787214592e-04
3.605402431495856490e+02,1.355723779308158454e-03
3.606150595519823696e+02,6.011322999398052962e-04
3.606898759543790334e+02,1.436665495454233360e-03
3.607646923567756971e+02,2.120054184106367427e-03
3.608395087591723609e+02,1.368390730913144606e-03
3.609143251615690247e+02,6.975014885338998594e-04
3.609891415639657453e+02,4.189168380865898990e-04
3.610639579663624090e+02,3.343531513007187142e-04
3.611387743687590728e+02,7.680622446321348816e-04
3.612135907711557365e+02,3.062623706840198455e-04
3.612884071735524572e+02,3.618748301071705951e-04
3.613632235759491209e+02,1.146230915535450656e-03
3.614380399783457847e+02,1.032865615407067969e-03
3.615128563807424484e+02,7.745760451873422766e-04
3.615876727831391122e+02,1.402301608003182851e-03
3.616624891855358328e+02,8.854589313315185161e-04
3.617373055879324966e+02,6.654042564352352163e-04
3.618121219903291603e+02,1.202931893684612823e-03
3.618869383927258241e+02,8.412689379553105846e-04
3.619617547951225447e+02,4.047785833454513229e-04
3.620365711975192085e+02,9.476827527808413896e-04
3.621113875999158722e+02,1.307465317207036305e-03
3.621862040023125360e+02,1.104861219915504594e-03
3.622610204047092566e+02,7.614440115728443636e-04
3.623358368071059203e+02,3.442705330938298581e-04
3.624106532095025841e+02,2.611169973489259246e-04
3.624854696118992479e+02,6.775222689236204150e-04
3.625602860142959116e+02,9.003335079115694795e-04
3.626351024166926322e+02,1.149966505953344638e-03
3.627099188190892960e+02,1.712300416361527437e-03
3.627847352214859598e+02,1.543313681186699862e-03
3.628595516238826235e+02,7.922320461441301025e-04
3.629343680262793441e+02,7.462204797491540529e-04
3.630091844286760079e+02,1.053737132618232488e-03
3.630840008310726716e+02,8.743611891794830998e-04
3.631588172334693354e+02,2.998279752200307211e-04
3.632336336358660560e+02,4.805363930678853098e-04
3.633084500382627198e+02,9.823236741258675481e-04
3.633832664406593835e+02,5.668885134464162270e-04
3.634580828430560473e+02,4.977466718806486390e-04
3.635328992454527111e+02,6.851193132585551475e-04
3.636077156478494317e+02,3.085993338246926653e-04
3.636825320502460954e+02,3.065470463059816230e-04
3.637573484526427592e+02,2.931253230920837774e-04
3.638321648550394229e+02,1.173626213313739381e-03
3.639069812574361436e+02,1.418025377396908053e-03
3.639817976598328073e+02,9.438555737399239058e-04
3.640566140622294711e+02,1.218594743344581562e-03
3.641314304646261348e+02,1.587396972396298064e-03
3.642062468670228554e+02,1.822413524349215030e-03
3.642810632694195192e+02,1.022770812090683214e-03
3.643558796718161830e+02,1.181479953746620128e-03
3.644306960742128467e+02,1.034494041115597424e-03
3.645055124766095105e+02,5.270091333382077121e-04
3.645803288790062311e+02,9.868610617272529847e-04
3.646551452814028949e+02,4.508767745619910545e-04
3.647299616837995586e+02,4.613918231262340171e-04
3.648047780861962224e+02,8.439606947102322020e-04
3.648795944885929430e+02,2.766412910203317442e-04
3.649544108909896067e+02,5.790736268359359578e-04
3.650292272933862705e+02,4.742948390800518551e-04
3.651040436957829343e+02,7.951124058433496492e-04
3.651788600981796549e+02,2.379548574003303866e-04
3.652536765005763186e+02,7.400018453043930022e-04
3.653284929029729824e+02,1.159609483089319229e-03
3.654033093053696462e+02,5.200898782050321877e-04
3.654781257077663099e+02,6.425106969141162593e-04
3.655529421101630305e+02,3.389737159029615953e-04
3.656277585125596943e+02,4.668713203787039768e-04
3.657025749149563580e+02,1.007673494056403590e-03
3.657773913173530218e+02,1.021274953612197420e-03
3.658522077197497424e+02,1.105066274196393706e-03
3.659270241221464062e+02,9.219967832035879350e-04
3.660018405245430699e+02,8.000429881701070969e-04
3.660766569269397337e+02,2.988616052734267945e-04
3.661514733293364543e+02,6.588929115281971132e-04
3.662262897317331181e+02,1.225688760084288863e-03
3.663011061341297818e+02,1.176892541210358342e-03
3.663759225365264456e+02,7.295924586879391294e-04
3.664507389389231093e+02,2.506004216468232164e-04
3.665255553413198299e+02,1.087356968505743095e-03
3.666003717437164937e+02,1.355627921926656635e-03
3.666751881461131575e+02,8.169138316300187047e-04
3.667500045485098212e+02,6.464236401442809274e-04
3.668248209509065418e+02,3.441061987541540871e-04
3.668996373533032056e+02,2.631436358997884715e-04
3.669744537556998694e+02,1.155976420836829326e-03
3.670492701580965331e+02,1.168307476326577946e-03
3.671240865604932537e+02,2.844587875067390494e-03
3.671989029628899175e+02,3.456553585027503667e-03
3.672737193652865813e+02,1.551449929564803921e-03
3.673485357676832450e+02,6.074989270844138390e-04
3.674233521700799088e+02,2.255135992935642850e-04
3.674981685724766294e+02,7.929924722449040566e-04
3.675729849748732931e+02,1.174679448829844255e-03
3.676478013772699569e+02,4.387544808106083084e-04
3.677226177796666207e+02,5.847641190999550371e-04
3.677974341820633413e+02,6.779292168258432708e-04
3.678722505844600050e+02,1.003219432515397701e-03
3.679470669868566688e+02,8.362127135314104120e-04
3.680218833892533326e+02,5.678119285504443139e-04
3.680966997916500532e+02,4.601458630044389818e-04
3.681715161940467169e+02,2.405669331200189977e-04
3.682463325964433807e+02,1.017157546869174815e-03
3.683211489988400444e+02,2.399879312166271726e-03
3.683959654012367082e+02,2.395997482038700593e-03
3.684707818036334288e+02,1.356067809994996069e-03
3.685455982060300926e+02,9.724058161423086537e-04
3.686204146084267563e+02,8.579552630380549681e-04
3.686952310108234201e+02,8.459002584336835400e-04
3.687700474132201407e+02,7.898022883311143398e-04
3.688448638156168045e+02,4.823943518366784742e-04
3.689196802180134682e+02,7.201941227548102871e-04
3.689944966204101320e+02,1.039359455551601332e-03
3.690693130228067957e+02,4.885407161399572123e-04
3.691441294252035163e+02,4.520869838360577959e-04
3.692189458276001801e+02,7.094466385514819513e-04
3.692937622299968439e+02,1.085385093662907200e-03
3.693685786323935076e+02,9.160340136844755685e-04
3.694433950347902282e+02,6.214914240811285611e-04
3.695182114371868920e+02,9.217000893235028193e-04
3.695930278395835558e+02,1.069505840171905029e-03
3.696678442419802195e+02,1.843058109428837585e-04
3.697426606443769401e+02,9.914107776002297270e-04
3.698174770467736039e+02,3.569986598810057131e-04
3.698922934491702676e+02,6.038280587291013817e-04
3.699671098515669314e+02,8.087026546414360136e-04
3.700419262539635952e+02,5.223564097891770629e-04
3.701167426563603158e+02,4.857695064003504626e-04
3.701915590587569795e+02,1.084081124782690668e-03
3.702663754611536433e+02,9.578610827108393266e-04
3.703411918635503071e+02,2.774448571120868802e-04
3.704160082659470277e+02,3.655775849110635533e-04
3.704908246683436914e+02,1.041894919254245447e-03
3.705656410707403552e+02,1.232721271943967769e-03
3.706404574731370190e+02,1.019918922773556435e-03
3.707152738755337396e+02,1.022178412303692812e-03
3.707900902779304033e+02,1.670303735968507860e-03
3.708649066803270671e+02,1.467462791911612781e-03
3.709397230827237308e+02,8.517628619479774513e-04
3.710145394851203946e+02,5.802595964940475848e-04
3.710893558875171152e+02,5.502541324867820912e-04
3.711641722899137790e+02,6.403005351605540064e-04
3.712389886923104427e+02,8.935849963887539224e-05
3.713138050947071065e+02,1.320952538198051250e-03
3.713886214971038271e+02,1.559280403672225115e-03
3.714634378995004909e+02,1.131804540291993580e-03
3.715382543018971546e+02,5.340411809801989991e-04
3.716130707042938184e+02,9.048357724536616829e-04
3.716878871066905390e+02,5.643988889102920800e-04
3.717627035090872027e+02,6.646612818340822066e-04
3.718375199114838665e+02,5.758797409249829949e-04
3.719123363138805303e+02,1.607089490424110307e-03
3.719871527162771940e+02,1.790818942786026992e-03
3.720619691186739146e+02,5.635441692498886507e-04
3.721367855210705784e+02,6.135924968185355738e-04
3.722116019234672422e+02,1.062337157245291878e-03
3.722864183258639059e+02,3.441314435239527692e-04
3.723612347282606265e+02,6.669164475423763503e-04
3.724360511306572903e+02,8.073325002974044307e-04
3.725108675330539540e+02,6.773327808830433396e-04
3.725856839354506178e+02,5.495299336596332117e-04
3.726605003378473384e+02,5.991608573148508952e-04
3.727353167402440022e+02,3.478529696660066718e-04
3.728101331426406659e+02,3.399298481564199249e-04
3.728849495450373297e+02,2.958472943620650119e-04
3.729597659474339935e+02,3.860901334893596061e-04
3.730345823498307141e+02,3.710888729932964626e-04
3.731093987522273778e+02,6.394843976075854789e-04
3.731842151546240416e+02,9.240093746314817025e-04
3.732590315570207053e+02,7.376814518277935093e-04
3.733338479594174260e+02,7.902576874326035098e-04
3.734086643618140897e+02,9.367828565016731238e-04
3.734834807642107535e+02,9.293543867078588429e-04
3.735582971666074172e+02,8.682436578275430769e-04
3.736331135690041378e+02,9.865803566478789036e-04
3.737079299714008016e+02,1.491801680306124650e-03
3.737827463737974654e+02,1.819091584266749892e-03
3.738575627761941291e+02,1.927326808023724358e-03
3.739323791785907929e+02,1.174117029362096000e-03
3.740071955809875135e+02,2.496138064679876431e-04
3.740820119833841773e+02,3.056842004636010912e-04
3.741568283857808410e+02,8.151703759726049809e-04
3.742316447881775048e+02,9.181824621919760154e-04
3.743064611905742254e+02,7.473759352579593951e-04
3.743812775929708891e+02,1.434943254825246455e-04
3.744560939953675529e+02,2.203587115274244430e-04
3.745309103977642167e+02,3.098759747744385049e-04
3.746057268001609373e+02,1.231031097905332982e-03
3.746805432025576010e+02,1.362025177289920156e-03
3.747553596049542648e+02,7.300674688937433196e-04
3.748301760073509286e+02,2.059063829034942070e-04
3.749049924097475923e+02,1.826407602044682931e-03
3.749798088121443129e+02,4.014415687477730470e-03
3.750546252145409767e+02,2.746775293725219839e-03
3.751294416169376404e+02,2.112598938631666081e-04
3.752042580193343042e+02,1.174508594708034660e-03
3.752790744217310248e+02,6.335785127787349306e-04
3.753538908241276886e+02,1.546247046764751194e-04
3.754287072265243523e+02,9.218107168790842104e-05
3.755035236289210161e+02,6.495912632333059565e-04
3.755783400313177367e+02,9.474845506395705719e-04
3.756531564337144005e+02,7.430666191003418644e-04
3.757279728361110642e+02,1.004362275474186611e-03
3.758027892385077280e+02,7.731937132955765029e-04
3.758776056409043917e+02,1.115350340266481636e-03
3.759524220433011124e+02,1.379263372721790211e-03
3.760272384456977761e+02,9.016040543207113093e-04
3.761020548480944399e+02,6.720585161557893423e-04
3.761768712504911036e+02,1.137328413939613873e-03
3.762516876528878242e+02,6.959733291888852563e-04
3.763265040552844880e+02,1.253633118052004895e-03
3.764013204576811518e+02,1.541816643700521161e-03
3.764761368600778155e+02,9.450075821516897966e-04
3.765509532624744793e+02,4.944579109889763249e-04
3.766257696648711999e+02,2.489207243474858772e-04
3.767005860672678637e+02,7.006865821580847116e-04
3.767754024696645274e+02,6.323281598525014964e-04
3.768502188720611912e+02,8.572659244899730321e-04
3.769250352744579118e+02,8.752746790946973549e-04
3.769998516768545755e+02,7.189650371401410181e-04
3.770746680792512393e+02,2.208058074746369840e-04
3.771494844816479031e+02,7.277076808073058931e-04
3.772243008840446237e+02,5.846207753376994896e-05
3.772991172864412874e+02,2.844465599592340853e-04
3.773739336888379512e+02,8.952948034593698201e-04
3.774487500912346150e+02,7.686951742159950493e-04
3.775235664936312787e+02,9.074837439432839820e-05
3.775983828960279993e+02,5.692378223828666647e-04
3.776731992984246631e+02,4.700762753138967246e-04
3.777480157008213268e+02,5.522424272297188222e-04
3.778228321032179906e+02,9.347085897548617229e-04
3.778976485056147112e+02,8.495716992735190005e-04
3.779724649080113750e+02,1.076211858378004838e-03
3.780472813104080387e+02,1.091345524821208703e-03
3.781220977128047025e+02,1.144759325147978388e-03
3.781969141152014231e+02,8.183556898486970405e-04
3.782717305175980869e+02,1.173391541072977195e-03
3.783465469199947506e+02,1.340928605678524824e-03
3.784213633223914144e+02,1.041102342811523222e-03
3.784961797247880781e+02,5.601312649328618436e-04
3.785709961271847988e+02,7.304695929987837328e-04
3.786458125295814625e+02,1.117133281963176737e-03
3.787206289319781263e+02,8.926475570808249313e-04
3.787954453343747900e+02,1.918710690176993856e-04
3.788702617367715106e+02,1.162532899782313519e-03
3.789450781391681744e+02,1.191347548015606788e-03
3.790198945415648382e+02,3.166621676295590490e-04
3.790947109439615019e+02,9.102340060948910846e-04
3.791695273463582225e+02,9.350165540664421345e-04
3.792443437487548863e+02,6.080308617586137592e-04
3.793191601511515501e+02,7.515144314123366285e-04
3.793939765535482138e+02,1.241553254279505495e-03
3.794687929559448776e+02,1.704004489006670509e-03
3.795436093583415982e+02,1.380417913704169068e-03
3.796184257607382619e+02,1.032489140686730211e-03
3.796932421631349257e+02,1.100767256946833059e-03
3.797680585655315895e+02,5.785231080018989318e-04
3.798428749679283101e+02,9.904539838171948912e-04
3.799176913703249738e+02,6.368976560318554509e-04
3.799925077727216376e+02,2.325103701624233181e-04
3.800673241751183014e+02,5.610816744426849181e-04
3.801421405775150220e+02,6.089604719863243431e-04
3.802169569799116857e+02,3.901808481708544680e-04
3.802917733823083495e+02,1.288902414511946713e-04
3.803665897847050132e+02,7.313251600250017222e-04
3.804414061871016770e+02,6.879149548574653135e-04
3.805162225894983976e+02,3.347427087301984043e-04
3.805910389918950614e+02,8.630632773973510342e-04
3.806658553942917251e+02,5.744582979828736407e-04
3.807406717966883889e+02,1.346036780665922530e-04
3.808154881990851095e+02,6.733368784568580017e-04
3.808903046014817733e+02,7.871127238449071584e-04
3.809651210038784370e+02,8.935443909043733462e-04
3.810399374062751008e+02,5.484878588106471180e-04
3.811147538086718214e+02,8.523100204768793101e-04
3.811895702110684852e+02,6.822909102308597623e-04
3.812643866134651489e+02,6.379619273627741777e-04
3.813392030158618127e+02,1.402366427228880254e-03
3.814140194182584764e+02,1.851359701827618061e-03
3.814888358206551970e+02,1.546764205108209882e-03
3.815636522230518608e+02,1.130999659788906172e-03
3.816384686254485246e+02,1.604194437077138347e-03
3.817132850278451883e+02,8.019672354276102420e-04
3.817881014302419089e+02,1.066651185648697427e-03
3.818629178326385727e+02,1.313655030225112288e-03
3.819377342350352365e+02,9.182093225054603972e-04
3.820125506374319002e+02,7.509223227786996063e-04
3.820873670398286208e+02,8.495113491214262725e-04
3.821621834422252846e+02,7.145019545385023667e-04
3.822369998446219483e+02,8.570065048032542111e-04
3.823118162470186121e+02,6.008164519335210986e-04
3.823866326494152759e+02,5.720158506845819581e-04
3.824614490518119965e+02,1.921164746066330079e-04
3.825362654542086602e+02,7.740449814716910196e-04
3.826110818566053240e+02,1.523027438843714554e-03
3.826858982590019878e+02,8.766838476525493432e-04
3.827607146613987084e+02,1.807771850519220708e-03
3.828355310637953721e+02,2.072406281813419116e-03
3.829103474661920359e+02,6.241495032883541925e-04
3.829851638685886996e+02,5.159280199177353459e-04
3.830599802709854202e+02,5.060097922107424000e-04
3.831347966733820840e+02,1.373400973301382513e-03
3.832096130757787478e+02,1.468312849453248890e-03
3.832844294781754115e+02,4.484681712814622017e-04
3.833592458805720753e+02,5.833856050127015714e-04
3.834340622829687959e+02,1.802080045211091068e-04
3.835088786853654597e+02,7.214991754471084592e-04
3.835836950877621234e+02,1.476543212512386027e-03
3.836585114901587872e+02,1.299817636056647225e-03
3.837333278925555078e+02,2.923734044824175720e-04
3.838081442949521715e+02,5.850121817438832779e-04
3.838829606973488353e+02,1.559409478305909084e-03
3.839577770997454991e+02,1.942905489932758188e-03
3.840325935021421628e+02,1.408403261514015216e-03
3.841074099045388834e+02,9.538810158265755750e-04
3.841822263069355472e+02,9.697153025628800320e-04
3.842570427093322110e+02,4.728731276648966771e-04
3.843318591117288747e+02,1.255910092453120302e-03
3.844066755141255953e+02,1.303885475133367833e-03
3.844814919165222591e+02,5.973663614461270427e-04
3.845563083189189229e+02,3.960174951818402206e-04
3.846311247213155866e+02,7.111345503448339260e-04
3.847059411237123072e+02,3.418618437328899769e-04
3.847807575261089710e+02,2.712053384680487844e-04
3.848555739285056347e+02,4.244876466870985414e-04
3.849303903309022985e+02,4.383053711815421529e-04
3.850052067332989623e+02,6.827388069582064276e-04
3.850800231356956829e+02,5.970928651363063659e-04
3.851548395380923466e+02,7.267007136586439719e-05
3.852296559404890104e+02,3.468358364228701289e-04
3.853044723428856742e+02,5.816550453800950135e-04
3.853792887452823948e+02,8.851776535115011115e-04
3.854541051476790585e+02,5.259412547733272568e-04
3.855289215500757223e+02,1.032490329414821432e-03
3.856037379524723860e+02,1.116559664005946839e-03
3.856785543548691066e+02,6.904257694128069492e-04
3.857533707572657704e+02,9.164626670424281781e-04
3.858281871596624342e+02,1.785129151723026386e-03
3.859030035620590979e+02,1.312739973194217103e-03
3.859778199644557617e+02,2.156063222482969169e-04
3.860526363668524823e+02,4.201805493895621421e-04
3.861274527692491461e+02,5.804194106562422881e-04
3.862022691716458098e+02,9.271131851453725831e-04
3.862770855740424736e+02,8.912514833737213886e-04
3.863519019764391942e+02,1.438625498788607005e-03
3.864267183788358579e+02,1.656834781591125629e-03
3.865015347812325217e+02,8.046856111552219953e-04
3.865763511836291855e+02,9.136533920368271030e-05
3.866511675860259061e+02,8.854660805474048012e-04
3.867259839884225698e+02,4.224010432859308124e-04
3.868008003908192336e+02,4.542548615443233145e-04
3.868756167932158974e+02,8.265016980274033417e-04
3.869504331956125611e+02,1.418166927028382228e-03
3.870252495980092817e+02,1.527993290422479094e-03
3.871000660004059455e+02,9.822175840233499360e-04
3.871748824028026092e+02,1.506204662361020172e-04
3.872496988051992730e+02,4.747020291389978243e-04
3.873245152075959936e+02,5.737704135543946447e-04
3.873993316099926574e+02,5.757710136348184130e-04
3.874741480123893211e+02,1.091378603509380978e-03
3.875489644147859849e+02,4.140429116411446179e-04
3.876237808171827055e+02,5.769022080259291786e-04
3.876985972195793693e+02,4.398306092635771388e-04
3.877734136219760330e+02,4.714877483604418469e-04
3.878482300243726968e+02,9.834191714201277919e-04
3.879230464267693606e+02,7.865329027500913119e-04
3.879978628291660812e+02,6.469261758602778706e-04
3.880726792315627449e+02,8.453466667969900938e-04
3.881474956339594087e+02,4.156879141457129907e-04
3.882223120363560724e+02,8.198668926348762123e-04
3.882971284387527930e+02,7.278143767495864110e-04
3.883719448411494568e+02,4.563071313661072083e-04
3.884467612435461206e+02,8.103989210644817805e-04
3.885215776459427843e+02,8.497536522708840816e-04
3.885963940483395049e+02,5.509515579743523139e-04
3.886712104507361687e+02,3.060059470083943732e-04
3.887460268531328325e+02,7.603352332070201051e-04
3.888208432555294962e+02,1.220864121210566864e-03
3.888956596579261600e+02,8.051369958035490193e-04
3.889704760603228806e+02,3.878683367412708613e-04
3.890452924627195443e+02,3.603638660033880244e-04
3.891201088651162081e+02,7.867246586461618466e-04
3.891949252675128719e+02,8.634424012947058708e-04
3.892697416699095925e+02,6.421860105736487212e-04
3.893445580723062562e+02,1.432079986791256945e-03
3.894193744747029200e+02,1.819652080277718879e-03
3.894941908770995838e+02,1.626262089710345769e-03
3.895690072794963044e+02,7.803553018406344556e-04
3.896438236818929681e+02,5.097196422337093728e-05
3.897186400842896319e+02,6.846620755241603290e-04
3.897934564866862956e+02,4.810777217702181933e-04
3.898682728890829594e+02,1.295214052166791113e-03
3.899430892914796800e+02,1.219657533322211990e-03
3.900179056938763438e+02,2.922293691734307816e-04
3.900927220962730075e+02,1.220404457519066706e-03
3.901675384986696713e+02,6.396256746416736916e-04
3.902423549010663919e+02,4.796863344074023239e-04
3.903171713034630557e+02,1.042257164518594487e-03
3.903919877058597194e+02,6.567352972865443195e-04
3.904668041082563832e+02,5.405952803537930748e-04
3.905416205106530469e+02,1.925629971952013547e-03
3.906164369130497676e+02,3.468081245590393536e-03
3.906912533154464313e+02,2.507968311113385231e-03
3.907660697178430951e+02,1.337247001482468620e-03
3.908408861202397588e+02,1.156499901445569084e-03
3.909157025226364794e+02,4.789050667590842190e-04
3.909905189250331432e+02,1.819950590286124642e-04
3.910653353274298070e+02,4.820953858884989823e-04
3.911401517298264707e+02,1.126468101187174786e-03
3.912149681322231913e+02,1.531874567424428533e-03
3.912897845346198551e+02,1.455623155928977485e-03
3.913646009370165189e+02,3.590694953526549996e-04
3.914394173394131826e+02,1.040410956652149284e-03
3.915142337418098464e+02,1.261890817863444174e-03
3.915890501442065670e+02,7.299912279432007028e-04
3.916638665466032307e+02,1.100879206156843171e-04
3.917386829489998945e+02,3.670528949991195568e-04
3.918134993513965583e+02,2.844279338020990876e-04
3.918883157537932789e+02,6.395389169978918332e-04
3.919631321561899426e+02,1.014054118561901743e-03
3.920379485585866064e+02,8.184581682889736746e-04
3.921127649609832702e+02,1.015485432799442768e-03
3.921875813633799908e+02,4.619354794813828355e-04
3.922623977657766545e+02,3.105843066142888425e-04
3.923372141681733183e+02,6.490603781454788203e-04
3.924120305705699820e+02,5.961420244791286027e-04
3.924868469729666458e+02,1.035045586732905596e-03
3.925616633753633664e+02,1.071333733294842650e-03
3.926364797777600302e+02,7.679858071480967323e-04
3.927112961801566939e+02,7.112918444871730791e-04
3.927861125825533577e+02,6.524802562745891021e-04
3.928609289849500783e+02,3.922171041903218863e-04
3.929357453873467421e+02,4.856947477512675907e-04
3.930105617897434058e+02,9.361080608361209204e-04
3.930853781921400696e+02,5.256617172911331407e-04
3.931601945945367902e+02,3.095862555501088928e-04
3.932350109969334540e+02,1.060062976684555350e-03
3.933098273993301177e+02,4.893632777005293847e-04
3.933846438017267815e+02,1.486650166540162254e-03
3.934594602041234452e+02,1.864971973487228318e-03
3.935342766065201658e+02,1.134996996079282953e-03
3.936090930089168296e+02,1.542137618084480364e-03
3.936839094113134934e+02,1.177801356483113666e-03
3.937587258137101571e+02,5.326119993480746707e-04
3.938335422161068777e+02,8.252032330271040625e-04
3.939083586185035415e+02,1.456296610546017325e-03
3.939831750209002053e+02,1.328108272845644451e-03
3.940579914232968690e+02,7.376635793788973447e-04
3.941328078256935896e+02,1.919939687728650730e-04
3.942076242280902534e+02,5.147115151200543038e-04
3.942824406304869171e+02,4.946416825769912222e-04
3.943572570328835809e+02,7.320922877231037483e-04
3.944320734352802447e+02,3.797367632292346254e-04
3.945068898376769653e+02,7.488427614960560964e-04
3.945817062400736290e+02,3.166847994946681878e-04
3.946565226424702928e+02,4.994183066895816706e-04
3.947313390448669566e+02,5.898251394573933177e-04
3.948061554472636772e+02,6.167745703472936455e-04
3.948809718496603409e+02,6.496112130744158839e-04
3.949557882520570047e+02,7.480664255074716273e-04
3.950306046544536684e+02,1.330496831208197780e-03
3.951054210568503890e+02,1.725531028443029816e-03
3.951802374592470528e+02,9.351363899016168924e-04
3.952550538616437166e+02,6.752950534247329720e-04
3.953298702640403803e+02,9.388332545326649389e-04
3.954046866664370441e+02,9.762922734077982695e-04
3.954795030688337647e+02,6.013532899917082728e-04
3.955543194712304285e+02,5.323331134504247957e-04
3.956291358736270922e+02,1.124830714603684660e-03
3.957039522760237560e+02,1.232808896702604047e-03
3.957787686784204766e+02,9.426179753171573094e-04
3.958535850808171404e+02,6.731384924829192373e-04
3.959284014832138041e+02,8.991394596242538841e-04
3.960032178856104679e+02,1.215756509539556076e-03
3.960780342880071885e+02,9.782518593925400643e-04
3.961528506904038522e+02,1.079852941947248785e-03
3.962276670928005160e+02,1.680969762608465999e-03
3.963024834951971798e+02,9.127284261494966787e-04
3.963772998975938435e+02,4.821711903842071942e-04
3.964521162999905641e+02,1.009734291013266849e-03
3.965269327023872279e+02,8.660986895035986807e-04
3.966017491047838917e+02,4.619426035317189213e-04
3.966765655071805554e+02,1.262836941634858448e-04
3.967513819095772760e+02,3.476854486413825376e-04
3.968261983119739398e+02,7.447250045284489143e-04
3.969010147143706035e+02,9.550641900606123653e-04
3.969758311167672673e+02,1.543900554861130743e-03
3.970506475191639879e+02,2.212758469662216235e-03
3.971254639215606517e+02,1.450488623502712779e-03
3.972002803239573154e+02,4.527851614890926967e-04
3.972750967263539792e+02,1.123583346159076277e-03
3.973499131287506430e+02,2.359020875822234211e-04
3.974247295311473636e+02,2.134368709211424762e-04
3.974995459335440273e+02,1.198645519856662194e-03
3.975743623359406911e+02,1.966817808715020342e-03
3.976491787383373548e+02,1.424285639116201979e-03
3.977239951407340754e+02,9.839326136630395167e-04
3.977988115431307392e+02,7.033803672738357790e-04
3.978736279455274030e+02,3.170649355032976969e-04
3.979484443479240667e+02,3.760740784975744391e-04
3.980232607503207305e+02,3.778013039112991045e-04
3.980980771527174511e+02,1.011134310804320553e-03
3.981728935551141149e+02,1.831196759649769083e-03
3.982477099575107786e+02,1.391683051601881951e-03
3.983225263599074424e+02,1.632191762123716200e-03
3.983973427623041630e+02,4.542565340346855877e-03
3.984721591647008268e+02,3.952458465106421098e-03
3.985469755670974905e+02,7.199312591820481539e-04
3.986217919694941543e+02,1.326542565052669584e-03
3.986966083718908749e+02,8.285429374183792862e-04
3.987714247742875386e+02,8.441232597863044564e-04
3.988462411766842024e+02,8.813822638494482565e-04
3.989210575790808662e+02,7.908508898279120432e-04
3.989958739814775299e+02,1.066348754355806285e-03
3.990706903838742505e+02,5.364240713254937688e-04
3.991455067862709143e+02,6.779536104920846386e-04
3.992203231886675781e+02,1.241372180764700435e-03
3.992951395910642418e+02,6.368043197909309698e-04
3.993699559934609624e+02,6.891454073361541217e-04
3.994447723958576262e+02,1.486531351306096763e-03
3.995195887982542899e+02,1.913863784831260333e-03
3.995944052006509537e+02,1.777945784461727958e-03
3.996692216030476743e+02,7.571338224016676026e-04
3.997440380054443381e+02,1.421438311415122605e-04
3.998188544078410018e+02,1.982371177266739289e-04
3.998936708102376656e+02,4.054431759908554752e-04
3.999684872126343294e+02,8.978609756924075093e-04
4.000433036150310500e+02,7.311655492210586979e-04
4.001181200174277137e+02,5.761079297403821952e-04
4.001929364198243775e+02,8.322722739861225299e-04
4.002677528222210412e+02,3.495471861190466265e-04
4.003425692246177618e+02,4.924963622238379829e-04
4.004173856270144256e+02,7.482010128978620195e-04
4.004922020294110894e+02,7.184101664811405608e-04
4.005670184318077531e+02,3.267214080940038798e-04
4.006418348342044737e+02,5.678749710920412029e-04
4.007166512366011375e+02,5.471631436101434499e-04
4.007914676389978013e+02,1.301333719237879544e-03
4.008662840413944650e+02,9.073023150845570999e-04
4.009411004437911288e+02,8.749729620234937555e-04
4.010159168461878494e+02,3.616219265093619200e-04
4.010907332485845131e+02,1.166961643528513243e-03
4.011655496509811769e+02,1.020677349227390061e-03
4.012403660533778407e+02,7.737482365759644314e-04
4.013151824557745613e+02,5.063445151477361439e-04
4.013899988581712250e+02,8.210132822840840146e-04
4.014648152605678888e+02,1.286759695532775638e-03
4.015396316629645526e+02,7.339748033632469961e-04
4.016144480653612732e+02,3.578136229580017639e-04
4.016892644677579369e+02,4.356507766916681117e-04
4.017640808701546007e+02,6.168202581165557101e-04
4.018388972725512645e+02,8.210036756618155048e-04
4.019137136749479282e+02,9.610377099264350020e-04
4.019885300773446488e+02,1.144200331429506834e-03
4.020633464797413126e+02,8.908000445250909395e-04
4.021381628821379763e+02,3.623331875709850589e-04
4.022129792845346401e+02,8.201160270961645789e-04
4.022877956869313607e+02,7.055738709588141051e-04
4.023626120893280245e+02,1.171031230745098704e-03
4.024374284917246882e+02,1.581075893854228410e-03
4.025122448941213520e+02,1.208246094963274500e-03
4.025870612965180726e+02,1.033877249682954753e-03
4.026618776989147364e+02,1.199610577120164201e-03
4.027366941013114001e+02,1.029388566131073449e-03
4.028115105037080639e+02,2.563201646157445236e-04
4.028863269061047276e+02,3.993343638119024744e-04
4.029611433085014482e+02,9.723590566427879047e-04
4.030359597108981120e+02,1.691526750060171795e-03
4.031107761132947758e+02,1.781198356103152070e-03
4.031855925156914395e+02,1.164171844679974055e-03
4.032604089180881601e+02,6.619843613174240153e-04
4.033352253204848239e+02,6.894488483555437494e-04
4.034100417228814877e+02,2.002649366709915210e-04
4.034848581252781514e+02,8.222721650934081052e-04
4.035596745276748720e+02,2.334634433927743437e-04
4.036344909300715358e+02,3.709903232911034390e-04
4.037093073324681995e+02,8.568531107784530107e-04
4.037841237348648633e+02,4.118352534518990521e-04
4.038589401372615271e+02,5.009792962181113755e-04
4.039337565396582477e+02,1.946765253354773128e-04
4.040085729420549114e+02,9.847807994448354047e-04
4.040833893444515752e+02,8.984692692120152492e-04
4.041582057468482390e+02,6.187552417338710057e-04
4.042330221492449596e+02,6.309044359144945534e-04
4.043078385516416233e+02,5.014454079480483830e-04
4.043826549540382871e+02,1.032723048838143746e-03
4.044574713564349508e+02,1.352174979437294981e-03
4.045322877588316715e+02,4.264094733434586025e-04
4.046071041612283352e+02,6.846373651493946463e-04
4.046819205636249990e+02,7.189405264205486973e-04
4.047567369660216627e+02,1.138147441382051511e-03
4.048315533684183265e+02,1.025164741222791545e-03
4.049063697708150471e+02,4.596285069676633904e-04
4.049811861732117109e+02,8.054492994264238334e-04
4.050560025756083746e+02,8.330318094578346641e-04
4.051308189780050384e+02,4.259898634513864437e-04
4.052056353804017590e+02,4.110270309295573706e-04
4.052804517827984228e+02,4.314940206987478229e-04
4.053552681851950865e+02,5.722259050541259268e-04
4.054300845875917503e+02,9.682769957807759896e-04
4.055049009899884140e+02,1.945087951063810897e-03
4.055797173923851346e+02,1.584287235307402448e-03
4.056545337947817984e+02,7.143185247611886319e-04
4.057293501971784622e+02,1.617274822170972071e-03
4.058041665995751259e+02,1.738264650916567823e-04
4.058789830019718465e+02,5.399556047773151988e-04
4.059537994043685103e+02,6.162177233472659410e-04
4.060286158067651741e+02,1.022771645057746160e-03
4.061034322091618378e+02,8.878522199935907910e-04
4.061782486115585584e+02,7.490782054121584467e-04
4.062530650139552222e+02,9.294428980746523468e-04
4.063278814163518859e+02,1.541851141425109586e-03
4.064026978187485497e+02,1.505219198635454787e-03
4.064775142211452135e+02,1.137038862398161284e-03
4.065523306235419341e+02,2.649481045477292910e-04
4.066271470259385978e+02,7.523146692709017404e-04
4.067019634283352616e+02,5.932166107040669949e-04
4.067767798307319254e+02,8.745159033722955597e-04
4.068515962331286460e+02,1.881875744857675623e-03
4.069264126355253097e+02,2.518504497223169290e-03
4.070012290379219735e+02,1.169392073892662606e-03
4.070760454403186372e+02,7.684426125608522342e-04
4.071508618427153579e+02,7.584837292808989167e-04
4.072256782451120216e+02,6.252300830156251382e-04
4.073004946475086854e+02,8.891558908705761823e-04
4.073753110499053491e+02,1.250108815343633746e-03
4.074501274523020129e+02,1.113080998681833644e-03
4.075249438546987335e+02,4.726595148913854982e-04
4.075997602570953973e+02,6.199999851858502015e-04
4.076745766594920610e+02,1.327239970029233176e-03
4.077493930618887248e+02,1.579689312035205406e-03
4.078242094642854454e+02,9.078175944386880506e-04
4.078990258666821092e+02,9.309279597438935294e-04
4.079738422690787729e+02,4.394674811802390716e-04
4.080486586714754367e+02,7.160160662794677914e-04
4.081234750738721573e+02,5.882187887189360264e-04
4.081982914762688210e+02,8.625865410854073123e-04
4.082731078786654848e+02,1.026232168733630552e-03
4.083479242810621486e+02,4.272167104753868123e-04
4.084227406834588123e+02,2.703385676562203820e-04
4.084975570858555329e+02,1.132837043999948903e-03
4.085723734882521967e+02,8.509449712926220322e-04
4.086471898906488605e+02,7.116635295475035776e-04
4.087220062930455242e+02,5.026201710764544982e-04
4.087968226954422448e+02,6.529389000821738754e-04
4.088716390978389086e+02,1.007796643019986905e-03
4.089464555002355723e+02,4.937132620313609182e-04
4.090212719026322361e+02,6.397643668385160753e-04
4.090960883050289567e+02,4.862467124136231225e-04
4.091709047074256205e+02,2.640559538060949967e-04
4.092457211098222842e+02,6.979422684549718009e-04
4.093205375122189480e+02,1.189798325509714393e-03
4.093953539146156118e+02,1.358096189235870723e-03
4.094701703170123324e+02,1.423547504298147779e-03
4.095449867194089961e+02,1.111842871899406662e-03
4.096198031218056599e+02,8.153878914889403856e-04
4.096946195242023236e+02,5.482198667165779195e-04
4.097694359265990443e+02,9.421337021618650560e-04
4.098442523289957080e+02,9.735004356352415034e-04
4.099190687313923718e+02,3.108273034579832534e-04
4.099938851337890355e+02,5.535835148405333396e-04
4.100687015361857561e+02,1.313009787014805720e-03
4.101435179385824199e+02,1.366819190662137357e-03
4.102183343409790837e+02,7.920313193276934177e-04
4.102931507433757474e+02,5.070102232526098795e-04
4.103679671457724112e+02,7.418433715039841024e-04
4.104427835481691318e+02,2.589534552860173005e-04
4.105175999505657956e+02,3.138738572328001472e-04
4.105924163529624593e+02,2.718949247266072545e-04
4.106672327553591231e+02,1.317918700466576623e-03
4.107420491577558437e+02,1.714385970635435869e-03
4.108168655601525074e+02,1.022736729781112712e-03
4.108916819625491712e+02,6.795679498380674186e-04
4.109664983649458350e+02,1.190352679742981076e-03
4.110413147673425556e+02,1.688735916414612617e-03
4.111161311697392193e+02,4.354110171454327743e-04
4.111909475721358831e+02,8.067305380051834496e-04
4.112657639745325469e+02,8.323650786800545001e-04
4.113405803769292106e+02,7.069261957338292919e-04
4.114153967793259312e+02,4.022405893394195484e-04
4.114902131817225950e+02,9.019579887865108916e-04
4.115650295841192587e+02,1.633576039767084889e-03
4.116398459865159225e+02,1.736298691409808364e-03
4.117146623889126431e+02,1.503067825031431919e-03
4.117894787913093069e+02,1.800158655821620804e-03
4.118642951937059706e+02,1.789593769082010880e-03
4.119391115961026344e+02,1.232680104711037254e-03
4.120139279984993550e+02,1.357222462807385890e-03
4.120887444008960188e+02,1.290224083971973443e-03
4.121635608032926825e+02,8.425803543033167200e-04
4.122383772056893463e+02,1.765108992106107053e-04
4.123131936080860100e+02,3.028583112166532846e-04
4.123880100104827306e+02,4.357350665039219726e-04
4.124628264128793944e+02,9.157300990519694423e-04
4.125376428152760582e+02,3.819214049680303195e-04
4.126124592176727219e+02,8.548599064221844030e-04
4.126872756200694425e+02,1.203318168843510883e-03
4.127620920224661063e+02,4.954961805552760262e-04
4.128369084248627701e+02,1.207810024228870129e-03
4.129117248272594338e+02,1.684028251947221073e-03
4.129865412296560976e+02,1.637832543914411864e-03
4.130613576320528182e+02,1.267092242283138909e-03
4.131361740344494820e+02,1.033793108508608213e-03
4.132109904368461457e+02,1.153519795322173556e-03
4.132858068392428095e+02,6.768744809971294395e-04
4.133606232416395301e+02,4.062771834566389047e-04
4.134354396440361938e+02,1.243472348598447820e-04
4.135102560464328576e+02,6.470500857907818476e-04
4.135850724488295214e+02,1.006118207783655806e-03
4.136598888512262420e+02,6.220800242721612194e-04
4.137347052536229057e+02,1.265152231680998678e-03
4.138095216560195695e+02,2.163303530398793563e-03
4.138843380584162333e+02,6.130754952606941440e-04
4.139591544608128970e+02,2.608157820087704179e-03
4.140339708632096176e+02,6.298250581568872082e-03
4.141087872656062814e+02,4.938761306897087450e-03
4.141836036680029451e+02,1.090305037063506524e-03
4.142584200703996089e+02,1.810960090316492696e-03
4.143332364727963295e+02,1.563879815238133301e-03
4.144080528751929933e+02,6.058006162813253225e-04
4.144828692775896570e+02,5.097508762309541173e-04
4.145576856799863208e+02,6.696518036991375719e-04
4.146325020823830414e+02,8.622036829809693855e-04
4.147073184847797052e+02,5.545528508646523210e-04
4.147821348871763689e+02,1.377747269403814924e-04
4.148569512895730327e+02,4.949307147606160162e-04
4.149317676919696964e+02,1.094777052571118368e-03
4.150065840943664170e+02,1.196649629678204260e-03
4.150814004967630808e+02,1.255623078283669026e-03
4.151562168991597446e+02,1.794339769650046866e-03
4.152310333015564083e+02,2.110322371898962560e-03
4.153058497039531289e+02,1.252224313307144250e-03
4.153806661063497927e+02,1.082778929788511110e-03
4.154554825087464565e+02,1.096726606612038937e-03
4.155302989111431202e+02,6.007081529588995973e-04
4.156051153135398408e+02,5.747673212740020930e-04
4.156799317159365046e+02,1.185853167153890723e-03
4.157547481183331683e+02,5.553759174788838694e-04
4.158295645207298321e+02,3.524188015270605023e-04
4.159043809231264959e+02,6.943401627599074359e-04
4.159791973255232165e+02,9.794433272111435773e-04
4.160540137279198802e+02,1.065487308335888233e-03
4.161288301303165440e+02,1.101136579296072221e-03
4.162036465327132078e+02,1.156402495940543791e-03
4.162784629351099284e+02,1.483993841714838962e-03
4.163532793375065921e+02,1.714308992477611487e-03
4.164280957399032559e+02,1.925297302048902892e-03
4.165029121422999197e+02,1.875710966753424110e-03
4.165777285446966403e+02,1.175243532631095556e-03
4.166525449470933040e+02,3.321929710910852371e-04
4.167273613494899678e+02,7.448418036746092766e-04
4.168021777518866315e+02,3.216938600617769086e-04
4.168769941542832953e+02,8.013484249302950651e-04
4.169518105566800159e+02,9.635510527723390069e-04
4.170266269590766797e+02,5.396273760877158630e-04
4.171014433614733434e+02,1.691518569625931855e-03
4.171762597638700072e+02,8.238961884501920432e-04
4.172510761662667278e+02,3.820660208344977800e-04
4.173258925686633916e+02,1.099293535517111660e-03
4.174007089710600553e+02,1.697560378664036626e-03
4.174755253734567191e+02,1.351253337732699405e-03
4.175503417758534397e+02,7.283583110507632933e-04
4.176251581782501034e+02,3.770420805186228152e-04
4.176999745806467672e+02,3.598449570718272863e-04
4.177747909830434310e+02,7.971168248433480865e-04
4.178496073854400947e+02,8.154799613914600698e-04
4.179244237878368153e+02,5.573199866382912713e-04
4.179992401902334791e+02,1.156280045673555848e-03
4.180740565926301429e+02,9.972098470875300977e-04
4.181488729950268066e+02,5.453887610896180358e-04
4.182236893974235272e+02,7.734050864460133377e-04
4.182985057998201910e+02,1.379781319538733860e-03
4.183733222022168547e+02,1.285442947106359623e-03
4.184481386046135185e+02,6.295460637567483952e-04
4.185229550070102391e+02,1.069038247906377520e-03
4.185977714094069029e+02,1.739030592527408782e-03
4.186725878118035666e+02,1.935448632785986573e-03
4.187474042142002304e+02,1.295028524983572824e-03
4.188222206165968942e+02,1.034163356985288605e-03
4.188970370189936148e+02,4.748403005636108115e-04
4.189718534213902785e+02,5.098950782376794741e-04
4.190466698237869423e+02,5.154740705485404573e-04
4.191214862261836060e+02,6.759228851388521036e-04
4.191963026285803267e+02,7.197049885206021182e-04
4.192711190309769904e+02,7.579789563584580017e-04
4.193459354333736542e+02,6.790360794364121415e-04
4.194207518357703179e+02,6.368191312721392661e-04
4.194955682381670385e+02,1.047153876248773079e-03
4.195703846405637023e+02,9.101476666239600652e-04
4.196452010429603661e+02,5.616674867499266751e-04
4.197200174453570298e+02,2.328287459846898201e-04
4.197948338477536936e+02,7.446669950859215962e-04
4.198696502501504142e+02,1.245379686636575089e-03
4.199444666525470780e+02,1.039707765594393178e-03
4.200192830549437417e+02,9.906953614957463017e-04
4.200940994573404055e+02,8.476765916855253432e-04
4.201689158597371261e+02,2.356306525049704033e-04
4.202437322621337898e+02,8.806683743291769543e-04
4.203185486645304536e+02,1.161909489429130068e-03
4.203933650669271174e+02,1.785208210502543932e-03
4.204681814693237811e+02,1.182317342788866956e-03
4.205429978717205017e+02,4.992522115126836121e-04
4.206178142741171655e+02,5.838820234901621583e-04
4.206926306765138293e+02,9.443289090110727150e-04
4.207674470789104930e+02,1.138381432815605129e-03
4.208422634813072136e+02,8.858387691512779449e-04
4.209170798837038774e+02,4.556484276233975874e-04
4.209918962861005411e+02,1.111185548457103512e-03
4.210667126884972049e+02,7.485423830837255928e-04
4.211415290908939255e+02,2.212749939158903389e-03
4.212163454932905893e+02,2.336796656431066113e-03
4.212911618956872530e+02,1.352109036558653016e-03
4.213659782980839168e+02,1.050001454385620335e-03
4.214407947004805806e+02,1.133349362482479383e-04
4.215156111028773012e+02,7.558732713398917495e-04
4.215904275052739649e+02,2.010873542123113860e-04
4.216652439076706287e+02,1.268395623475061578e-03
4.217400603100672924e+02,1.663303018313874596e-03
4.218148767124640131e+02,9.848043258490286802e-04
4.218896931148606768e+02,1.360704639520178907e-03
4.219645095172573406e+02,1.602592185864724992e-03
4.220393259196540043e+02,8.456636639817287273e-04
4.221141423220507249e+02,3.983143720782780003e-04
4.221889587244473887e+02,4.713788157445388655e-04
4.222637751268440525e+02,1.141224117292322700e-03
4.223385915292407162e+02,4.967246205216136216e-04
4.224134079316373800e+02,8.646476072192883777e-04
4.224882243340341006e+02,9.925497074829321698e-04
4.225630407364307644e+02,2.317335228477959870e-03
4.226378571388274281e+02,1.701376900507742046e-03
4.227126735412240919e+02,5.223998105090861674e-04
4.227874899436208125e+02,6.652036129870077859e-04
4.228623063460174762e+02,5.457814051324755928e-04
4.229371227484141400e+02,7.194436889561710334e-04
4.230119391508108038e+02,5.820982899635898915e-04
4.230867555532075244e+02,7.796244298897631389e-04
4.231615719556041881e+02,9.084148590670901085e-04
4.232363883580008519e+02,8.441659273370029967e-04
4.233112047603975157e+02,1.455125894691926703e-03
4.233860211627941794e+02,1.380528186989758753e-03
4.234608375651909000e+02,9.002405474110907000e-04
4.235356539675875638e+02,4.166560585273718087e-04
4.236104703699842275e+02,3.255556414452460360e-04
4.236852867723808913e+02,9.952564890965780436e-04
4.237601031747776119e+02,8.205031960630347187e-04
4.238349195771742757e+02,6.895552180740793097e-04
4.239097359795709394e+02,7.106479266254863173e-04
4.239845523819676032e+02,7.166995833024945254e-04
4.240593687843643238e+02,9.478018780952629117e-04
4.241341851867609876e+02,1.239477135803362376e-03
4.242090015891576513e+02,2.481867468464339925e-04
4.242838179915543151e+02,3.146623288228615214e-04
4.243586343939509788e+02,4.295006756419280703e-04
4.244334507963476995e+02,6.040744493299572649e-04
4.245082671987443632e+02,7.057353887046203351e-04
4.245830836011410270e+02,5.791222998743017708e-04
4.246579000035376907e+02,1.308583835225617716e-03
4.247327164059344113e+02,9.412220313919952537e-04
4.248075328083310751e+02,2.702864930779888737e-04
4.248823492107277389e+02,3.244942656567850769e-04
4.249571656131244026e+02,1.403479840464467564e-03
4.250319820155211232e+02,1.795548161809448979e-03
4.251067984179177870e+02,1.109021651564298357e-03
4.251816148203144508e+02,3.710628134207235923e-04
4.252564312227111145e+02,4.868027053975112822e-04
4.253312476251077783e+02,4.619919432911087729e-04
4.254060640275044989e+02,1.070948989707289382e-03
4.254808804299011626e+02,1.132689127145414081e-03
4.255556968322978264e+02,7.099364643909962394e-04
4.256305132346944902e+02,9.816104330806589562e-04
4.257053296370912108e+02,1.825112807091665247e-03
4.257801460394878745e+02,1.945233621840339409e-03
4.258549624418845383e+02,9.143554948293768515e-04
4.259297788442812021e+02,5.732623817339375927e-04
4.260045952466779227e+02,4.468184014964878339e-04
4.260794116490745864e+02,6.506717006942596858e-04
4.261542280514712502e+02,7.090679658460013416e-04
4.262290444538679139e+02,6.311855025647608933e-04
4.263038608562645777e+02,1.112662872648066377e-03
4.263786772586612983e+02,1.568648260567955194e-03
4.264534936610579621e+02,6.735857050406500847e-04
4.265283100634546258e+02,2.400776784175573462e-04
4.266031264658512896e+02,9.277707854547925315e-04
4.266779428682480102e+02,1.144303443793121553e-03
4.267527592706446740e+02,4.483104760876042852e-04
4.268275756730413377e+02,1.857448763952943645e-04
4.269023920754380015e+02,8.037333505814016343e-04
4.269772084778346652e+02,9.295942908694772170e-04
4.270520248802313859e+02,7.348038655586490789e-04
4.271268412826280496e+02,8.672901231852164208e-04
4.272016576850247134e+02,1.595843563587654411e-03
4.272764740874213771e+02,1.446322065620324381e-03
4.273512904898180977e+02,1.417127880207933030e-03
4.274261068922147615e+02,8.648589095804758587e-04
4.275009232946114253e+02,8.997525274789867867e-04
4.275757396970080890e+02,1.419597746855955425e-03
4.276505560994048096e+02,1.535809047510122531e-03
4.277253725018014734e+02,7.854671576917741146e-04
4.278001889041981372e+02,5.856793717909857758e-04
4.278750053065948009e+02,9.869754376076273969e-04
4.279498217089914647e+02,1.473787855952032400e-03
4.280246381113881853e+02,6.019949861909030392e-04
4.280994545137848490e+02,5.056866369064757843e-04
4.281742709161815128e+02,6.480413906412746698e-04
4.282490873185781766e+02,5.995116067967342244e-04
4.283239037209748972e+02,3.409616578555429121e-04
4.283987201233715609e+02,4.052920792667546405e-04
4.284735365257682247e+02,1.444572409032975329e-03
4.285483529281648885e+02,2.520810792004904433e-03
4.286231693305616091e+02,2.485114232155631597e-03
4.286979857329582728e+02,1.508026968812180204e-03
4.287728021353549366e+02,3.068056449099730272e-04
4.288476185377516003e+02,3.249602778576266698e-04
4.289224349401482641e+02,4.434334433218265902e-04
4.289972513425449847e+02,1.975199251582180238e-04
4.290720677449416485e+02,1.012504237093776694e-03
4.291468841473383122e+02,1.272105640351827490e-03
4.292217005497349760e+02,1.044021899807679767e-03
4.292965169521316966e+02,7.796324509826648872e-04
4.293713333545283604e+02,9.965696718627597549e-04
4.294461497569250241e+02,1.670040695306867226e-03
4.295209661593216879e+02,6.529556581398976000e-04
4.295957825617184085e+02,1.850534508552198216e-03
4.296705989641150722e+02,3.497360405082832000e-03
4.297454153665117360e+02,2.287863823850217870e-03
4.298202317689083998e+02,1.347468958607877642e-03
4.298950481713050635e+02,2.095144788678662048e-03
4.299698645737017841e+02,1.605666704638507433e-03
4.300446809760984479e+02,4.775545120498013657e-04
4.301194973784951117e+02,5.549920961415741143e-04
4.301943137808917754e+02,5.223005494998215776e-04
4.302691301832884960e+02,7.218977183519582029e-04
4.303439465856851598e+02,7.395688087121482642e-04
4.304187629880818236e+02,1.206082684947583925e-03
4.304935793904784873e+02,1.662903500607612302e-03
4.305683957928752079e+02,1.984873363543937855e-03
4.306432121952718717e+02,8.869418953937193784e-04
4.307180285976685354e+02,1.925620539340052286e-04
4.307928450000651992e+02,3.413277154527434836e-04
4.308676614024618630e+02,9.992849105885225763e-04
4.309424778048585836e+02,1.005025849999322522e-04
4.310172942072552473e+02,1.883330291456806289e-03
4.310921106096519111e+02,1.976235991634828302e-03
4.311669270120485749e+02,9.024501739284156773e-04
4.312417434144452955e+02,1.294168452963918381e-03
4.313165598168419592e+02,1.121416348232319579e-03
4.313913762192386230e+02,2.480159536282393394e-04
4.314661926216352867e+02,3.870106758069397838e-04
4.315410090240320073e+02,7.357342429335371513e-04
4.316158254264286711e+02,9.679146944521575119e-04
4.316906418288253349e+02,1.022818941667590900e-03
4.317654582312219986e+02,9.599672882454853614e-04
4.318402746336186624e+02,1.619996758839781876e-03
4.319150910360153830e+02,2.236663143984139127e-03
4.319899074384120468e+02,1.648348439138290836e-03
4.320647238408087105e+02,1.878511035207662550e-03
4.321395402432053743e+02,1.951807976332852737e-03
4.322143566456020949e+02,9.044742937382009183e-04
4.322891730479987586e+02,3.697012949413157313e-04
4.323639894503954224e+02,5.502848673718521363e-04
4.324388058527920862e+02,7.975445723018705730e-04
4.325136222551888068e+02,1.282037832518874779e-03
4.325884386575854705e+02,9.045982624774648404e-04
4.326632550599821343e+02,7.714177857144459156e-04
4.327380714623787981e+02,1.499496893128404902e-03
4.328128878647754618e+02,8.638324131091073936e-04
4.328877042671721824e+02,4.880211798497326495e-04
4.329625206695688462e+02,1.133396911090562426e-03
4.330373370719655099e+02,1.839957819702932405e-03
4.331121534743621737e+02,1.127339736936497274e-03
4.331869698767588943e+02,4.219736372879792988e-04
4.332617862791555581e+02,3.680105158716487791e-04
4.333366026815522218e+02,4.349979409344560655e-04
4.334114190839488856e+02,7.144247940700515368e-04
4.334862354863456062e+02,1.926539172266626915e-04
4.335610518887422700e+02,6.223775990517619932e-04
4.336358682911389337e+02,6.313130294539396042e-04
4.337106846935355975e+02,3.917803823838741234e-04
4.337855010959322613e+02,4.251486110498017704e-04
4.338603174983289819e+02,5.151098481392576414e-04
4.339351339007256456e+02,9.875039444586387188e-04
4.340099503031223094e+02,8.317158441940858534e-04
4.340847667055189731e+02,3.097247838407086941e-04
4.341595831079156937e+02,1.349756809078541710e-03
4.342343995103123575e+02,1.753159873230506795e-03
4.343092159127090213e+02,9.471743614901544962e-04
4.343840323151056850e+02,8.200834103159184915e-04
4.344588487175023488e+02,1.576355690843802291e-03
4.345336651198990694e+02,1.443048597915623640e-03
4.346084815222957332e+02,7.274931206856855752e-04
4.346832979246923969e+02,1.193950775309177365e-03
4.347581143270890607e+02,9.087782721973213830e-04
4.348329307294857813e+02,1.294773938794215691e-03
4.349077471318824450e+02,1.359522012010338631e-03
4.349825635342791088e+02,3.454548206038214695e-04
4.350573799366757726e+02,6.302530393372221713e-04
4.351321963390724932e+02,1.045678647461778174e-03
4.352070127414691569e+02,8.950352561173796628e-04
4.352818291438658207e+02,7.266741521498727404e-04
4.353566455462624845e+02,8.708604313051593326e-04
4.354314619486591482e+02,9.222791683427060102e-04
4.355062783510558688e+02,9.629470148473616431e-04
4.355810947534525326e+02,6.771964165982070211e-04
4.356559111558491963e+02,2.257576691208784561e-04
4.357307275582458601e+02,4.631389440330561913e-04
4.358055439606425807e+02,6.293292884901991553e-04
4.358803603630392445e+02,2.103533314306183660e-04
4.359551767654359082e+02,5.000267526660070886e-04
4.360299931678325720e+02,1.054916351575426467e-03
4.361048095702292926e+02,4.102888074322284719e-04
4.361796259726259564e+02,4.332725492495947614e-04
4.362544423750226201e+02,3.174752333950640231e-04
4.363292587774192839e+02,8.993141226144463901e-04
4.364040751798159476e+02,1.019850166121507489e-03
4.364788915822126683e+02,4.451739022666614375e-04
4.365537079846093320e+02,1.157153753345271973e-03
4.366285243870059958e+02,1.546774879215388320e-03
4.367033407894026595e+02,6.185741040647218907e-04
4.367781571917993801e+02,1.010092848620888382e-03
4.368529735941960439e+02,1.794436121088905560e-03
4.369277899965927077e+02,1.391658495085158678e-03
4.370026063989893714e+02,6.529685129386448737e-04
4.370774228013860920e+02,4.630893540811317896e-04
4.371522392037827558e+02,3.039972396189658606e-04
4.372270556061794196e+02,3.052906631966112341e-04
4.373018720085760833e+02,5.564069434596258116e-04
4.373766884109727471e+02,1.161336539726717972e-03
4.374515048133694677e+02,1.798695631062005281e-03
4.375263212157661314e+02,1.524830059029336779e-03
4.376011376181627952e+02,8.981428721703377900e-04
4.376759540205594590e+02,5.831482947483432669e-04
4.377507704229561796e+02,4.969065460446494675e-04
4.378255868253528433e+02,6.154114051632804828e-04
4.379004032277495071e+02,5.733565629335079855e-04
4.379752196301461709e+02,2.824843899717544883e-04
4.380500360325428915e+02,1.125716528431457792e-03
4.381248524349395552e+02,1.041860744175963747e-04
4.381996688373362190e+02,1.902367328011427992e-03
4.382744852397328827e+02,1.375897557783004521e-03
4.383493016421295465e+02,8.631783394408456926e-04
4.384241180445262671e+02,6.245120212599018523e-04
4.384989344469229309e+02,4.949481970713014893e-04
4.385737508493195946e+02,7.104272754999895953e-04
4.386485672517162584e+02,1.713426638573366158e-03
4.387233836541129790e+02,2.009406266314308753e-03
4.387982000565096428e+02,1.279907326670750396e-03
4.388730164589063065e+02,7.286569547856661631e-04
4.389478328613029703e+02,1.096364729405528444e-03
4.390226492636996909e+02,7.557936215445427682e-04
4.390974656660963547e+02,2.892460331614316645e-04
4.391722820684930184e+02,3.497777843535843155e-04
4.392470984708896822e+02,1.301917632257346613e-03
4.393219148732863459e+02,1.704766168512389943e-03
4.393967312756830665e+02,7.610243407893704749e-04
4.394715476780797303e+02,5.988738415454506045e-04
4.395463640804763941e+02,7.637258581545937558e-04
4.396211804828730578e+02,1.134008097133915862e-03
4.396959968852697784e+02,8.063204315770842014e-04
4.397708132876664422e+02,1.757848370173515707e-04
4.398456296900631060e+02,9.077804215841965476e-04
4.399204460924597697e+02,5.446646473075026718e-04
4.399952624948564903e+02,6.402410985982051736e-04
4.400700788972531541e+02,6.333758423574977056e-04
4.401448952996498178e+02,2.433742879663742750e-04
4.402197117020464816e+02,5.568311646262656721e-04
4.402945281044431454e+02,1.310558897368503586e-03
4.403693445068398660e+02,4.993666746577176069e-04
4.404441609092365297e+02,7.738722164694837157e-04
4.405189773116331935e+02,6.087994553106004575e-04
4.405937937140298573e+02,5.915215252857236811e-04
4.406686101164265779e+02,1.187913357806337370e-03
4.407434265188232416e+02,2.130990116457466370e-04
4.408182429212199054e+02,9.512324497831684900e-04
4.408930593236165691e+02,1.132324040855410942e-03
4.409678757260132897e+02,6.890649173595935362e-04
4.410426921284099535e+02,1.162385086683109196e-03
4.411175085308066173e+02,1.290089915774586060e-03
4.411923249332032810e+02,1.264686009465155548e-03
4.412671413355999448e+02,1.064021449341588307e-03
4.413419577379966654e+02,1.569068726172303347e-03
4.414167741403933292e+02,1.573111680715829058e-03
4.414915905427899929e+02,6.754179487543502444e-04
4.415664069451866567e+02,3.698331907374151958e-04
4.416412233475833773e+02,7.812893515204564132e-04
4.417160397499800411e+02,1.542800244015753554e-03
4.417908561523767048e+02,1.265867841462974550e-03
4.418656725547733686e+02,1.075464211628232884e-03
4.419404889571700323e+02,6.587209339049736540e-04
4.420153053595667529e+02,5.832838864507615146e-04
4.420901217619634167e+02,8.327384360220931817e-04
4.421649381643600805e+02,1.212701369300366603e-03
4.422397545667567442e+02,1.577768765720381208e-03
4.423145709691534648e+02,1.335016799070916273e-03
4.423893873715501286e+02,4.947630150951605335e-04
4.424642037739467924e+02,6.856475190072002304e-04
4.425390201763434561e+02,1.198509824799405803e-03
4.426138365787401767e+02,8.874815291962878877e-04
4.426886529811368405e+02,6.641981059372907992e-04
4.427634693835335042e+02,8.579620345739763683e-04
4.428382857859301680e+02,9.704093284710925416e-04
4.429131021883268318e+02,9.337074239905295177e-04
4.429879185907235524e+02,4.827303894574937150e-04
4.430627349931202161e+02,3.915109303927772765e-04
4.431375513955168799e+02,6.785324711320049650e-04
4.432123677979135437e+02,8.520956519662035511e-04
4.432871842003102643e+02,8.330677124555672507e-04
4.433620006027069280e+02,2.514300452709629461e-04
4.434368170051035918e+02,1.457730917803399216e-03
4.435116334075002555e+02,1.638226408969083647e-03
4.435864498098969761e+02,1.245239850417375390e-03
4.436612662122936399e+02,3.297296933548167714e-04
4.437360826146903037e+02,9.442146847745394502e-04
4.438108990170869674e+02,1.288519967640043952e-03
4.438857154194836312e+02,5.287419890366139991e-04
4.439605318218803518e+02,9.004460390083086864e-04
4.440353482242770156e+02,1.248551330581504533e-03
4.441101646266736793e+02,1.691997120944341119e-03
4.441849810290703431e+02,2.030493173538971789e-03
4.442597974314670637e+02,1.453452530428764539e-03
4.443346138338637275e+02,8.531431544182370950e-04
4.444094302362603912e+02,1.976670385719666418e-04
4.444842466386570550e+02,8.578283076665221829e-04
4.445590630410537756e+02,9.306730445746505282e-04
4.446338794434504393e+02,2.104341077719779584e-04
4.447086958458471031e+02,1.045460339055329828e-03
4.447835122482437669e+02,9.268773562514010965e-04
4.448583286506404306e+02,6.656908371467043116e-04
4.449331450530371512e+02,1.601624107143329425e-03
4.450079614554338150e+02,7.771516771307349601e-04
4.450827778578304788e+02,9.616278204240639180e-04
4.451575942602271425e+02,4.014441494137989744e-04
4.452324106626238631e+02,1.172614513717690991e-03
4.453072270650205269e+02,1.723559909478507637e-03
4.453820434674171906e+02,7.242312435499053801e-04
4.454568598698138544e+02,1.096990680487733164e-03
4.455316762722105750e+02,1.792233811062636604e-03
4.456064926746072388e+02,1.234824815606875041e-03
4.456813090770039025e+02,4.770293387355117160e-04
4.457561254794005663e+02,2.519767547092351036e-04
4.458309418817972301e+02,1.307259893878255771e-03
4.459057582841939507e+02,1.302309049434471899e-03
4.459805746865906144e+02,1.448110264581034664e-03
4.460553910889872782e+02,1.511672935982845412e-03
4.461302074913839419e+02,7.950007155682568003e-04
4.462050238937806625e+02,1.384022463980578294e-03
4.462798402961773263e+02,1.264999510608989276e-03
4.463546566985739901e+02,1.167555564028001629e-03
4.464294731009706538e+02,1.222162115723522289e-03
4.465042895033673744e+02,1.642192690619713111e-03
4.465791059057640382e+02,9.317021702084047350e-04
4.466539223081607020e+02,2.021023905429408362e-03
4.467287387105573657e+02,2.028597358861284478e-03
4.468035551129540295e+02,1.122971213260728039e-03
4.468783715153507501e+02,1.232198674177300028e-03
4.469531879177474138e+02,6.858255932318057342e-04
4.470280043201440776e+02,9.853662868300029978e-04
4.471028207225407414e+02,9.884735177710943579e-04
4.471776371249374620e+02,6.993096842669531670e-04
4.472524535273341257e+02,8.026552403992472670e-04
4.473272699297307895e+02,8.276282268932476371e-04
4.474020863321274533e+02,6.208817406029857244e-04
4.474769027345241739e+02,1.233206771413291681e-03
4.475517191369208376e+02,1.666499183515496741e-03
4.476265355393175014e+02,5.783542889531014626e-04
4.477013519417141652e+02,1.521358824064398532e-03
4.477761683441108289e+02,1.472139004557406665e-03
4.478509847465075495e+02,7.665100549302156273e-04
4.479258011489042133e+02,7.050524936805458364e-04
4.480006175513008770e+02,6.827343560829869347e-04
4.480754339536975408e+02,5.922894949043264710e-04
4.481502503560942614e+02,4.116327315503075191e-04
4.482250667584909252e+02,5.555045576981412075e-04
4.482998831608875889e+02,6.496882547335729305e-04
4.483746995632842527e+02,5.957728622675701174e-04
4.484495159656809733e+02,1.119784304959794800e-03
4.485243323680776371e+02,8.225886857916595366e-04
4.485991487704743008e+02,1.022987069158447573e-03
4.486739651728709646e+02,1.543308124002080702e-03
4.487487815752676283e+02,9.916422367992375978e-04
4.488235979776643489e+02,4.555920455981666791e-04
4.488984143800610127e+02,5.464853556642141003e-04
4.489732307824576765e+02,7.731152785306483069e-04
4.490480471848543402e+02,4.535572368355783243e-04
4.491228635872510608e+02,4.750251498495888054e-04
4.491976799896477246e+02,9.161227444244246726e-04
4.492724963920443884e+02,7.179665276404961858e-04
4.493473127944410521e+02,2.701876995238792719e-04
4.494221291968377159e+02,9.757515649967168003e-04
4.494969455992344365e+02,1.090777693891637314e-03
4.495717620016311002e+02,3.860443102034692947e-04
4.496465784040277640e+02,5.788967894056286151e-04
4.497213948064244278e+02,1.077698565882916461e-03
4.497962112088211484e+02,1.677894291244880513e-03
4.498710276112178121e+02,1.639109439409171514e-03
4.499458440136144759e+02,1.183589240756561904e-03
4.500206604160111397e+02,1.722996114210291040e-03
4.500954768184078603e+02,1.786099279042789069e-03
4.501702932208045240e+02,1.429995093115000396e-03
4.502451096232011878e+02,5.063839678998918606e-04
4.503199260255978515e+02,7.708015360841504815e-04
4.503947424279945153e+02,3.025829434814015909e-04
4.504695588303912359e+02,1.139948438897056939e-03
4.505443752327878997e+02,9.375745228979987097e-04
4.506191916351845634e+02,3.502959048100452808e-04
4.506940080375812272e+02,4.655698174420836821e-04
4.507688244399779478e+02,8.277862101826822996e-04
4.508436408423746116e+02,6.426186550236640720e-04
4.509184572447712753e+02,5.071435004387799808e-04
4.509932736471679391e+02,9.413934444924580355e-04
4.510680900495646597e+02,4.386367982803647233e-04
4.511429064519613235e+02,3.664558575256360176e-04
4.512177228543579872e+02,9.949537914829480016e-04
4.512925392567546510e+02,1.072081227616603852e-03
4.513673556591513147e+02,6.427677302313804979e-04
4.514421720615480353e+02,9.377119056643771870e-04
4.515169884639446991e+02,4.518510188782871384e-04
4.515918048663413629e+02,6.839970004956329305e-04
4.516666212687380266e+02,9.396399494713930352e-04
4.517414376711347472e+02,1.373795242556375730e-03
4.518162540735314110e+02,1.281183393288436731e-03
4.518910704759280748e+02,1.015200354334281057e-03
4.519658868783247385e+02,7.635109272591866563e-04
4.520407032807214591e+02,1.594005996906742062e-04
4.521155196831181229e+02,7.317976794193419270e-04
4.521903360855147866e+02,1.831760468947256446e-03
4.522651524879114504e+02,9.658149380498358937e-04
4.523399688903081142e+02,8.510290901760974918e-04
4.524147852927048348e+02,6.147985570455015815e-04
4.524896016951014985e+02,1.489694549033748544e-03
4.525644180974981623e+02,1.222472815985680555e-03
4.526392344998948261e+02,2.664112890009968340e-04
4.527140509022915467e+02,8.003347128869281847e-04
4.527888673046882104e+02,6.724580098431556059e-04
4.528636837070848742e+02,6.542106941886499357e-04
4.529385001094815379e+02,6.936030902003787347e-04
4.530133165118782586e+02,4.912572797389478697e-04
4.530881329142749223e+02,1.722273409223248897e-03
4.531629493166715861e+02,1.334374768667442130e-03
4.532377657190682498e+02,4.547617026639063135e-04
4.533125821214649136e+02,1.896799694997974167e-04
4.533873985238616342e+02,8.088774550407320379e-04
4.534622149262582980e+02,1.637251805811387392e-03
4.535370313286549617e+02,9.489235111298432654e-04
4.536118477310516255e+02,3.713037862878833468e-04
4.536866641334483461e+02,1.120600266019416589e-03
4.537614805358450099e+02,4.366624526588085901e-04
4.538362969382416736e+02,1.091428532994869133e-03
4.539111133406383374e+02,4.206906565588594028e-04
4.539859297430350580e+02,9.177644023926849861e-04
4.540607461454317217e+02,3.815394265579904478e-04
4.541355625478283855e+02,4.167753192402873425e-04
4.542103789502250493e+02,1.495324880670636809e-03
4.542851953526217130e+02,2.836234272156454034e-03
4.543600117550184336e+02,2.604219464029092126e-03
4.544348281574150974e+02,1.167257364751502760e-03
4.545096445598117612e+02,8.014684312429295543e-04
4.545844609622084249e+02,8.785147099098980636e-04
4.546592773646051455e+02,9.573660120995602539e-04
4.547340937670018093e+02,9.045512842345345295e-04
4.548089101693984730e+02,5.344983474431430539e-04
4.548837265717951368e+02,1.830139133444497364e-03
4.549585429741918574e+02,1.714196961140211336e-03
4.550333593765885212e+02,9.158253217888258314e-04
4.551081757789851849e+02,3.413137476128647258e-04
4.551829921813818487e+02,1.145940625871951944e-03
4.552578085837785125e+02,1.088726705250965196e-03
4.553326249861752331e+02,6.302958841964573797e-04
4.554074413885718968e+02,5.314127525776973044e-04
4.554822577909685606e+02,1.050521777202659875e-03
4.555570741933652243e+02,7.445544156779032585e-04
4.556318905957619450e+02,9.857597197761381116e-04
4.557067069981586087e+02,1.036096023392875333e-03
4.557815234005552725e+02,2.283201774350103518e-04
4.558563398029519362e+02,6.525613143062771468e-04
4.559311562053486568e+02,1.022168708813447771e-03
4.560059726077453206e+02,5.776529011471471424e-04
4.560807890101419844e+02,6.582037277152844078e-04
4.561556054125386481e+02,1.706217084161897176e-03
4.562304218149353119e+02,6.530453471714290758e-04
4.563052382173320325e+02,8.786906534560788573e-04
4.563800546197286963e+02,7.365768590472256778e-04
4.564548710221253600e+02,1.524798888566231397e-03
4.565296874245220238e+02,1.388137077498228329e-03
4.566045038269187444e+02,8.270032494022768084e-04
4.566793202293154081e+02,1.851675385606478281e-03
4.567541366317120719e+02,1.792135992574717769e-03
4.568289530341087357e+02,1.372467868942837651e-03
4.569037694365053994e+02,3.286402236087174232e-04
4.569785858389021200e+02,1.442926652353098598e-03
4.570534022412987838e+02,1.544624823270556412e-03
4.571282186436954476e+02,6.783706342260486036e-04
4.572030350460921113e+02,7.341884600422765019e-04
4.572778514484888319e+02,1.288585493632655662e-03
4.573526678508854957e+02,2.179516814012346509e-03
4.574274842532821594e+02,1.366015958104987429e-03
4.575023006556788232e+02,8.972043320624987790e-04
4.575771170580755438e+02,1.187204727859205930e-03
4.576519334604722076e+02,6.341359081267259170e-04
4.577267498628688713e+02,7.287556854947357205e-04
4.578015662652655351e+02,5.156199247574031787e-04
4.578763826676621989e+02,1.479432570251521060e-03
4.579511990700589195e+02,1.015214064540955223e-03
4.580260154724555832e+02,1.482959833415761644e-04
4.581008318748522470e+02,8.425900135891104632e-04
4.581756482772489107e+02,6.542944546212210201e-04
4.582504646796456313e+02,1.397771195067449136e-04
4.583252810820422951e+02,5.888453871084460512e-04
4.584000974844389589e+02,1.071599402046469370e-03
4.584749138868356226e+02,4.018566116615800783e-04
4.585497302892323432e+02,1.349686669445604318e-03
4.586245466916290070e+02,7.228606436777769602e-04
4.586993630940256708e+02,4.446171542838083467e-04
4.587741794964223345e+02,8.626116513063597545e-04
4.588489958988189983e+02,1.070766083852811535e-03
4.589238123012157189e+02,8.074692367080202673e-04
4.589986287036123827e+02,7.854238724353118650e-04
4.590734451060090464e+02,1.412090935667520636e-03
4.591482615084057102e+02,1.663914428109864460e-03
4.592230779108024308e+02,1.117899920722680929e-03
4.592978943131990945e+02,8.675929922162521233e-04
4.593727107155957583e+02,8.840034414556380629e-04
4.594475271179924221e+02,1.056298472800935992e-03
4.595223435203891427e+02,6.901242960675093435e-04
4.595971599227858064e+02,8.337368729148361864e-04
4.596719763251824702e+02,2.041070668231491272e-03
4.597467927275791340e+02,2.380747768578490246e-03
4.598216091299757977e+02,1.620366116939439072e-03
4.598964255323725183e+02,6.121738503988328767e-04
4.599712419347691821e+02,2.880667645288010150e-04
4.600460583371658458e+02,5.918969190023120339e-04
4.601208747395625096e+02,6.745530154323264686e-04
4.601956911419592302e+02,1.092925148564601392e-03
4.602705075443558940e+02,2.914485353458319875e-04
4.603453239467525577e+02,9.123399743210802715e-04
4.604201403491492215e+02,7.695670913127593011e-04
4.604949567515459421e+02,9.234926106511577191e-04
4.605697731539426059e+02,1.804935074098665271e-03
4.606445895563392696e+02,1.686244259314577127e-03
4.607194059587359334e+02,7.251499488892098472e-04
4.607942223611325971e+02,5.343126618494343106e-04
4.608690387635293177e+02,2.071856418599878676e-03
4.609438551659259815e+02,2.586868081826434497e-03
4.610186715683226453e+02,1.279323712250685910e-03
4.610934879707193090e+02,2.733589409418119009e-04
4.611683043731160296e+02,6.780456696717840131e-04
4.612431207755126934e+02,8.795761083856107852e-04
4.613179371779093572e+02,9.384806860585845085e-04
4.613927535803060209e+02,3.118184000832403564e-04
4.614675699827027415e+02,1.005444760613403727e-03
4.615423863850994053e+02,1.320673460835792342e-03
4.616172027874960690e+02,9.578589611574572435e-04
4.616920191898927328e+02,7.982179504303090443e-04
4.617668355922893966e+02,6.894320911709012544e-04
4.618416519946861172e+02,1.665652039894105051e-03
4.619164683970827809e+02,1.511025137734399665e-03
4.619912847994794447e+02,9.131723181826404637e-04
4.620661012018761085e+02,1.187275241195479177e-03
4.621409176042728291e+02,1.338756861221139733e-03
4.622157340066694928e+02,1.027093008831758865e-03
4.622905504090661566e+02,1.208615643182508245e-03
4.623653668114628204e+02,8.919305146487091539e-04
4.624401832138595410e+02,1.005395341225108572e-03
4.625149996162562047e+02,5.097006642015724067e-04
4.625898160186528685e+02,5.222185993187276410e-04
4.626646324210495322e+02,1.231117257051918051e-03
4.627394488234461960e+02,9.681991543066217247e-04
4.628142652258429166e+02,1.390388157584634791e-03
4.628890816282395804e+02,8.750997348500121715e-04
4.629638980306362441e+02,5.071251825564528993e-04
4.630387144330329079e+02,7.112988708965670669e-04
4.631135308354296285e+02,4.974513698730027682e-04
4.631883472378262923e+02,1.821999804116713301e-04
4.632631636402229560e+02,6.903894050687748750e-04
4.633379800426196198e+02,8.741434976190389341e-04
4.634127964450162835e+02,4.852996448526087194e-04
4.634876128474130041e+02,6.762377757162151091e-04
4.635624292498096679e+02,1.007927509746652265e-03
4.636372456522063317e+02,3.785070185098420828e-04
4.637120620546029954e+02,8.618902796926638079e-04
4.637868784569997160e+02,6.235332613483545328e-04
4.638616948593963798e+02,7.020851542843821154e-04
4.639365112617930436e+02,1.298212586693136108e-03
4.640113276641897073e+02,1.465317207962372635e-03
4.640861440665864279e+02,9.406433076324528363e-04
4.641609604689830917e+02,9.807166232723915633e-04
4.642357768713797554e+02,1.061062631158212052e-03
4.643105932737764192e+02,1.274651917290354044e-03
4.643854096761730830e+02,1.134716247564895907e-03
4.644602260785698036e+02,6.364725514730435688e-04
4.645350424809664673e+02,5.009213152667447684e-04
4.646098588833631311e+02,8.316667486899093336e-04
4.646846752857597949e+02,6.814898394405292069e-04
4.647594916881565155e+02,3.275739146307346506e-04
4.648343080905531792e+02,9.085392596659711082e-04
4.649091244929498430e+02,8.913774032303263539e-04
4.649839408953465067e+02,1.081150519444516197e-04
4.650587572977432274e+02,1.043535338752963346e-03
4.651335737001398911e+02,1.021747336216445460e-03
4.652083901025365549e+02,7.435754706214012331e-04
4.652832065049332186e+02,1.170131714239884936e-03
4.653580229073298824e+02,1.691966471774331016e-03
4.654328393097266030e+02,1.626073567508502012e-03
4.655076557121232668e+02,1.076094173411871113e-03
4.655824721145199305e+02,1.177042205916513980e-03
4.656572885169165943e+02,1.297176270759036864e-03
4.657321049193133149e+02,5.874837110953124884e-04
4.658069213217099787e+02,5.973922058958024443e-04
4.658817377241066424e+02,5.882200691015375101e-04
4.659565541265033062e+02,5.176268809119528467e-04
4.660313705289000268e+02,5.489270966183654871e-04
4.661061869312966905e+02,4.347151607618402695e-04
4.661810033336933543e+02,3.981106416517996949e-04
4.662558197360900181e+02,3.698452446556205718e-04
4.663306361384866818e+02,8.810538979752613378e-04
4.664054525408834024e+02,6.806428805311047015e-04
4.664802689432800662e+02,5.588224530047363131e-04
4.665550853456767300e+02,1.064541702481040146e-03
4.666299017480733937e+02,5.954359339076877901e-04
4.667047181504701143e+02,2.518018280116415754e-04
4.667795345528667781e+02,6.270849106119320794e-04
4.668543509552634418e+02,1.067237412996698649e-03
4.669291673576601056e+02,8.339308756871810589e-04
4.670039837600568262e+02,8.585441382658249351e-04
4.670788001624534900e+02,7.582304541064369520e-04
4.671536165648501537e+02,6.687794565266102316e-04
4.672284329672468175e+02,8.836989785659191956e-04
4.673032493696434813e+02,1.571735481034775266e-03
4.673780657720402019e+02,2.221327899326932306e-03
4.674528821744368656e+02,1.153803396102935945e-03
4.675276985768335294e+02,1.168206772894419014e-03
4.676025149792301931e+02,1.199450836105212101e-03
4.676773313816269138e+02,9.264925658912692881e-04
4.677521477840235775e+02,1.155227571817633598e-03
4.678269641864202413e+02,1.587861274129661769e-03
4.679017805888169050e+02,7.817027167490375131e-04
4.679765969912136256e+02,1.227930120364020741e-03
4.680514133936102894e+02,1.173178982987310237e-03
4.681262297960069532e+02,1.069562546155022496e-03
4.682010461984036169e+02,9.710466641084711638e-04
4.682758626008002807e+02,1.426815464446054376e-04
4.683506790031970013e+02,8.859615658469527323e-04
4.684254954055936651e+02,2.787715982646498205e-04
4.685003118079903288e+02,1.340594415986122142e-03
4.685751282103869926e+02,1.573580635654452673e-03
4.686499446127837132e+02,4.030913194337666628e-04
4.687247610151803769e+02,2.336388382102884929e-03
4.687995774175770407e+02,1.872385039581712972e-03
4.688743938199737045e+02,1.937713418277302367e-04
4.689492102223704251e+02,6.457614662861105390e-04
4.690240266247670888e+02,8.922328820167552783e-04
4.690988430271637526e+02,2.086855604564163795e-03
4.691736594295604164e+02,1.260541850431257539e-03
4.692484758319570801e+02,3.739728029049754461e-04
4.693232922343538007e+02,4.590440301211285508e-04
4.693981086367504645e+02,6.090019705113295777e-04
4.694729250391471282e+02,5.817287724918060888e-04
4.695477414415437920e+02,1.059004888080258529e-03
4.696225578439405126e+02,8.553228343844430969e-04
4.696973742463371764e+02,4.197568774504192596e-04
4.697721906487338401e+02,9.606622985054202911e-04
4.698470070511305039e+02,1.867949958695599294e-03
4.699218234535272245e+02,1.813593721303332663e-03
4.699966398559238883e+02,1.196393289300431506e-03
4.700714562583205520e+02,7.652298583943681473e-04
4.701462726607172158e+02,5.832710753521381641e-04
4.702210890631138795e+02,1.001107995735829072e-03
4.702959054655106002e+02,1.272450216462262017e-03
4.703707218679072639e+02,8.163476829045347152e-04
4.704455382703039277e+02,5.456171789705992767e-04
4.705203546727005914e+02,1.606159741591522364e-03
4.705951710750973120e+02,1.525633471128983462e-03
4.706699874774939758e+02,5.164807954693695618e-04
4.707448038798906396e+02,7.049638912304748021e-04
4.708196202822873033e+02,8.606799741729811515e-04
4.708944366846839671e+02,7.262927089849272088e-04
4.709692530870806877e+02,7.606191934990628317e-04
4.710440694894773515e+02,3.936673178665439556e-04
4.711188858918740152e+02,7.750018889838352102e-04
4.711937022942706790e+02,7.469546223903688210e-04
4.712685186966673996e+02,5.036301680306805436e-04
4.713433350990640633e+02,4.407782298304594197e-04
4.714181515014607271e+02,6.142704564524856031e-04
4.714929679038573909e+02,9.957346133329298722e-04
4.715677843062541115e+02,1.281701973988459003e-03
4.716426007086507752e+02,3.474409760624494730e-04
4.717174171110474390e+02,1.081942959568727011e-03
4.717922335134441028e+02,1.642888534301785658e-03
4.718670499158407665e+02,8.997692819300975647e-04
4.719418663182374871e+02,1.076015588404725595e-03
4.720166827206341509e+02,5.620290110321506929e-04
4.720914991230308146e+02,6.756538185281931591e-04
4.721663155254274784e+02,1.003903285104619817e-03
4.722411319278241990e+02,8.329468840141051808e-04
4.723159483302208628e+02,1.471926595499575352e-03
4.723907647326175265e+02,1.214487182778058519e-03
4.724655811350141903e+02,7.934357830116164781e-04
4.725403975374109109e+02,3.133946230654182578e-04
4.726152139398075747e+02,1.274389052802581655e-03
4.726900303422042384e+02,1.052909164100486114e-03
4.727648467446009022e+02,2.968163414077905327e-04
4.728396631469975659e+02,1.100180408595605565e-03
4.729144795493942866e+02,1.368681030943672602e-03
4.729892959517909503e+02,1.689751959739327694e-03
4.730641123541876141e+02,1.096924571809058642e-03
4.731389287565842778e+02,9.073744941324555103e-04
4.732137451589809984e+02,1.240040841125438593e-03
4.732885615613776622e+02,6.893960014228033874e-04
4.733633779637743260e+02,5.693026936687928079e-04
4.734381943661709897e+02,8.762522953125924125e-04
4.735130107685677103e+02,7.107135527873460323e-04
4.735878271709643741e+02,4.751178572125572827e-04
4.736626435733610379e+02,3.686281479105494988e-04
4.737374599757577016e+02,8.820501159029203991e-04
4.738122763781543654e+02,2.223431018787269534e-04
4.738870927805510860e+02,5.727713989203764636e-04
4.739619091829477497e+02,6.835417860430142815e-04
4.740367255853444135e+02,1.166563406545495854e-03
4.741115419877410773e+02,3.561601285518824146e-04
4.741863583901377979e+02,8.184125012639454147e-04
4.742611747925344616e+02,3.939201453710147825e-04
4.743359911949311254e+02,6.499363849746217807e-04
4.744108075973277892e+02,9.286989038139479907e-04
4.744856239997245098e+02,1.195084215024961715e-03
4.745604404021211735e+02,6.393330661320912982e-04
4.746352568045178373e+02,7.024710131918831093e-04
4.747100732069145010e+02,1.449551918994765581e-03
4.747848896093111648e+02,2.127279642974313264e-03
4.748597060117078854e+02,1.005133541819311057e-03
4.749345224141045492e+02,6.218213759857837888e-04
4.750093388165012129e+02,4.375435715191171695e-04
4.750841552188978767e+02,1.201538793044994082e-03
4.751589716212945973e+02,1.059325713535662697e-03
4.752337880236912611e+02,1.029723318169656603e-03
4.753086044260879248e+02,1.890599877366815887e-03
4.753834208284845886e+02,1.888506647799750556e-03
4.754582372308813092e+02,1.078590613008247176e-03
4.755330536332779729e+02,7.588933184653827132e-04
4.756078700356746367e+02,8.829275160218640040e-05
4.756826864380713005e+02,6.480679821966746877e-04
4.757575028404679642e+02,3.336692060951558405e-04
4.758323192428646848e+02,1.226208466529756782e-03
4.759071356452613486e+02,6.099593690855545239e-04
4.759819520476580124e+02,1.003279386027281254e-03
4.760567684500546761e+02,1.044369157663375697e-03
4.761315848524513967e+02,3.395355687377958121e-04
4.762064012548480605e+02,1.046290366138333261e-03
4.762812176572447243e+02,1.368230775778397261e-03
4.763560340596413880e+02,8.224286589466195396e-04
4.764308504620381086e+02,8.959727490057275371e-04
4.765056668644347724e+02,1.455769913178923524e-03
4.765804832668314361e+02,1.662193059057192474e-03
4.766552996692280999e+02,1.315187516824701522e-03
4.767301160716247637e+02,8.511931144194348443e-04
4.768049324740214843e+02,3.743457939468629466e-04
4.768797488764181480e+02,9.870729117343239958e-05
4.769545652788148118e+02,2.712447297366444503e-04
4.770293816812114756e+02,9.635087811450429823e-05
4.771041980836081962e+02,8.148507071274272437e-04
4.771790144860048599e+02,1.432070054209357837e-03
4.772538308884015237e+02,1.458671678672522620e-03
4.773286472907981874e+02,3.998665029733149850e-04
4.774034636931949080e+02,1.803886309165552305e-03
4.774782800955915718e+02,1.827453205965914830e-03
4.775530964979882356e+02,6.964410678693662773e-04
4.776279129003848993e+02,5.335325049602771246e-04
4.777027293027815631e+02,6.339605955462703207e-04
4.777775457051782837e+02,2.180397427300877504e-04
4.778523621075749475e+02,4.671804797182278518e-04
4.779271785099716112e+02,3.524378665757653428e-04
4.780019949123682750e+02,6.277508876756529793e-04
4.780768113147649956e+02,9.078540589607347715e-04
4.781516277171616593e+02,3.773243821876100723e-04
4.782264441195583231e+02,7.586012176432084921e-04
4.783012605219549869e+02,6.077556322830816567e-04
4.783760769243516506e+02,7.179817837208926764e-04
4.784508933267483712e+02,8.423014899170344020e-04
4.785257097291450350e+02,7.365814105973493477e-04
4.786005261315416988e+02,7.101081438169428231e-04
4.786753425339383625e+02,8.185920205914953450e-04
4.787501589363350831e+02,6.481960536581402943e-04
4.788249753387317469e+02,6.314930210863701782e-04
4.788997917411284106e+02,7.540040247404704819e-04
4.789746081435250744e+02,6.411856391139782738e-04
4.790494245459217950e+02,5.448153909307270606e-04
4.791242409483184588e+02,1.168344450303515376e-03
4.791990573507151225e+02,1.558371091622322378e-03
4.792738737531117863e+02,4.422440128298998517e-04
4.793486901555084501e+02,1.354704785430294349e-03
4.794235065579051707e+02,1.212228799207556345e-03
4.794983229603018344e+02,6.799148904389421943e-04
4.795731393626984982e+02,1.028658632781417762e-03
4.796479557650951620e+02,9.086215436953325435e-04
4.797227721674918826e+02,2.960268120578100621e-04
4.797975885698885463e+02,1.287246631915259622e-03
4.798724049722852101e+02,1.209273164127984282e-03
4.799472213746818738e+02,7.631840047403893722e-04
4.800220377770785944e+02,5.463415774485042616e-04
4.800968541794752582e+02,7.195931103160953766e-04
4.801716705818719220e+02,4.599407435298172959e-04
4.802464869842685857e+02,4.470723596291007688e-04
4.803213033866652495e+02,3.999739921264814746e-04
4.803961197890619701e+02,1.772600168944982722e-04
4.804709361914586339e+02,5.107372015433397829e-04
4.805457525938552976e+02,1.135671055967856885e-04
4.806205689962519614e+02,6.332497615063262123e-04
4.806953853986486820e+02,5.686459046322197208e-04
4.807702018010453457e+02,3.358457570869804901e-04
4.808450182034420095e+02,8.168963465805481215e-04
4.809198346058386733e+02,1.501458315278689660e-03
4.809946510082353939e+02,2.291298427008402368e-03
4.810694674106320576e+02,1.609460452908851756e-03
4.811442838130287214e+02,5.896082353068111829e-04
4.812191002154253852e+02,4.600804288759465020e-04
4.812939166178220489e+02,7.390929727320862900e-04
4.813687330202187695e+02,8.713912493350663797e-04
4.814435494226154333e+02,2.353381231347185425e-04
4.815183658250120970e+02,1.127144734401332562e-03
4.815931822274087608e+02,1.012582246747822197e-03
4.816679986298054814e+02,5.639981764729094359e-04
4.817428150322021452e+02,4.011322780762173338e-04
4.818176314345988089e+02,3.524952322794709723e-04
4.818924478369954727e+02,1.015151284441209245e-03
4.819672642393921933e+02,1.553636457831536087e-03
4.820420806417888571e+02,1.101234749677603830e-03
4.821168970441855208e+02,1.698436035530286829e-03
4.821917134465821846e+02,1.706585132392775825e-03
4.822665298489788483e+02,1.085042302914048700e-03
4.823413462513755690e+02,8.870896699114020440e-04
4.824161626537722327e+02,9.850385977857661294e-04
4.824909790561688965e+02,1.128385576849369899e-03
4.825657954585655602e+02,1.013266436904146622e-03
4.826406118609622808e+02,4.586228781036819449e-04
4.827154282633589446e+02,4.231393986800688865e-04
4.827902446657556084e+02,1.118788645580221777e-03
4.828650610681522721e+02,8.377343008522029856e-04
4.829398774705489927e+02,1.862197504313515542e-03
4.830146938729456565e+02,2.011378558946022577e-03
4.830895102753423203e+02,3.297755819779039986e-04
4.831643266777389840e+02,1.233340049906153516e-03
4.832391430801356478e+02,1.087662657603006644e-03
4.833139594825323684e+02,3.436538561729006133e-04
4.833887758849290321e+02,3.372015116381194846e-04
4.834635922873256959e+02,1.525070351401212930e-03
4.835384086897223597e+02,1.781253461232307775e-03
4.836132250921190803e+02,1.246012645735256399e-03
4.836880414945157440e+02,1.440526401363232062e-03
4.837628578969124078e+02,2.167860656333648261e-04
4.838376742993090716e+02,8.860414644034445833e-04
4.839124907017057922e+02,5.601040690944662217e-04
4.839873071041024559e+02,5.451059937855018541e-04
4.840621235064991197e+02,9.757671245598103799e-04
4.841369399088957834e+02,1.925656857703902892e-03
4.842117563112924472e+02,1.424347812348493881e-03
4.842865727136891678e+02,1.579688923102344445e-03
4.843613891160858316e+02,3.855797627507631144e-03
4.844362055184824953e+02,2.847641650055290994e-03
4.845110219208791591e+02,4.967466944018710234e-04
4.845858383232758797e+02,1.266377811419752523e-03
4.846606547256725435e+02,1.417947959844203165e-03
4.847354711280692072e+02,5.134836683689300964e-04
4.848102875304658710e+02,7.607974197516981490e-04
4.848851039328625916e+02,6.354446630718166202e-04
4.849599203352592554e+02,7.318157349260757515e-04
4.850347367376559191e+02,3.205816419801330746e-04
4.851095531400525829e+02,6.055502947952554277e-04
4.851843695424492466e+02,6.554653599421346238e-04
4.852591859448459672e+02,2.863050677020970115e-04
4.853340023472426310e+02,1.203219484057198351e-03
4.854088187496392948e+02,1.830226803575886073e-03
4.854836351520359585e+02,2.074520021948380016e-03
4.855584515544326791e+02,1.571371710464856009e-03
4.856332679568293429e+02,5.490172395924697302e-04
4.857080843592260067e+02,1.078594029148908893e-04
4.857829007616226704e+02,2.388952207958104092e-04
4.858577171640193342e+02,1.027714561035332225e-03
4.859325335664160548e+02,6.883115304440642597e-04
4.860073499688127185e+02,5.341965362658456602e-04
4.860821663712093823e+02,5.544645487187627652e-04
4.861569827736060461e+02,1.080508396455141708e-03
4.862317991760027667e+02,2.023495436891428300e-04
4.863066155783994304e+02,6.056339942024546903e-04
4.863814319807960942e+02,1.081690830203377567e-03
4.864562483831927580e+02,1.179026752371068127e-03
4.865310647855894786e+02,9.811949440246658504e-04
4.866058811879861423e+02,5.699247934831672743e-04
4.866806975903828061e+02,9.076664672062896132e-04
4.867555139927794698e+02,8.464224786712183255e-04
4.868303303951761336e+02,7.742604700841152193e-04
4.869051467975728542e+02,9.693488671795089497e-04
4.869799631999695180e+02,1.921322004305942911e-04
4.870547796023661817e+02,5.579810616758338563e-04
4.871295960047628455e+02,4.390105851530963737e-04
4.872044124071595661e+02,5.228401757756093475e-04
4.872792288095562299e+02,6.060602792926031044e-04
4.873540452119528936e+02,8.776522477576888552e-04
4.874288616143495574e+02,8.543969061624790340e-04
4.875036780167462780e+02,4.274381008752704131e-04
4.875784944191429418e+02,5.502750710722547700e-04
4.876533108215396055e+02,1.165867482481550924e-03
4.877281272239362693e+02,1.438280926112310435e-03
4.878029436263329330e+02,9.099910708328114812e-04
4.878777600287296536e+02,6.924088765634203073e-04
4.879525764311263174e+02,8.179394339404706367e-04
4.880273928335229812e+02,6.182735688500763313e-04
4.881022092359196449e+02,4.771252446897147892e-04
4.881770256383163655e+02,8.961380983880008625e-04
4.882518420407130293e+02,1.391404054963911842e-03
4.883266584431096931e+02,1.376500860186672878e-03
4.884014748455063568e+02,8.472259701093377577e-04
4.884762912479030774e+02,7.575965376666159027e-04
4.885511076502997412e+02,8.515974987046843721e-04
4.886259240526964049e+02,1.220628547510124772e-03
4.887007404550930687e+02,9.186238254736229722e-04
4.887755568574897325e+02,4.969377173560987062e-04
4.888503732598864531e+02,7.103235222569078680e-04
4.889251896622831168e+02,9.710015229650120977e-04
4.890000060646797806e+02,1.499241199266670987e-03
4.890748224670764444e+02,1.271873521771768340e-03
4.891496388694731650e+02,4.970789235624288724e-04
4.892244552718698287e+02,5.633876699261422755e-04
4.892992716742664925e+02,4.703054918720987331e-04
4.893740880766631562e+02,8.989546372207316786e-04
4.894489044790598768e+02,5.194426876801848825e-04
4.895237208814565406e+02,2.483107170457997566e-04
4.895985372838532044e+02,4.286309887217357173e-04
4.896733536862498681e+02,6.829067838131219889e-04
4.897481700886465319e+02,5.939262272484308394e-04
4.898229864910432525e+02,3.089737272846830910e-04
4.898978028934399163e+02,4.751843504849746704e-04
4.899726192958365800e+02,8.131987706479419480e-04
4.900474356982332438e+02,8.840399553009903148e-04
4.901222521006299644e+02,6.174385793696952245e-04
4.901970685030266282e+02,4.956525648535312079e-04
4.902718849054232919e+02,3.083894700746904948e-04
4.903467013078199557e+02,1.163191107226894516e-03
4.904215177102166763e+02,1.120796952560616615e-03
4.904963341126133400e+02,1.542050800848544974e-04
4.905711505150100038e+02,1.752411412613974343e-04
4.906459669174066676e+02,9.527601303644642108e-04
4.907207833198033313e+02,1.523084624337810037e-03
4.907955997222000519e+02,1.218398824741039445e-03
4.908704161245967157e+02,1.023283053919210074e-03
4.909452325269933795e+02,1.000459164843517726e-03
4.910200489293900432e+02,3.305686816030606648e-04
4.910948653317867638e+02,1.224939292242907692e-04
4.911696817341834276e+02,3.591744116158627326e-04
4.912444981365800913e+02,4.211978602545359538e-04
4.913193145389767551e+02,3.392255927530884400e-04
4.913941309413734757e+02,6.827167963227673709e-04
4.914689473437701395e+02,1.795257129869737116e-03
4.915437637461668032e+02,1.024816713930230480e-03
4.916185801485634670e+02,8.782681735704359928e-04
4.916933965509601308e+02,7.173722404875418563e-04
4.917682129533568514e+02,7.616899778339371579e-04
4.918430293557535151e+02,6.569248958853431521e-04
4.919178457581501789e+02,3.310857093270535342e-04
4.919926621605468426e+02,9.750082865015813295e-04
4.920674785629435632e+02,1.197675359570310417e-03
4.921422949653402270e+02,1.171915588631064400e-03
4.922171113677368908e+02,1.337433082009686219e-03
4.922919277701335545e+02,1.457799603479990663e-03
4.923667441725302751e+02,1.143597109190881917e-03
4.924415605749269389e+02,5.623144710440610263e-04
4.925163769773236027e+02,6.231075268697619258e-04
4.925911933797202664e+02,8.446782661325759030e-04
4.926660097821169302e+02,4.898304415635346153e-05
4.927408261845136508e+02,1.910109731411102586e-04
4.928156425869103145e+02,1.363447389719019479e-03
4.928904589893069783e+02,1.865978052527287115e-03
4.929652753917036421e+02,3.901238025428401045e-04
4.930400917941003627e+02,9.182946830827409248e-04
4.931149081964970264e+02,4.150454083508761248e-04
4.931897245988936902e+02,4.441158513575454688e-04
4.932645410012903540e+02,7.975522797678150175e-04
4.933393574036870177e+02,1.150136125175191129e-03
4.934141738060837383e+02,6.865938131706687039e-04
4.934889902084804021e+02,5.763423217197765572e-04
4.935638066108770659e+02,9.093872491538472925e-04
4.936386230132737296e+02,1.338437602928264653e-03
4.937134394156704502e+02,1.056844354445948646e-03
4.937882558180671140e+02,6.265857085977516883e-04
4.938630722204637777e+02,4.912659397136604628e-04
4.939378886228604415e+02,4.867134966860211425e-04
4.940127050252571621e+02,4.014804554452001744e-04
4.940875214276538259e+02,4.333886677840638230e-04
4.941623378300504896e+02,3.822806425438614124e-04
4.942371542324471534e+02,5.560154540500401692e-04
4.943119706348438172e+02,2.165870089048955300e-04
4.943867870372405378e+02,4.945602262642108263e-04
4.944616034396372015e+02,8.468300428766077767e-04
4.945364198420338653e+02,5.991812977183347483e-04
4.946112362444305290e+02,4.482873843401662052e-04
4.946860526468272496e+02,4.341485589388472776e-04
4.947608690492239134e+02,1.237645024115744232e-03
4.948356854516205772e+02,1.088978679432299696e-03
4.949105018540172409e+02,8.071550472728649230e-04
4.949853182564139615e+02,1.011572557737814562e-03
4.950601346588106253e+02,7.583254088707052113e-04
4.951349510612072891e+02,4.424353440611444583e-04
4.952097674636039528e+02,5.743048446975337982e-04
4.952845838660006166e+02,7.916270269103574484e-04
4.953594002683973372e+02,1.497042814866324885e-03
4.954342166707940009e+02,1.479217227344848361e-03
4.955090330731906647e+02,6.192590847888037328e-04
4.955838494755873285e+02,2.404401348625440061e-04
4.956586658779840491e+02,8.009037678108982478e-04
4.957334822803807128e+02,1.308235415773487294e-03
4.958082986827773766e+02,7.234259549556449221e-04
4.958831150851740404e+02,1.906273319818208478e-04
4.959579314875707610e+02,6.166125361992826721e-04
4.960327478899674247e+02,1.056681001126735710e-03
4.961075642923640885e+02,9.367788898343228522e-04
4.961823806947607522e+02,7.427319680875660041e-04
4.962571970971574160e+02,7.881273989280207287e-04
4.963320134995541366e+02,4.893913763088205207e-04
4.964068299019508004e+02,1.064253526964680581e-04
4.964816463043474641e+02,3.863478049176961274e-04
4.965564627067441279e+02,9.377441033210634144e-04
4.966312791091408485e+02,1.720520313168928412e-03
4.967060955115375123e+02,1.291921221797243460e-03
4.967809119139341760e+02,2.264950785945400887e-04
4.968557283163308398e+02,1.336775365293077587e-05
4.969305447187275604e+02,9.549093950355586145e-04
4.970053611211242242e+02,9.344127473693037301e-04
4.970801775235208879e+02,5.655277831960484015e-04
4.971549939259175517e+02,6.886205375948367333e-04
4.972298103283142154e+02,3.366644525637823757e-04
4.973046267307109360e+02,2.879009996459160710e-04
4.973794431331075998e+02,2.332334387809923966e-04
4.974542595355042636e+02,8.171719783484401303e-04
4.975290759379009273e+02,1.192967057965638004e-03
4.976038923402976479e+02,1.516764084874647547e-03
4.976787087426943117e+02,1.577726754293364095e-03
4.977535251450909755e+02,1.491876023117255342e-03
4.978283415474876392e+02,1.423753961432087196e-03
4.979031579498843598e+02,1.350492994942158621e-03
4.979779743522810236e+02,1.344576113694487306e-03
4.980527907546776873e+02,1.248889747355586910e-03
4.981276071570743511e+02,1.042275757587757777e-03
4.982024235594710149e+02,4.222675411016390688e-04
4.982772399618677355e+02,6.578283510685178481e-04
4.983520563642643992e+02,6.747956487924730400e-04
4.984268727666610630e+02,7.331680182301176900e-04
4.985016891690577268e+02,7.012398746472297368e-04
4.985765055714544474e+02,1.354726313220761067e-03
4.986513219738511111e+02,1.299686409481860729e-03
4.987261383762477749e+02,4.381774557441227140e-04
4.988009547786444386e+02,1.345591634345957421e-03
4.988757711810411593e+02,1.359213407716477725e-03
4.989505875834378230e+02,1.263719317980493886e-03
4.990254039858344868e+02,1.356793463640139970e-03
4.991002203882311505e+02,1.360433616550473955e-03
4.991750367906278143e+02,1.027864460550349020e-03
4.992498531930245349e+02,1.553290780038332135e-04
4.993246695954211987e+02,5.495407277009377572e-04
4.993994859978178624e+02,8.273599839144064969e-04
4.994743024002145262e+02,1.125793614354104631e-03
4.995491188026112468e+02,9.293018390122939924e-04
4.996239352050079106e+02,1.530226912014313228e-04
4.996987516074045743e+02,1.797633255350088383e-03
4.997735680098012381e+02,1.859986654980227061e-03
4.998483844121979018e+02,3.112718601056708306e-04
4.999232008145946224e+02,2.479262802902891180e-03
4.999980172169912862e+02,2.033894989630111866e-03
